-0.7396  	0.18621  	0.13053  	-0.0668  	-0.2667  	-0.2086  	1.17332  	0.31722  	0.37940  	1.42703  	0.89092  	1.17608  	0.04120  	-0.2508  	0.17044  	-0.0151  	0.41966  	1.03060  	0.15138  	-0.1134  	-0.4344  	0.07915  	0.67686  	-0.4167  	0.01339  	0.14302  	0.38902  	-0.5027  	-0.1611  	-0.0519  	0.09894  	-0.0661  	-0.4080  	0.09613  	0.08451  	0.22708  	-0.0697  	0.07475  	-0.0162  	0.04447  	0.17929  	0.00656  	0.06524  	0.23556  	0.03225  	0.02378  	-0.0804  	0.21332  	0.08800  	-0.0090  	0.01600  	0.02149  	-0.0606  	0.00239  	0.00015  	0.02727  	-0.0099  	0.04286  	0.00322  	-0.0109  	0.00534  	0.01720  	0.04454  	0.00846  	0.21899  	0.17035  	-0.1203  	0.00453  	0.00751  	1.29566  	1.27433  	123.652  	115.631  	
-0.7044  	0.18451  	0.10265  	0.05397  	-0.2120  	-0.1515  	1.17299  	0.34951  	0.37623  	1.40785  	0.86224  	1.22731  	0.05011  	-0.2534  	0.35741  	-0.0736  	0.45121  	1.00849  	0.19181  	-0.1672  	-0.3859  	0.14925  	0.69013  	-0.3693  	0.05215  	0.12415  	0.47371  	-0.5517  	-0.1882  	-0.0445  	0.10716  	-0.0460  	-0.3998  	0.09682  	0.12277  	0.20713  	-0.0312  	0.07313  	-0.0485  	0.03174  	0.13842  	0.02367  	0.04456  	0.23210  	0.02015  	0.03485  	-0.0788  	0.21500  	0.10314  	-0.0220  	0.01248  	0.02064  	-0.0631  	0.00495  	-0.0030  	0.03736  	-0.0063  	0.03637  	0.02138  	-0.0178  	-0.0005  	0.02069  	0.01756  	-0.0037  	0.21899  	0.17035  	-0.1203  	0.00453  	0.00751  	1.29566  	1.27433  	123.652  	115.631  	
-0.7020  	0.17707  	0.07538  	0.07489  	-0.2127  	-0.1020  	1.15442  	0.32300  	0.37428  	1.38309  	0.78379  	1.21126  	0.06713  	-0.2842  	0.43203  	-0.0467  	0.46778  	1.01314  	0.21672  	-0.1446  	-0.4355  	0.14550  	0.69434  	-0.4263  	0.10504  	0.13044  	0.45977  	-0.4984  	-0.1282  	-0.0031  	0.09753  	-0.0524  	-0.3865  	0.11401  	0.11699  	0.18540  	-0.0438  	0.08829  	-0.0483  	0.02526  	0.12126  	0.00946  	0.03746  	0.23915  	0.02269  	0.03511  	-0.0739  	0.22101  	0.10082  	-0.0313  	0.01744  	0.01411  	-0.0714  	0.00503  	-0.0016  	0.04070  	-0.0098  	0.03193  	0.01599  	-0.0187  	0.00324  	0.01340  	0.02153  	-0.0073  	0.21899  	0.17035  	-0.1203  	0.00453  	0.00751  	1.29566  	1.27433  	123.652  	115.631  	
-0.6503  	0.20076  	0.14928  	-0.0894  	-0.2996  	-0.0628  	1.15330  	0.25611  	0.40172  	1.41586  	0.78378  	1.17323  	-0.0047  	-0.4153  	0.32271  	-0.0367  	0.50860  	1.04063  	0.24543  	-0.1671  	-0.4185  	0.10631  	0.75490  	-0.4150  	0.11336  	0.15329  	0.46181  	-0.5317  	-0.1446  	-0.0383  	0.09083  	-0.0352  	-0.3923  	0.10367  	0.02919  	0.19892  	-0.0270  	0.10269  	-0.0397  	0.04004  	0.14160  	0.00254  	0.05317  	0.25232  	0.03436  	0.03613  	-0.0785  	0.23519  	0.08701  	-0.0145  	0.00165  	0.00956  	-0.0683  	0.01040  	-0.0007  	0.03245  	-0.0154  	0.03447  	0.00764  	-0.0129  	-0.0031  	0.00391  	0.02865  	-0.0015  	0.21899  	0.17035  	-0.1203  	0.00453  	0.00751  	1.29566  	1.27433  	123.652  	115.631  	
-0.7535  	0.17202  	0.20444  	-0.3563  	-0.4389  	-0.1677  	1.17935  	0.26221  	0.39681  	1.49225  	0.90193  	1.06338  	-0.0933  	-0.6165  	0.10030  	-0.0517  	0.49775  	1.08738  	0.23378  	-0.1724  	-0.4321  	0.06148  	0.81550  	-0.4129  	0.03337  	0.15606  	0.40255  	-0.5893  	-0.1660  	-0.1054  	0.11026  	-0.0382  	-0.4178  	0.10412  	-0.0080  	0.22878  	-0.0440  	0.12437  	-0.0533  	0.04399  	0.22922  	-0.0441  	0.09403  	0.25847  	0.02263  	0.03447  	-0.0726  	0.21453  	0.09865  	-0.0113  	0.02444  	0.01266  	-0.0624  	0.00395  	0.00646  	0.02106  	-0.0167  	0.04319  	0.00691  	-0.0094  	-0.0095  	0.01002  	0.05052  	0.00183  	0.21899  	0.17035  	-0.1203  	0.00453  	0.00751  	1.29566  	1.27433  	123.652  	115.631  	
-1.0012  	0.09318  	0.12358  	-0.7564  	-0.6159  	-0.4085  	1.20123  	0.16462  	0.34973  	1.60303  	1.13346  	0.97598  	-0.1390  	-0.6794  	-0.2154  	-0.1155  	0.46584  	1.11144  	0.22197  	-0.1213  	-0.4444  	0.02333  	0.80479  	-0.4034  	0.05669  	0.13195  	0.40993  	-0.6297  	-0.2104  	-0.1285  	0.17443  	-0.0604  	-0.4169  	0.09382  	-0.0392  	0.32659  	-0.0111  	0.09470  	-0.0478  	0.03283  	0.22341  	-0.0199  	0.06877  	0.25708  	0.02559  	0.02605  	-0.0782  	0.19549  	0.08943  	-0.0092  	0.02158  	0.00701  	-0.0645  	0.00186  	0.00679  	0.02719  	-0.0113  	0.04396  	0.00441  	-0.0133  	0.00062  	0.01644  	0.05715  	0.00948  	0.21899  	0.17035  	-0.1203  	0.00453  	0.00751  	1.29566  	1.27433  	123.652  	115.631  	
-1.2162  	0.03039  	0.01580  	-0.7922  	-0.5898  	-0.4851  	1.13272  	0.19411  	0.35134  	1.58148  	1.32453  	1.03095  	-0.1282  	-0.6799  	-0.2073  	-0.1757  	0.54203  	1.00198  	0.22022  	-0.1908  	-0.3057  	0.03165  	0.92490  	-0.3455  	-0.0614  	0.18185  	0.45864  	-0.6962  	-0.3067  	-0.1457  	0.15578  	-0.0554  	-0.4027  	0.08112  	0.00055  	0.26428  	0.02833  	0.10665  	-0.0897  	-0.0064  	0.20230  	0.01886  	0.03349  	0.21546  	0.03427  	0.03419  	-0.0761  	0.19086  	0.09138  	-0.0108  	0.02148  	0.01414  	-0.0682  	0.00832  	-0.0044  	0.02826  	-0.0204  	0.04536  	0.01237  	-0.0074  	-0.0002  	0.02650  	0.02566  	-0.0018  	0.21899  	0.17035  	-0.1203  	0.00453  	0.00751  	1.29566  	1.27433  	123.652  	115.631  	
-1.4165  	-0.0222  	-0.0068  	-1.0622  	-0.7194  	-0.5879  	1.11448  	0.22117  	0.36640  	1.62002  	1.51295  	0.95171  	-0.1968  	-0.8120  	-0.3211  	-0.2649  	0.51793  	0.96692  	0.22320  	-0.2024  	-0.2335  	0.03349  	1.02848  	-0.3469  	-0.1913  	0.18171  	0.42288  	-0.7649  	-0.3882  	-0.2071  	0.16994  	-0.0711  	-0.4018  	0.08102  	0.04194  	0.17299  	0.10007  	0.13449  	-0.1160  	-0.0528  	0.19664  	0.01231  	0.01949  	0.21038  	0.04002  	0.03180  	-0.0821  	0.18778  	0.07537  	-0.0103  	0.00452  	0.02059  	-0.0685  	0.00407  	-0.0101  	0.02301  	-0.0220  	0.04011  	0.00244  	-0.0188  	0.00628  	0.02957  	0.03799  	0.00224  	0.21899  	0.17035  	-0.1203  	0.00453  	0.00751  	1.29566  	1.27433  	123.652  	115.631  	
-1.4130  	-0.0043  	-0.0459  	-1.1254  	-0.7617  	-0.6252  	1.10443  	0.23534  	0.35948  	1.65380  	1.49711  	0.96861  	-0.2278  	-0.8207  	-0.3862  	-0.2619  	0.51156  	0.97294  	0.24407  	-0.2205  	-0.2508  	0.06629  	1.03478  	-0.3804  	-0.1882  	0.19277  	0.44305  	-0.7633  	-0.3677  	-0.2113  	0.15655  	-0.0688  	-0.3957  	0.07624  	0.01415  	0.17145  	0.09365  	0.14443  	-0.0966  	-0.0334  	0.20580  	0.00903  	0.02639  	0.22289  	0.02814  	0.02917  	-0.0834  	0.19316  	0.07234  	-0.0085  	0.00223  	0.01489  	-0.0679  	0.00636  	-0.0092  	0.02124  	-0.0251  	0.03963  	0.00203  	-0.0145  	0.00488  	0.02771  	0.04176  	0.00850  	0.21899  	0.17035  	-0.1203  	0.00453  	0.00751  	1.29566  	1.27433  	123.652  	115.631  	
-1.3680  	0.01593  	0.03181  	-1.0541  	-0.8002  	-0.5655  	1.05240  	0.31053  	0.36133  	1.64562  	1.43579  	0.91552  	-0.2274  	-0.7978  	-0.4093  	-0.2713  	0.54395  	0.94926  	0.29433  	-0.2395  	-0.1774  	0.04499  	1.03157  	-0.3674  	-0.1724  	0.19219  	0.46668  	-0.7832  	-0.3755  	-0.2080  	0.14561  	-0.0519  	-0.4428  	0.07040  	-0.0003  	0.15555  	0.10554  	0.14495  	-0.0839  	-0.0521  	0.22406  	-0.0083  	0.03470  	0.22520  	0.02804  	0.03525  	-0.0845  	0.19198  	0.06023  	-0.0108  	-0.0012  	0.01384  	-0.0655  	0.00386  	-0.0148  	0.02087  	-0.0260  	0.03914  	0.00274  	-0.0187  	0.00404  	0.02777  	0.03663  	0.01193  	0.21899  	0.17035  	-0.1203  	0.00453  	0.00751  	1.29566  	1.27433  	123.652  	115.631  	
-1.2230  	0.07726  	0.11419  	-0.9771  	-0.8400  	-0.5209  	1.02459  	0.36092  	0.37260  	1.61071  	1.37284  	0.87045  	-0.2108  	-0.7422  	-0.3558  	-0.2451  	0.56589  	0.93655  	0.31431  	-0.2645  	-0.1710  	0.04348  	1.00411  	-0.3496  	-0.0972  	0.17561  	0.50635  	-0.8220  	-0.3517  	-0.1783  	0.15114  	-0.0400  	-0.4613  	0.06915  	0.00887  	0.16917  	0.12810  	0.15874  	-0.0788  	-0.0519  	0.23174  	-0.0191  	0.04478  	0.22868  	0.01969  	0.03816  	-0.0786  	0.19577  	0.07339  	-0.0166  	0.00301  	0.01160  	-0.0655  	0.00122  	-0.0127  	0.02878  	-0.0268  	0.03969  	0.00947  	-0.0128  	0.00409  	0.01923  	0.03767  	0.00474  	0.21899  	0.17035  	-0.1203  	0.00453  	0.00751  	1.29566  	1.27433  	123.652  	115.631  	
-1.0400  	0.06750  	0.17591  	-0.9259  	-0.8582  	-0.4046  	1.06363  	0.32965  	0.39673  	1.61574  	1.22410  	0.89348  	-0.1794  	-0.7465  	-0.3087  	-0.2012  	0.56302  	1.02880  	0.29065  	-0.2623  	-0.2709  	0.04666  	0.96661  	-0.3450  	-0.0223  	0.14911  	0.52708  	-0.7970  	-0.3424  	-0.1611  	0.15859  	-0.0355  	-0.4652  	0.05100  	-0.0425  	0.23317  	0.05996  	0.15736  	-0.0881  	0.00217  	0.23710  	-0.0257  	0.06562  	0.23155  	0.01964  	0.03609  	-0.0729  	0.20024  	0.08661  	-0.0143  	0.01032  	0.01292  	-0.0672  	0.00101  	-0.0097  	0.01624  	-0.0246  	0.03826  	0.00724  	-0.0061  	-0.0020  	0.01818  	0.04769  	0.00619  	0.21899  	0.17035  	-0.1203  	0.00453  	0.00751  	1.29566  	1.27433  	123.652  	115.631  	
-0.8817  	0.13800  	0.18199  	-0.6089  	-0.6925  	-0.2403  	1.10411  	0.27710  	0.37871  	1.46539  	1.04040  	1.02300  	-0.1318  	-0.6891  	-0.0403  	-0.1468  	0.53090  	1.05650  	0.26367  	-0.2151  	-0.3050  	0.08939  	0.93786  	-0.4032  	-0.0464  	0.16589  	0.49358  	-0.6745  	-0.2976  	-0.1412  	0.15316  	-0.0382  	-0.4192  	0.06214  	-0.0621  	0.22802  	0.02975  	0.11923  	-0.0717  	0.01807  	0.25913  	-0.0329  	0.10367  	0.24896  	0.03341  	0.03466  	-0.0704  	0.21431  	0.07896  	-0.0058  	0.01893  	0.01442  	-0.0672  	0.00746  	-0.0097  	0.02561  	-0.0139  	0.02690  	0.00818  	-0.0083  	-0.0006  	0.01719  	0.03937  	0.00246  	0.21899  	0.17035  	-0.1203  	0.00453  	0.00751  	1.29566  	1.27433  	123.652  	115.631  	
-0.6815  	0.18839  	0.30812  	-0.3576  	-0.6129  	-0.0462  	1.07594  	0.29318  	0.40676  	1.37991  	0.91471  	1.02469  	-0.0921  	-0.6778  	0.17153  	-0.0948  	0.56179  	1.02033  	0.27199  	-0.2305  	-0.3123  	0.06729  	0.90046  	-0.4002  	0.01965  	0.16452  	0.53512  	-0.6927  	-0.2887  	-0.1237  	0.10104  	0.00280  	-0.4115  	0.07536  	0.03979  	0.24273  	0.06289  	0.16563  	-0.0939  	-0.0215  	0.22446  	-0.0424  	0.09673  	0.25388  	0.02595  	0.02737  	-0.0751  	0.21843  	0.09400  	-0.0281  	0.01354  	0.01433  	-0.0549  	0.01030  	-0.0032  	0.03086  	-0.0234  	0.04108  	0.02055  	-0.0102  	-0.0015  	0.00883  	0.03354  	0.00328  	0.21899  	0.17035  	-0.1203  	0.00453  	0.00751  	1.29566  	1.27433  	123.652  	115.631  	
-0.5979  	0.21363  	0.37374  	-0.3472  	-0.5274  	-0.0439  	1.10420  	0.26331  	0.39077  	1.45340  	1.02062  	1.02689  	-0.1522  	-0.6514  	0.03539  	0.06893  	0.50696  	1.00256  	0.28538  	-0.2195  	-0.2766  	0.08390  	0.82998  	-0.3693  	0.01124  	0.11801  	0.54693  	-0.7705  	-0.3285  	-0.1293  	0.07909  	0.01769  	-0.4199  	0.07405  	0.08358  	0.28347  	0.13655  	0.16827  	-0.1278  	0.00640  	0.21349  	-0.0192  	0.08619  	0.24293  	0.03154  	0.03748  	-0.0798  	0.21805  	0.09358  	-0.0154  	0.01662  	0.01214  	-0.0568  	0.00686  	-0.0015  	0.03559  	-0.0173  	0.03925  	0.01368  	-0.0066  	-0.0054  	0.01206  	0.03647  	-0.0018  	0.21899  	0.17035  	-0.1203  	0.00453  	0.00751  	1.29566  	1.27433  	123.652  	115.631  	
-0.5908  	0.18960  	0.43253  	-0.3805  	-0.5646  	-0.0861  	1.09391  	0.31166  	0.34828  	1.49166  	1.09335  	1.01432  	-0.1209  	-0.7832  	-0.0623  	0.08306  	0.54417  	0.87815  	0.34987  	-0.4571  	-0.2715  	-0.1542  	0.52433  	-0.3920  	-0.0045  	0.20930  	0.55522  	-0.7864  	-0.2368  	-0.1478  	0.19617  	-0.0296  	-0.5467  	-0.0961  	-0.0022  	0.30698  	0.00208  	0.16329  	-0.2283  	-0.0771  	0.27971  	0.12768  	-0.0318  	0.32055  	-0.0345  	0.05197  	-0.1020  	0.24979  	0.07759  	-0.0295  	0.03808  	0.02194  	-0.0464  	0.02212  	0.01023  	0.03025  	-0.0095  	0.02816  	0.01564  	0.00274  	-0.0018  	-0.0079  	0.03564  	0.00067  	0.21899  	0.17035  	-0.1203  	0.00453  	0.00751  	1.29566  	1.27433  	123.652  	115.631  	
-0.6069  	0.19248  	0.46965  	-0.4174  	-0.5912  	-0.1157  	1.09350  	0.33021  	0.33070  	1.45922  	1.09316  	0.98816  	-0.0991  	-0.8593  	-0.0464  	0.01058  	0.64270  	0.74529  	0.38759  	-0.6595  	-0.2258  	-0.3438  	0.32250  	-0.3801  	-0.0762  	0.29736  	0.53818  	-0.8628  	-0.1446  	-0.1574  	0.29561  	-0.0472  	-0.6254  	-0.2225  	-0.0792  	0.28264  	-0.0699  	0.15370  	-0.3162  	-0.1242  	0.36931  	0.21814  	-0.1151  	0.40186  	-0.0764  	0.06304  	-0.1263  	0.25308  	0.07390  	-0.0452  	0.03457  	0.02016  	-0.0511  	0.03558  	0.01697  	0.02615  	-0.0138  	0.01916  	0.00694  	0.00771  	0.00545  	-0.0102  	0.02403  	0.00750  	0.21899  	0.17035  	-0.1203  	0.00453  	0.00751  	1.29566  	1.27433  	123.652  	115.631  	
-0.8802  	0.14102  	0.20448  	-0.4279  	-0.5526  	-0.3404  	1.08208  	0.33707  	0.34195  	1.41800  	1.08332  	1.05529  	-0.0536  	-0.7079  	0.04572  	-0.2041  	0.71231  	0.69778  	0.39617  	-0.7462  	-0.2184  	-0.3901  	0.31825  	-0.3777  	-0.0476  	0.34485  	0.49578  	-0.8353  	-0.1029  	-0.1657  	0.34929  	-0.1263  	-0.6247  	-0.2659  	-0.1085  	0.25775  	-0.1255  	0.12192  	-0.3154  	-0.1516  	0.36153  	0.26275  	-0.1569  	0.37812  	-0.0915  	0.07096  	-0.1148  	0.24424  	0.06747  	-0.0347  	0.04490  	0.01934  	-0.0574  	0.04496  	0.01359  	0.02596  	-0.0140  	0.01418  	0.01707  	0.02116  	0.00292  	0.01410  	0.01308  	0.01803  	0.21899  	0.17035  	-0.1203  	0.00453  	0.00751  	1.29566  	1.27433  	123.652  	115.631  	
-1.0423  	0.09581  	0.13005  	-0.5312  	-0.5391  	-0.4022  	1.03102  	0.33869  	0.32641  	1.41742  	1.20908  	1.08588  	-0.0545  	-0.7409  	0.20298  	-0.3106  	0.70382  	0.70501  	0.37752  	-0.6911  	-0.1302  	-0.3714  	0.44611  	-0.3519  	-0.1345  	0.33937  	0.52589  	-0.8763  	-0.1699  	-0.1761  	0.34762  	-0.1038  	-0.5662  	-0.2093  	-0.0570  	0.14619  	-0.0906  	0.13870  	-0.3294  	-0.1501  	0.32920  	0.22154  	-0.1907  	0.37149  	-0.0719  	0.06222  	-0.1000  	0.22506  	0.04176  	-0.0389  	0.02007  	0.02605  	-0.0620  	0.04315  	0.00426  	0.02103  	-0.0158  	0.01845  	0.00992  	0.01195  	0.00991  	-0.0075  	0.01206  	0.00754  	0.21899  	0.17035  	-0.1203  	0.00453  	0.00751  	1.29566  	1.27433  	123.652  	115.631  	
-1.0003  	0.09540  	0.13608  	-0.6434  	-0.6619  	-0.2658  	1.05657  	0.26105  	0.33292  	1.48443  	1.18716  	1.03409  	-0.1142  	-0.7789  	-0.0174  	-0.2470  	0.62053  	0.87848  	0.30873  	-0.4769  	-0.3025  	-0.1682  	0.71199  	-0.3933  	-0.1086  	0.26304  	0.40367  	-0.7415  	-0.1721  	-0.1653  	0.26746  	-0.0898  	-0.5439  	-0.0869  	-0.1190  	0.23186  	-0.0879  	0.13025  	-0.1878  	-0.0853  	0.31725  	0.10699  	-0.0405  	0.31513  	-0.0180  	0.05447  	-0.0957  	0.21685  	0.06173  	-0.0174  	0.01548  	0.02376  	-0.0624  	0.02239  	0.00374  	0.01725  	-0.0138  	0.03138  	0.01181  	-0.0029  	0.00492  	0.00310  	0.02749  	0.00247  	0.21899  	0.17035  	-0.1203  	0.00453  	0.00751  	1.29566  	1.27433  	123.652  	115.631  	
-0.9299  	0.10458  	0.18862  	-0.6473  	-0.6863  	-0.1614  	1.09791  	0.20880  	0.36088  	1.46551  	1.04191  	1.03305  	-0.1587  	-0.7572  	-0.0779  	-0.1276  	0.52972  	1.07261  	0.25142  	-0.1976  	-0.4313  	0.07662  	0.95870  	-0.4533  	-0.0513  	0.17780  	0.37610  	-0.5974  	-0.1806  	-0.1394  	0.17397  	-0.0486  	-0.4395  	0.08417  	-0.1507  	0.25668  	-0.0252  	0.12768  	-0.0452  	0.02163  	0.28625  	-0.0353  	0.10987  	0.26050  	0.02805  	0.02841  	-0.0602  	0.21664  	0.08401  	-0.0072  	0.00913  	0.01653  	-0.0634  	0.00636  	0.00234  	0.01797  	-0.0117  	0.04120  	0.01018  	-0.0126  	0.00210  	0.01319  	0.04717  	0.00786  	0.21899  	0.17035  	-0.1203  	0.00453  	0.00751  	1.29566  	1.27433  	123.652  	115.631  	
-0.7854  	0.13524  	0.24899  	-0.3939  	-0.5501  	-0.2123  	1.09284  	0.21178  	0.38754  	1.48805  	1.03681  	1.07856  	-0.1246  	-0.6906  	-0.0342  	-0.0733  	0.49210  	1.04231  	0.24429  	-0.1346  	-0.4403  	0.09401  	0.80522  	-0.4418  	-0.0289  	0.15027  	0.35035  	-0.5352  	-0.1854  	-0.1101  	0.10745  	-0.0248  	-0.4159  	0.11546  	-0.0344  	0.27178  	-0.0091  	0.11709  	-0.0441  	0.01418  	0.26147  	-0.0434  	0.09354  	0.23805  	0.03098  	0.03205  	-0.0738  	0.22768  	0.08981  	-0.0098  	0.00844  	0.01124  	-0.0609  	0.00021  	-0.0007  	0.02758  	-0.0149  	0.03656  	0.00742  	-0.0148  	0.00156  	0.00256  	0.04203  	0.00414  	0.21899  	0.17035  	-0.1203  	0.00453  	0.00751  	1.29566  	1.27433  	123.652  	115.631  	
-0.8622  	0.16034  	0.16486  	-0.5139  	-0.5265  	-0.2911  	1.14426  	0.22788  	0.37200  	1.52368  	1.08969  	1.06044  	-0.1667  	-0.6270  	-0.1312  	-0.0206  	0.48724  	1.04103  	0.23950  	-0.1748  	-0.4037  	0.08873  	0.81492  	-0.3835  	0.03602  	0.16031  	0.43662  	-0.5928  	-0.1866  	-0.1009  	0.09339  	-0.0575  	-0.4374  	0.10187  	-0.0012  	0.33281  	0.00086  	0.12425  	-0.0490  	0.02678  	0.21394  	-0.0171  	0.06140  	0.21397  	0.02833  	0.03089  	-0.0711  	0.21753  	0.09775  	-0.0110  	0.02709  	0.01053  	-0.0582  	0.00291  	0.00489  	0.01426  	-0.0059  	0.04673  	0.01740  	-0.0176  	-0.0064  	-0.0042  	0.05661  	0.01264  	0.21899  	0.17035  	-0.1203  	0.00453  	0.00751  	1.29566  	1.27433  	123.652  	115.631  	
-1.0961  	0.08101  	0.02965  	-0.5796  	-0.5416  	-0.3563  	1.12965  	0.22717  	0.34536  	1.54491  	1.23198  	1.05744  	-0.1314  	-0.6110  	-0.1381  	-0.1469  	0.49999  	0.97929  	0.22706  	-0.1381  	-0.3551  	0.05547  	0.84926  	-0.3490  	-0.0146  	0.17355  	0.44692  	-0.6567  	-0.2700  	-0.1384  	0.11617  	-0.0532  	-0.3927  	0.09122  	0.02225  	0.28741  	0.00696  	0.09720  	-0.0847  	0.00539  	0.17018  	0.02662  	0.03790  	0.22268  	0.05297  	0.03526  	-0.0706  	0.19374  	0.09106  	-0.0056  	0.02421  	0.01386  	-0.0620  	0.01328  	-0.0039  	0.01858  	-0.0139  	0.04382  	0.02264  	-0.0005  	-0.0047  	0.01272  	0.03033  	0.00339  	0.21899  	0.17035  	-0.1203  	0.00453  	0.00751  	1.29566  	1.27433  	123.652  	115.631  	
-1.2993  	0.02323  	-0.0025  	-0.8391  	-0.6424  	-0.4471  	1.12309  	0.22282  	0.36488  	1.56795  	1.38959  	1.02451  	-0.1759  	-0.7373  	-0.1883  	-0.2604  	0.51172  	0.98830  	0.21119  	-0.1883  	-0.2217  	0.03075  	0.96367  	-0.3441  	-0.1411  	0.17479  	0.44535  	-0.7183  	-0.3492  	-0.1943  	0.13813  	-0.0827  	-0.3989  	0.08539  	0.05058  	0.19637  	0.06698  	0.11109  	-0.1065  	-0.0321  	0.19512  	0.02007  	0.01732  	0.20588  	0.03968  	0.03574  	-0.0748  	0.17767  	0.08009  	-0.0119  	0.01121  	0.01413  	-0.0708  	0.00501  	-0.0124  	0.02692  	-0.0199  	0.03933  	0.00636  	-0.0190  	0.00195  	0.02059  	0.02587  	-0.0038  	0.21899  	0.17035  	-0.1203  	0.00453  	0.00751  	1.29566  	1.27433  	123.652  	115.631  	
-1.3408  	0.01249  	0.05085  	-0.9917  	-0.7236  	-0.5506  	1.08360  	0.30111  	0.36552  	1.63812  	1.44900  	0.97510  	-0.2054  	-0.7428  	-0.3132  	-0.2674  	0.52263  	0.95425  	0.27102  	-0.2455  	-0.2007  	0.04128  	1.02853  	-0.3771  	-0.1548  	0.17778  	0.47192  	-0.7963  	-0.3568  	-0.1901  	0.15572  	-0.0771  	-0.4295  	0.06680  	0.02770  	0.17375  	0.12287  	0.14643  	-0.0892  	-0.0529  	0.21407  	0.00262  	0.03140  	0.22331  	0.04020  	0.03965  	-0.0861  	0.18668  	0.06588  	-0.0047  	0.00018  	0.01517  	-0.0713  	0.00085  	-0.0094  	0.02397  	-0.0277  	0.04220  	0.00629  	-0.0203  	0.00342  	0.02829  	0.04109  	0.00340  	0.21899  	0.17035  	-0.1203  	0.00453  	0.00751  	1.29566  	1.27433  	123.652  	115.631  	
-1.1962  	0.04410  	0.10655  	-0.9784  	-0.8303  	-0.5331  	1.04012  	0.33861  	0.37058  	1.61390  	1.34356  	0.89268  	-0.1959  	-0.7444  	-0.3421  	-0.2463  	0.55632  	0.95173  	0.30435  	-0.2818  	-0.2081  	0.04246  	1.01084  	-0.3737  	-0.0859  	0.16629  	0.52259  	-0.8084  	-0.3513  	-0.1664  	0.15994  	-0.0412  	-0.4485  	0.06226  	-0.0100  	0.19447  	0.11584  	0.15274  	-0.0853  	-0.0493  	0.23496  	-0.0136  	0.05005  	0.23427  	0.02568  	0.04002  	-0.0748  	0.19346  	0.07572  	-0.0078  	0.00073  	0.00923  	-0.0670  	0.00165  	-0.0104  	0.02516  	-0.0297  	0.04044  	0.00968  	-0.0129  	0.00561  	0.01827  	0.04273  	0.00149  	0.21899  	0.17035  	-0.1203  	0.00453  	0.00751  	1.29566  	1.27433  	123.652  	115.631  	
-0.9932  	0.09813  	0.20089  	-0.9847  	-0.8922  	-0.3404  	1.06421  	0.33385  	0.39110  	1.64308  	1.13153  	0.88290  	-0.1698  	-0.6935  	-0.1684  	-0.2474  	0.56617  	1.02286  	0.31239  	-0.2632  	-0.2327  	0.11433  	1.04415  	-0.4159  	-0.0192  	0.15317  	0.53330  	-0.7740  	-0.3541  	-0.1550  	0.19355  	-0.0384  	-0.4514  	0.06421  	-0.0897  	0.18784  	0.07846  	0.14348  	-0.0915  	0.01852  	0.27188  	-0.0320  	0.09734  	0.26849  	0.02103  	0.02301  	-0.0691  	0.20373  	0.09372  	-0.0151  	-0.0017  	0.01161  	-0.0635  	0.00915  	-0.0110  	0.01590  	-0.0355  	0.03184  	0.00013  	-0.0115  	0.00700  	0.03826  	0.03960  	0.00422  	0.21899  	0.17035  	-0.1203  	0.00453  	0.00751  	1.29566  	1.27433  	123.652  	115.631  	
-1.0624  	0.10102  	0.17361  	-0.8918  	-0.8401  	-0.3162  	1.12311  	0.22880  	0.38770  	1.55861  	1.10712  	0.91065  	-0.1580  	-0.8119  	-0.2085  	-0.1729  	0.57007  	1.05407  	0.29050  	-0.2045  	-0.3685  	0.09478  	0.99825  	-0.4614  	-0.0563  	0.18663  	0.43094  	-0.6618  	-0.2541  	-0.1765  	0.19034  	-0.0469  	-0.4336  	0.07642  	-0.1634  	0.22403  	0.00842  	0.14015  	-0.0623  	0.00670  	0.29395  	-0.0347  	0.12431  	0.25276  	0.02453  	0.02443  	-0.0709  	0.21347  	0.09520  	-0.0166  	0.00394  	0.01337  	-0.0698  	0.00848  	-0.0100  	0.01762  	-0.0275  	0.03186  	0.00075  	-0.0064  	0.00471  	0.03186  	0.04623  	0.01051  	0.21899  	0.17035  	-0.1203  	0.00453  	0.00751  	1.29566  	1.27433  	123.652  	115.631  	
-1.1313  	0.08267  	0.07676  	-0.8061  	-0.7346  	-0.3717  	1.13392  	0.16807  	0.37281  	1.56629  	1.20493  	0.97099  	-0.1881  	-0.8732  	-0.1705  	-0.1783  	0.54655  	1.02712  	0.24817  	-0.1873  	-0.3666  	0.04941  	0.95180  	-0.4502  	-0.0465  	0.18588  	0.44747  	-0.6598  	-0.2528  	-0.1810  	0.15419  	-0.0395  	-0.4219  	0.09210  	-0.0903  	0.25894  	0.02000  	0.13478  	-0.0716  	-0.0043  	0.26572  	-0.0235  	0.08105  	0.24389  	0.03151  	0.03547  	-0.0688  	0.19461  	0.07554  	-0.0055  	0.00985  	0.01380  	-0.0598  	0.00883  	-0.0041  	0.01848  	-0.0211  	0.03962  	0.00625  	-0.0093  	0.00644  	0.01813  	0.04244  	0.00556  	0.21899  	0.17035  	-0.1203  	0.00453  	0.00751  	1.29566  	1.27433  	123.652  	115.631  	
-1.0872  	0.07471  	0.08090  	-0.8012  	-0.7206  	-0.4088  	1.10684  	0.21497  	0.37114  	1.52119  	1.25092  	0.96372  	-0.1866  	-0.8171  	-0.1553  	-0.1702  	0.52417  	1.02332  	0.22692  	-0.2038  	-0.2986  	0.04270  	0.95876  	-0.4090  	-0.0756  	0.17721  	0.46654  	-0.7130  	-0.3211  	-0.1824  	0.13496  	-0.0328  	-0.4440  	0.07824  	-0.0368  	0.23634  	0.07094  	0.15287  	-0.0972  	-0.0107  	0.25500  	-0.0254  	0.05993  	0.23501  	0.02994  	0.02971  	-0.0621  	0.19036  	0.07590  	-0.0073  	0.00840  	0.01433  	-0.0583  	0.01016  	-0.0021  	0.01907  	-0.0161  	0.03944  	0.00376  	-0.0063  	0.00035  	0.01317  	0.04210  	0.01048  	0.21899  	0.17035  	-0.1203  	0.00453  	0.00751  	1.29566  	1.27433  	123.652  	115.631  	
-1.0947  	0.09442  	0.14294  	-0.8023  	-0.7417  	-0.3639  	1.11341  	0.24435  	0.39241  	1.53581  	1.25148  	0.95744  	-0.1512  	-0.7245  	-0.1262  	-0.1597  	0.53626  	0.99799  	0.21498  	-0.2234  	-0.3286  	0.08633  	0.9982  	-0.3763  	-0.0842  	0.19322  	0.43837  	-0.7233  	-0.2967  	-0.2034  	0.16501  	-0.0541  	-0.4243  	0.08040  	-0.0661  	0.21688  	0.04694  	0.14114  	-0.0792  	-0.0202  	0.25418  	-0.0166  	0.08175  	0.23163  	0.01943  	0.02671  	-0.0621  	0.21289  	0.08203  	-0.0103  	0.01146  	0.01976  	-0.0624  	0.00939  	-0.0052  	0.01732  	-0.0217  	0.03742  	0.00651  	-0.0085  	0.00291  	0.01933  	0.04651  	0.01020  	0.21899  	0.17035  	-0.1203  	0.00453  	0.00751  	1.29566  	1.27433  	123.652  	115.631  	
-1.1738  	0.07480  	0.05612  	-0.7374  	-0.6529  	-0.3878  	1.07363  	0.20509  	0.38744  	1.49717  	1.24378  	1.05699  	-0.1529  	-0.7769  	-0.1904  	-0.1159  	0.54203  	1.07286  	0.24214  	-0.1495  	-0.3846  	0.03514  	0.95370  	-0.4445  	-0.1967  	0.20818  	0.29633  	-0.5508  	-0.2615  	-0.2444  	0.18801  	-0.0614  	-0.4039  	0.08682  	-0.0916  	0.23094  	-0.0437  	0.10413  	-0.0420  	-0.0082  	0.24100  	-0.0286  	0.07074  	0.22913  	0.01218  	0.03102  	-0.0695  	0.22587  	0.08061  	-0.0096  	0.01699  	0.01608  	-0.0660  	0.00080  	0.00037  	0.02272  	-0.0194  	0.04393  	0.00863  	-0.0072  	0.00490  	0.02561  	0.04448  	0.00849  	0.21899  	0.17035  	-0.1203  	0.00453  	0.00751  	1.29566  	1.27433  	123.652  	115.631  	
-1.4276  	0.00085  	-0.0446  	-1.0770  	-0.8210  	-0.5249  	1.12874  	0.15511  	0.37718  	1.60274  	1.45536  	0.98282  	-0.2135  	-0.9616  	-0.4686  	-0.1712  	0.51619  	1.04776  	0.22498  	-0.1081  	-0.3859  	0.06018  	0.90176  	-0.5022  	-0.2289  	0.23276  	0.25370  	-0.5453  	-0.3235  	-0.2844  	0.19366  	-0.0566  	-0.3975  	0.08089  	-0.1258  	0.28133  	-0.0129  	0.12015  	-0.0564  	-0.0737  	0.24445  	-0.0206  	0.08089  	0.19270  	0.03112  	0.02395  	-0.0693  	0.21723  	0.09419  	0.00122  	-0.0091  	0.01275  	-0.0595  	0.01112  	0.00322  	0.00948  	-0.0211  	0.03788  	0.00953  	-0.0046  	0.00089  	0.01165  	0.05816  	0.01763  	0.21899  	0.17035  	-0.1203  	0.00453  	0.00751  	1.29566  	1.27433  	123.652  	115.631  	
-1.4577  	-0.0369  	-0.0548  	-1.1410  	-0.8129  	-0.6045  	1.12824  	0.17670  	0.35836  	1.64695  	1.50825  	0.93667  	-0.2197  	-0.9045  	-0.4559  	-0.2508  	0.51991  	1.00758  	0.23637  	-0.1782  	-0.3297  	0.06670  	0.93850  	-0.4483  	-0.1873  	0.21575  	0.31645  	-0.6540  	-0.3452  	-0.2664  	0.19636  	-0.0581  	-0.4080  	0.07220  	-0.0957  	0.23329  	0.02619  	0.12392  	-0.0762  	-0.0674  	0.25574  	-0.0263  	0.07469  	0.19208  	0.03762  	0.02168  	-0.0738  	0.21361  	0.08077  	-0.0007  	-0.0119  	0.01563  	-0.0606  	0.00944  	0.00145  	0.00628  	-0.0237  	0.03586  	0.00396  	-0.0035  	0.00163  	0.01928  	0.05835  	0.01551  	0.21899  	0.17035  	-0.1203  	0.00453  	0.00751  	1.29566  	1.27433  	123.652  	115.631  	
-1.4122  	-0.0155  	0.01822  	-1.1193  	-0.8294  	-0.6170  	1.05026  	0.30457  	0.38353  	1.64263  	1.51136  	0.88471  	-0.2501  	-0.8315  	-0.4801  	-0.2745  	0.55868  	0.94246  	0.28887  	-0.2360  	-0.2174  	0.07095  	1.01390  	-0.3461  	-0.1541  	0.21812  	0.43938  	-0.7824  	-0.4080  	-0.2521  	0.18638  	-0.0478  	-0.4137  	0.07620  	-0.0257  	0.16283  	0.10633  	0.14642  	-0.0993  	-0.0681  	0.23984  	-0.0157  	0.05274  	0.21077  	0.02315  	0.02850  	-0.0736  	0.20814  	0.06704  	-0.0101  	-0.0073  	0.01586  	-0.0626  	0.01037  	-0.0090  	0.01612  	-0.0214  	0.04061  	0.00456  	-0.0047  	0.00527  	0.02120  	0.04930  	0.01033  	0.21899  	0.17035  	-0.1203  	0.00453  	0.00751  	1.29566  	1.27433  	123.652  	115.631  	
-1.1015  	0.08003  	0.12478  	-0.9938  	-0.8548  	-0.5580  	1.03462  	0.30965  	0.36410  	1.60426  	1.26165  	0.90855  	-0.1668  	-0.7300  	-0.2231  	-0.2824  	0.57081  	0.98030  	0.32454  	-0.2894  	-0.2366  	0.11191  	1.02686  	-0.3268  	-0.0456  	0.16799  	0.56228  	-0.8598  	-0.3815  	-0.1558  	0.20252  	-0.0507  	-0.4395  	0.06258  	-0.0465  	0.21032  	0.12033  	0.15860  	-0.1009  	-0.0214  	0.24621  	-0.0144  	0.05983  	0.23425  	0.02522  	0.02999  	-0.0759  	0.20743  	0.07723  	-0.0360  	-0.0043  	0.01391  	-0.0758  	0.00514  	-0.0089  	0.01006  	-0.0286  	0.03678  	0.01151  	-0.0080  	-0.0018  	0.02178  	0.04642  	0.00637  	0.21899  	0.17035  	-0.1203  	0.00453  	0.00751  	1.29566  	1.27433  	123.652  	115.631  	
-0.7998  	0.11866  	0.24584  	-0.8062  	-0.7866  	-0.1857  	1.03831  	0.31560  	0.40550  	1.46078  	1.13113  	0.92356  	-0.1564  	-0.7996  	-0.2113  	-0.0355  	0.58336  	1.04646  	0.31639  	-0.2854  	-0.2920  	0.05913  	1.01871  	-0.4370  	-0.0318  	0.16203  	0.50795  	-0.7676  	-0.3162  	-0.1591  	0.11634  	-0.0025  	-0.4262  	0.04993  	-0.0523  	0.22918  	0.12520  	0.17665  	-0.1207  	-0.0498  	0.30316  	-0.0472  	0.12532  	0.25891  	0.04466  	0.04400  	-0.0667  	0.21592  	0.08271  	-0.0071  	-0.0024  	0.01125  	-0.0618  	0.00956  	-0.0032  	0.02153  	-0.0245  	0.03735  	0.01673  	-0.0161  	0.00209  	0.01642  	0.05235  	0.00475  	0.21899  	0.17035  	-0.1203  	0.00453  	0.00751  	1.29566  	1.27433  	123.652  	115.631  	
-0.6959  	0.16847  	0.36807  	-0.5726  	-0.6957  	-0.1220  	1.07350  	0.27966  	0.38015  	1.51925  	1.12187  	1.01729  	-0.1645  	-0.7922  	-0.1368  	0.04310  	0.53121  	1.05040  	0.29133  	-0.2034  	-0.3581  	0.06279  	0.90480  	-0.4560  	-0.0406  	0.15950  	0.41129  	-0.6761  	-0.2927  	-0.1651  	0.12314  	-0.0177  	-0.4412  	0.06547  	-0.0373  	0.26193  	0.09004  	0.17638  	-0.0997  	-0.0011  	0.27981  	-0.0377  	0.12555  	0.24652  	0.01870  	0.03747  	-0.0683  	0.21902  	0.08529  	-0.0154  	0.02192  	0.01372  	-0.0528  	-0.0015  	0.00260  	0.02471  	-0.0128  	0.03504  	0.00954  	-0.0111  	-0.0015  	0.00912  	0.04446  	0.00790  	0.21899  	0.17035  	-0.1203  	0.00453  	0.00751  	1.29566  	1.27433  	123.652  	115.631  	
-0.7537  	0.13183  	0.36742  	-0.5137  	-0.6651  	-0.1523  	1.05660  	0.22361  	0.36039  	1.54510  	1.17583  	1.02031  	-0.2036  	-0.8285  	-0.1092  	0.04728  	0.49840  	1.00334  	0.28002  	-0.1820  	-0.3080  	0.04427  	0.88097  	-0.3970  	-0.0108  	0.13752  	0.47761  	-0.7080  	-0.3196  	-0.1652  	0.11029  	0.01570  	-0.4448  	0.06017  	0.03440  	0.29590  	0.10932  	0.17620  	-0.1248  	-0.0110  	0.23424  	-0.0211  	0.08069  	0.23159  	0.01087  	0.04029  	-0.0686  	0.21673  	0.08136  	-0.0076  	0.02711  	0.01572  	-0.0552  	0.00663  	-0.0005  	0.02587  	-0.0073  	0.03890  	0.01222  	-0.0054  	-0.0017  	0.00206  	0.05045  	0.00711  	0.21899  	0.17035  	-0.1203  	0.00453  	0.00751  	1.29566  	1.27433  	123.652  	115.631  	
-0.8001  	0.11153  	0.22876  	-0.6132  	-0.7314  	-0.1608  	1.08168  	0.16619  	0.32496  	1.46279  	1.19641  	0.95086  	-0.2402  	-0.8414  	-0.0746  	-0.0386  	0.51839  	0.98698  	0.24828  	-0.2620  	-0.2639  	0.07322  	0.92441  	-0.3600  	-0.0337  	0.13379  	0.53300  	-0.7697  	-0.3584  	-0.1670  	0.12113  	0.02154  	-0.4672  	0.06943  	0.06423  	0.29537  	0.15931  	0.17984  	-0.1522  	-0.0255  	0.23404  	-0.0265  	0.06938  	0.24054  	0.03003  	0.03445  	-0.0668  	0.18957  	0.08006  	-0.0115  	0.02217  	0.02028  	-0.0521  	0.00758  	-0.0009  	0.02932  	-0.0113  	0.04517  	0.01363  	-0.0094  	-0.0022  	0.00423  	0.05040  	0.00712  	0.21899  	0.17035  	-0.1203  	0.00453  	0.00751  	1.29566  	1.27433  	123.652  	115.631  	
-0.7421  	0.12448  	0.28564  	-0.6065  	-0.7206  	-0.1449  	1.12227  	0.19850  	0.36118  	1.47645  	1.20552  	0.92947  	-0.2134  	-0.7902  	-0.0869  	-0.0004  	0.50389  	0.98916  	0.24517  	-0.2573  	-0.2711  	0.05798  	0.92112  	-0.3636  	-0.0239  	0.13884  	0.52458  	-0.7535  	-0.4001  	-0.1663  	0.12477  	0.02835  	-0.4616  	0.07303  	0.08531  	0.28994  	0.17680  	0.17806  	-0.1620  	-0.0417  	0.21501  	-0.0221  	0.06616  	0.23588  	0.03207  	0.02638  	-0.0674  	0.19209  	0.08200  	-0.0171  	0.01683  	0.01607  	-0.0528  	0.00533  	0.00301  	0.02764  	-0.0122  	0.04266  	0.00949  	-0.0121  	-0.0072  	0.01056  	0.05323  	0.01034  	0.21899  	0.17035  	-0.1203  	0.00453  	0.00751  	1.29566  	1.27433  	123.652  	115.631  	
-0.7566  	0.12909  	0.36935  	-0.6712  	-0.7358  	-0.1596  	1.09896  	0.17158  	0.37314  	1.55743  	1.16327  	0.98389  	-0.2017  	-0.8303  	-0.2534  	0.06338  	0.51226  	1.03875  	0.26085  	-0.1772  	-0.4163  	0.01858  	0.84763  	-0.4233  	-0.0450  	0.15214  	0.41543  	-0.6705  	-0.3108  	-0.1688  	0.11290  	0.02586  	-0.4413  	0.08301  	0.00950  	0.32138  	0.07870  	0.16084  	-0.1171  	0.01662  	0.27541  	-0.0147  	0.10029  	0.23965  	0.01476  	0.03409  	-0.0674  	0.20504  	0.09680  	-0.0129  	0.02148  	0.01667  	-0.0577  	0.01133  	0.00148  	0.02292  	-0.0162  	0.04181  	0.01021  	-0.0094  	-0.0066  	0.01273  	0.04455  	0.00490  	0.21899  	0.17035  	-0.1203  	0.00453  	0.00751  	1.29566  	1.27433  	123.652  	115.631  	
-0.9394  	0.08329  	0.19582  	-0.7310  	-0.7719  	-0.2711  	1.10710  	0.15413  	0.34466  	1.60336  	1.15275  	0.95193  	-0.1678  	-0.7929  	-0.2971  	-0.0417  	0.50491  	1.02804  	0.25767  	-0.2067  	-0.4245  	0.03588  	0.87911  	-0.4325  	0.00857  	0.16268  	0.43431  	-0.6179  	-0.2725  	-0.1626  	0.13941  	0.00259  	-0.4433  	0.06896  	-0.0221  	0.34087  	0.03552  	0.14089  	-0.1065  	0.01349  	0.24948  	-0.0136  	0.10921  	0.24546  	0.03839  	0.03221  	-0.0648  	0.20330  	0.08197  	-0.0151  	0.02175  	0.01742  	-0.0564  	0.01750  	-0.0012  	0.02070  	-0.0142  	0.03982  	0.01619  	-0.0028  	-0.0015  	0.00747  	0.04508  	0.00833  	0.21899  	0.17035  	-0.1203  	0.00453  	0.00751  	1.29566  	1.27433  	123.652  	115.631  	
-1.1604  	0.07946  	0.12595  	-0.8466  	-0.7842  	-0.3988  	1.08492  	0.13320  	0.35953  	1.56381  	1.17644  	0.92825  	-0.2182  	-0.8233  	-0.2293  	-0.0913  	0.55383  	1.01720  	0.27950  	-0.2625  	-0.3571  	0.02129  	0.95621  	-0.4163  	0.02424  	0.16074  	0.48523  	-0.7261  	-0.3622  	-0.1502  	0.14059  	-0.0166  	-0.4529  	0.06901  	-0.0324  	0.33320  	0.07588  	0.14205  	-0.1305  	-0.0216  	0.24495  	-0.0106  	0.06241  	0.23194  	0.02396  	0.03083  	-0.0655  	0.18856  	0.06839  	0.00214  	0.01889  	0.01703  	-0.0573  	0.01374  	-0.0033  	0.02545  	-0.0189  	0.03753  	0.01374  	0.00163  	-0.0057  	0.02263  	0.05242  	0.01212  	0.21899  	0.17035  	-0.1203  	0.00453  	0.00751  	1.29566  	1.27433  	123.652  	115.631  	
-1.0825  	0.13268  	0.18422  	-0.8951  	-0.8537  	-0.3618  	1.06842  	0.16310  	0.35015  	1.54128  	1.22439  	0.88209  	-0.2471  	-0.8126  	-0.1729  	-0.1793  	0.57450  	0.99119  	0.28492  	-0.3210  	-0.2672  	0.04775  	1.02360  	-0.4329  	-0.0462  	0.18536  	0.51017  	-0.7848  	-0.3666  	-0.1606  	0.13895  	-0.0054  	-0.4629  	0.06703  	-0.0537  	0.28540  	0.11421  	0.16277  	-0.1555  	-0.0342  	0.26771  	-0.0312  	0.06939  	0.24898  	0.02781  	0.02906  	-0.0676  	0.20035  	0.06777  	-0.0085  	0.01359  	0.01719  	-0.0585  	0.01687  	-0.0068  	0.02399  	-0.0171  	0.04073  	0.01260  	-0.0063  	0.00044  	0.01554  	0.04468  	0.00080  	0.21899  	0.17035  	-0.1203  	0.00453  	0.00751  	1.29566  	1.27433  	123.652  	115.631  	
-0.8364  	0.08236  	0.18974  	-0.5809  	-0.6710  	-0.2190  	1.06935  	0.16108  	0.32568  	1.52562  	1.12681  	1.00738  	-0.2167  	-0.9448  	-0.2590  	0.02900  	0.53772  	1.03287  	0.25183  	-0.2383  	-0.4031  	0.01862  	0.89295  	-0.3946  	-0.0041  	0.17417  	0.52832  	-0.6652  	-0.3436  	-0.1184  	0.11305  	0.01677  	-0.4725  	0.06573  	-0.0434  	0.29963  	0.07134  	0.14652  	-0.1202  	0.01349  	0.21233  	-0.0192  	0.07141  	0.25274  	0.01850  	0.03446  	-0.0712  	0.20287  	0.08659  	-0.0104  	0.01044  	0.01688  	-0.0595  	0.00602  	0.00033  	0.01959  	-0.0115  	0.04294  	0.00759  	-0.0201  	-0.0104  	0.00678  	0.05613  	0.00368  	0.21899  	0.17035  	-0.1203  	0.00453  	0.00751  	1.29566  	1.27433  	123.652  	115.631  	
-0.6510  	0.10950  	0.32866  	-0.3407  	-0.5585  	-0.0729  	1.09095  	0.24147  	0.33786  	1.49529  	1.11559  	1.09943  	-0.1701  	-0.8382  	-0.1280  	0.15411  	0.52987  	0.99906  	0.29818  	-0.2095  	-0.3169  	0.03470  	0.81239  	-0.3121  	0.02907  	0.15008  	0.60511  	-0.7158  	-0.3689  	-0.1324  	0.08556  	0.05314  	-0.4619  	0.04324  	0.06894  	0.34236  	0.09148  	0.17795  	-0.1464  	0.00704  	0.18319  	-0.0095  	0.07085  	0.26174  	0.03575  	0.03455  	-0.0725  	0.21788  	0.08891  	-0.0155  	0.02126  	0.01038  	-0.0501  	0.00640  	0.00296  	0.02282  	-0.0081  	0.04394  	0.01123  	-0.0039  	-0.0085  	-0.0023  	0.05045  	0.00323  	0.21899  	0.17035  	-0.1203  	0.00453  	0.00751  	1.29566  	1.27433  	123.652  	115.631  	
-0.2810  	0.30711  	0.51591  	-0.1739  	-0.4533  	0.08837  	1.15529  	0.39904  	0.44230  	1.40091  	0.85707  	1.04420  	0.01944  	-0.4009  	0.41660  	-0.0021  	0.53568  	0.88581  	0.24340  	-0.3031  	-0.1627  	0.12098  	0.86927  	-0.2547  	-0.0001  	0.12692  	0.67455  	-0.8846  	-0.4030  	-0.1114  	0.08016  	0.02793  	-0.4102  	0.06466  	0.17461  	0.19764  	0.15940  	0.16115  	-0.1234  	0.02980  	0.15957  	0.00010  	0.07084  	0.25578  	0.00943  	0.03150  	-0.0885  	0.23763  	0.09927  	-0.0049  	0.03899  	0.01331  	-0.0533  	0.00040  	-0.0015  	0.04492  	-0.0125  	0.03394  	0.00876  	-0.0023  	-0.0017  	0.01859  	0.03882  	0.00558  	0.21899  	0.17035  	-0.1203  	0.00453  	0.00751  	1.29566  	1.27433  	123.652  	115.631  	
-0.2944  	0.29231  	0.51529  	-0.2254  	-0.4755  	0.10190  	1.20166  	0.40289  	0.43118  	1.42418  	0.81532  	0.94217  	0.03324  	-0.3239  	0.38893  	-0.0803  	0.52923  	0.89781  	0.23975  	-0.3534  	-0.2232  	0.21375  	0.89744  	-0.3612  	0.11311  	0.11601  	0.66736  	-0.9164  	-0.3326  	-0.0865  	0.11353  	-0.0145  	-0.4219  	0.08754  	0.10212  	0.21271  	0.10289  	0.16501  	-0.0867  	0.03206  	0.17688  	-0.0090  	0.10771  	0.28283  	0.00771  	0.02787  	-0.0914  	0.26202  	0.11317  	-0.0256  	0.02245  	0.01419  	-0.0567  	0.00555  	0.00196  	0.03977  	-0.0165  	0.04094  	0.00306  	-0.0096  	0.00015  	0.01729  	0.04714  	0.00488  	0.21899  	0.17035  	-0.1203  	0.00453  	0.00751  	1.29566  	1.27433  	123.652  	115.631  	
-0.5002  	0.24033  	0.37621  	-0.0937  	-0.4604  	0.00281  	1.14789  	0.34786  	0.42699  	1.43044  	0.89156  	0.96449  	-0.0251  	-0.3078  	0.49940  	-0.0577  	0.56385  	0.91299  	0.22517  	-0.2942  	-0.1804  	0.14098  	0.89075  	-0.2940  	0.06378  	0.12722  	0.69522  	-0.9078  	-0.4049  	-0.0767  	0.11004  	0.02933  	-0.4179  	0.07153  	0.15958  	0.15782  	0.16499  	0.15347  	-0.1377  	0.02267  	0.12407  	-0.0193  	0.05764  	0.26362  	0.01202  	0.03836  	-0.0804  	0.23004  	0.08918  	-0.0101  	0.01481  	0.01762  	-0.0598  	0.00839  	0.00248  	0.03430  	-0.0205  	0.03441  	0.01032  	-0.0075  	0.00012  	0.01363  	0.03187  	-0.0037  	0.21899  	0.17035  	-0.1203  	0.00453  	0.00751  	1.29566  	1.27433  	123.652  	115.631  	
-0.6366  	0.16211  	0.28415  	-0.2030  	-0.4187  	-0.0216  	1.14625  	0.25729  	0.36376  	1.34484  	0.87429  	1.07040  	-0.1223  	-0.5406  	0.31381  	-0.0276  	0.58001  	0.97068  	0.27365  	-0.3216  	-0.2645  	0.10073  	0.91934  	-0.2564  	0.01230  	0.14798  	0.59640  	-0.7756  	-0.3541  	-0.0850  	0.09950  	0.02548  	-0.4473  	0.06545  	0.08224  	0.16673  	0.17368  	0.16990  	-0.1513  	-0.0124  	0.16681  	-0.0055  	0.04827  	0.25884  	0.03355  	0.04168  	-0.0816  	0.19938  	0.07922  	-0.0190  	-0.0004  	0.00452  	-0.0619  	-0.0059  	-0.0050  	0.03240  	-0.0070  	0.04206  	0.01866  	-0.0085  	-0.0129  	0.02180  	0.03584  	-6.2800  	0.21899  	0.17035  	-0.1203  	0.00453  	0.00751  	1.29566  	1.27433  	123.652  	115.631  	
-0.5744  	0.16598  	0.33057  	-0.3051  	-0.5203  	-0.0325  	1.11455  	0.23255  	0.38653  	1.40997  	0.97809  	1.01817  	-0.1586  	-0.6946  	0.10306  	0.02923  	0.51461  	1.00891  	0.25955  	-0.2524  	-0.3039  	0.11885  	0.87938  	-0.3315  	0.04383  	0.13565  	0.56109  	-0.7603  	-0.3136  	-0.1055  	0.08445  	0.02262  	-0.4350  	0.07540  	0.03857  	0.27264  	0.12416  	0.16442  	-0.1183  	0.00966  	0.19502  	-0.0159  	0.08294  	0.26254  	0.02543  	0.03471  	-0.0765  	0.21386  	0.09266  	-0.0197  	0.01959  	0.01796  	-0.0523  	0.00326  	-0.0015  	0.03111  	-0.0136  	0.03628  	0.01405  	-0.0054  	-0.0077  	0.00130  	0.04260  	0.00529  	0.21899  	0.17035  	-0.1203  	0.00453  	0.00751  	1.29566  	1.27433  	123.652  	115.631  	
-0.4831  	0.15995  	0.46658  	-0.3206  	-0.5642  	0.01342  	1.13502  	0.26828  	0.39560  	1.45594  	1.01188  	1.02294  	-0.1502  	-0.7129  	-0.0241  	0.10772  	0.49512  	1.03154  	0.27360  	-0.2304  	-0.2822  	0.08633  	0.83334  	-0.3141  	0.05907  	0.10496  	0.61234  	-0.7202  	-0.3412  	-0.1191  	0.07175  	0.04216  	-0.4487  	0.06473  	0.06599  	0.28669  	0.12372  	0.16149  	-0.1336  	0.02172  	0.19816  	-0.0183  	0.07652  	0.25914  	0.02564  	0.02944  	-0.0867  	0.22326  	0.09932  	-0.0200  	0.02536  	0.01658  	-0.0520  	0.00101  	-0.0003  	0.03511  	-0.0082  	0.03711  	0.00978  	-0.0036  	0.00010  	0.00037  	0.04532  	0.00871  	0.21899  	0.17035  	-0.1203  	0.00453  	0.00751  	1.29566  	1.27433  	123.652  	115.631  	
-0.5065  	0.20951  	0.39481  	-0.3077  	-0.5195  	-0.0370  	1.16892  	0.26768  	0.41676  	1.49038  	0.96654  	1.00461  	-0.1160  	-0.6372  	-0.0014  	0.03614  	0.48855  	1.05103  	0.25993  	-0.1729  	-0.3682  	0.06773  	0.80862  	-0.3981  	0.10589  	0.09865  	0.54736  	-0.6394  	-0.2534  	-0.0908  	0.07552  	0.00885  	-0.4433  	0.08135  	0.02826  	0.30515  	0.07706  	0.14540  	-0.0845  	0.01591  	0.21114  	-0.0239  	0.08863  	0.24935  	0.02918  	0.03356  	-0.0794  	0.22221  	0.09470  	-0.0228  	0.01672  	0.01208  	-0.0588  	0.00489  	-0.0014  	0.03398  	-0.0139  	0.03940  	0.01222  	-0.0120  	-0.0057  	0.00829  	0.05480  	0.00252  	0.21899  	0.17035  	-0.1203  	0.00453  	0.00751  	1.29566  	1.27433  	123.652  	115.631  	
-0.7298  	0.14499  	0.18470  	-0.3836  	-0.5247  	-0.1941  	1.16302  	0.26611  	0.38525  	1.43972  	1.07498  	1.01855  	-0.0987  	-0.5706  	-0.0593  	-0.0634  	0.51172  	1.04186  	0.23221  	-0.1791  	-0.3637  	0.07780  	0.80617  	-0.3475  	0.09569  	0.13411  	0.50416  	-0.6243  	-0.2453  	-0.1213  	0.09010  	-0.0378  	-0.4333  	0.07553  	0.04323  	0.29297  	0.04326  	0.12813  	-0.0954  	0.01480  	0.19966  	-0.0160  	0.08086  	0.21767  	0.03305  	0.02964  	-0.0766  	0.21147  	0.09445  	0.00118  	0.02723  	0.00708  	-0.0595  	0.00351  	-8.4340  	0.03263  	-0.0095  	0.03359  	0.01601  	-0.0073  	-0.0082  	0.01754  	0.03785  	0.01476  	0.21899  	0.17035  	-0.1203  	0.00453  	0.00751  	1.29566  	1.27433  	123.652  	115.631  	
-0.9713  	0.10522  	0.04820  	-0.4093  	-0.4075  	-0.3950  	1.16060  	0.20368  	0.33422  	1.48492  	1.14852  	1.06079  	-0.1151  	-0.5436  	0.10022  	-0.1716  	0.50077  	0.99113  	0.19348  	-0.1943  	-0.2712  	0.00783  	0.81003  	-0.2964  	-0.0067  	0.15531  	0.50808  	-0.6695  	-0.3013  	-0.1172  	0.10564  	-0.0336  	-0.3838  	0.08467  	0.11728  	0.20232  	0.05987  	0.10438  	-0.1144  	0.03690  	0.16683  	0.02319  	-0.0004  	0.22145  	0.03330  	0.03628  	-0.0603  	0.19380  	0.08021  	-0.0212  	0.00925  	0.01744  	-0.0570  	0.01012  	-0.0115  	0.02042  	-0.0153  	0.02853  	0.01420  	-2.0563  	0.00322  	0.01650  	0.03461  	0.00213  	0.21899  	0.17035  	-0.1203  	0.00453  	0.00751  	1.29566  	1.27433  	123.652  	115.631  	
-0.7782  	0.19604  	0.11702  	-0.2215  	-0.4268  	-0.1093  	1.12180  	0.31529  	0.40432  	1.35752  	0.86041  	1.13644  	-0.0495  	-0.4340  	0.35614  	-0.0991  	0.51820  	0.98423  	0.25169  	-0.2249  	-0.3330  	0.08100  	0.85063  	-0.3678  	0.03132  	0.15881  	0.52777  	-0.6653  	-0.2766  	-0.1027  	0.10461  	-0.0542  	-0.4385  	0.09000  	0.08393  	0.19615  	0.02626  	0.12399  	-0.0796  	0.03973  	0.13393  	-0.0019  	0.06338  	0.24761  	0.03424  	0.03247  	-0.0736  	0.20761  	0.08165  	-0.0171  	0.00694  	0.01080  	-0.0687  	0.01491  	-0.0016  	0.03255  	-0.0120  	0.03867  	0.01513  	-0.0060  	-0.0107  	0.01165  	0.03805  	0.00026  	0.21899  	0.17035  	-0.1203  	0.00453  	0.00751  	1.29566  	1.27433  	123.652  	115.631  	
-0.5863  	0.23171  	0.36308  	-0.2655  	-0.5025  	0.03529  	1.13772  	0.34949  	0.44204  	1.36463  	0.86461  	1.04526  	-0.0760  	-0.4753  	0.23038  	0.00542  	0.55979  	0.99602  	0.27094  	-0.2384  	-0.2929  	0.11173  	0.87865  	-0.3967  	0.07793  	0.13030  	0.54308  	-0.7021  	-0.2766  	-0.0904  	0.08903  	-0.0045  	-0.3980  	0.08725  	0.00487  	0.16760  	0.09259  	0.16680  	-0.0855  	0.01856  	0.21316  	-0.0306  	0.09933  	0.25611  	0.03060  	0.03203  	-0.0754  	0.22230  	0.09438  	-0.0040  	-0.0012  	0.01387  	-0.0645  	0.01138  	-0.0064  	0.03181  	-0.0111  	0.03765  	0.01529  	-0.0177  	-0.0058  	0.01217  	0.03970  	0.00022  	0.21899  	0.17035  	-0.1203  	0.00453  	0.00751  	1.29566  	1.27433  	123.652  	115.631  	
-0.6325  	0.18869  	0.37705  	-0.3761  	-0.5161  	0.03855  	1.17263  	0.28401  	0.42307  	1.39261  	0.97828  	0.99170  	-0.1138  	-0.5984  	0.05418  	0.02500  	0.51617  	1.01790  	0.29582  	-0.2459  	-0.2835  	0.07870  	0.90466  	-0.3784  	0.06376  	0.13488  	0.56001  	-0.7170  	-0.2955  	-0.1124  	0.09062  	0.00678  	-0.4259  	0.09270  	0.04965  	0.20464  	0.12669  	0.18748  	-0.0938  	-0.0011  	0.24052  	-0.0325  	0.08498  	0.25519  	0.02029  	0.03007  	-0.0824  	0.22508  	0.09219  	-0.0237  	0.00540  	0.01443  	-0.0589  	0.01331  	0.00802  	0.03713  	-0.0176  	0.04471  	0.01520  	-0.0141  	0.00456  	0.00557  	0.04016  	-0.0004  	0.21899  	0.17035  	-0.1203  	0.00453  	0.00751  	1.29566  	1.27433  	123.652  	115.631  	
-0.8170  	0.13371  	0.24163  	-0.5217  	-0.6232  	-0.1206  	1.06725  	0.18114  	0.34889  	1.39981  	1.08681  	0.96529  	-0.2175  	-0.8077  	-0.0395  	-0.0300  	0.50792  	1.00006  	0.28639  	-0.3077  	-0.2425  	0.09728  	0.95861  	-0.3248  	-0.0032  	0.13779  	0.61555  	-0.8396  	-0.4091  	-0.1334  	0.08545  	0.02759  	-0.4336  	0.06601  	0.06720  	0.26401  	0.12919  	0.17407  	-0.1368  	-0.0117  	0.21641  	0.00167  	0.06773  	0.25299  	0.01812  	0.04336  	-0.0777  	0.19870  	0.06941  	-0.0077  	0.02469  	0.01719  	-0.0419  	0.00551  	-0.0067  	0.03234  	-0.0068  	0.04691  	0.01379  	-0.0095  	0.00123  	0.01106  	0.04231  	0.00819  	0.21899  	0.17035  	-0.1203  	0.00453  	0.00751  	1.29566  	1.27433  	123.652  	115.631  	
-0.6903  	0.12480  	0.26934  	-0.5847  	-0.6780  	-0.0902  	1.03982  	0.18299  	0.36505  	1.48634  	1.14151  	0.95645  	-0.1938  	-0.8781  	-0.2010  	0.07181  	0.53324  	0.99498  	0.29029  	-0.2709  	-0.2874  	0.05157  	0.93605  	-0.3880  	0.01018  	0.14202  	0.51884  	-0.7776  	-0.4093  	-0.1498  	0.11187  	0.01311  	-0.4552  	0.05831  	0.02609  	0.29818  	0.14988  	0.17161  	-0.1319  	-0.0304  	0.23039  	-0.0222  	0.09069  	0.25055  	0.02229  	0.04360  	-0.0694  	0.20690  	0.07895  	-0.0057  	0.01651  	0.01842  	-0.0519  	0.01036  	0.00068  	0.02678  	-0.0179  	0.04247  	0.00956  	-0.0099  	-0.0071  	-0.0009  	0.04634  	0.00602  	0.21899  	0.17035  	-0.1203  	0.00453  	0.00751  	1.29566  	1.27433  	123.652  	115.631  	
-0.7818  	0.09675  	0.35309  	-0.6487  	-0.7388  	-0.1854  	1.08157  	0.21236  	0.35261  	1.57588  	1.14735  	1.01451  	-0.2034  	-0.8796  	-0.2957  	0.10804  	0.50528  	1.05983  	0.27703  	-0.2126  	-0.4105  	0.05053  	0.83878  	-0.4315  	0.02050  	0.14777  	0.45973  	-0.6983  	-0.2903  	-0.1539  	0.11749  	0.02576  	-0.4532  	0.06751  	-0.0071  	0.32870  	0.07042  	0.16474  	-0.1002  	0.00645  	0.27273  	-0.0168  	0.10919  	0.24901  	0.02042  	0.03139  	-0.0726  	0.21793  	0.09544  	-0.0160  	0.02302  	0.01219  	-0.0555  	0.01088  	0.00659  	0.02504  	-0.0118  	0.03811  	0.00659  	-0.0108  	-0.0029  	0.00471  	0.04475  	0.00720  	0.21899  	0.17035  	-0.1203  	0.00453  	0.00751  	1.29566  	1.27433  	123.652  	115.631  	
-0.9853  	0.07420  	0.17558  	-0.6835  	-0.7468  	-0.2463  	1.10069  	0.14333  	0.33988  	1.56064  	1.13066  	0.94820  	-0.2070  	-0.8577  	-0.2528  	-0.0129  	0.53242  	0.99978  	0.26200  	-0.2288  	-0.4020  	0.04922  	0.89568  	-0.3977  	0.05381  	0.15020  	0.47917  	-0.6568  	-0.2324  	-0.1357  	0.14191  	0.00290  	-0.4743  	0.06496  	-0.0389  	0.36322  	0.03606  	0.14606  	-0.1126  	0.01711  	0.25796  	-0.0223  	0.10331  	0.25643  	0.03067  	0.03561  	-0.0678  	0.19171  	0.07790  	-0.0106  	0.01836  	0.01818  	-0.0547  	0.00879  	0.00292  	0.01771  	-0.0146  	0.04242  	0.01190  	-0.0024  	-0.0021  	0.00107  	0.04811  	0.01259  	0.21899  	0.17035  	-0.1203  	0.00453  	0.00751  	1.29566  	1.27433  	123.652  	115.631  	
-1.0263  	0.10660  	0.22992  	-0.7804  	-0.8324  	-0.3395  	1.02289  	0.23726  	0.33150  	1.49130  	1.19952  	0.93542  	-0.1907  	-0.9031  	-0.0726  	-0.1903  	0.67045  	0.82237  	0.34306  	-0.6031  	-0.2111  	-0.1837  	0.76195  	-0.3900  	-0.1026  	0.29150  	0.51694  	-0.9043  	-0.2959  	-0.1898  	0.26465  	-0.0461  	-0.5692  	-0.1144  	-0.1074  	0.23794  	0.03560  	0.17443  	-0.2572  	-0.1175  	0.34620  	0.11131  	-0.0397  	0.32850  	-0.0315  	0.05213  	-0.0962  	0.20961  	0.04355  	-0.0125  	0.01655  	0.02147  	-0.0501  	0.03012  	0.00811  	0.02062  	-0.0247  	0.03152  	0.01840  	0.00543  	0.00159  	0.01029  	0.03351  	0.01201  	0.21899  	0.17035  	-0.1203  	0.00453  	0.00751  	1.29566  	1.27433  	123.652  	115.631  	
-0.9118  	0.16063  	0.30977  	-0.7155  	-0.7376  	-0.2819  	0.99653  	0.31915  	0.31804  	1.41270  	1.16961  	0.96717  	-0.1460  	-0.8923  	0.03834  	-0.2133  	0.72809  	0.67538  	0.39168  	-0.8246  	-0.1592  	-0.3256  	0.60562  	-0.3790  	-0.1908  	0.36286  	0.49172  	-0.9759  	-0.2310  	-0.2124  	0.35763  	-0.0835  	-0.6297  	-0.2370  	-0.1490  	0.18232  	-0.0215  	0.18804  	-0.3494  	-0.1796  	0.41596  	0.21004  	-0.1318  	0.39638  	-0.0878  	0.07025  	-0.1122  	0.23099  	0.04622  	-0.0295  	0.01870  	0.02380  	-0.0565  	0.04151  	0.00884  	0.01343  	-0.0217  	0.02012  	0.01332  	0.00559  	0.00444  	0.01163  	0.02075  	0.00907  	0.21899  	0.17035  	-0.1203  	0.00453  	0.00751  	1.29566  	1.27433  	123.652  	115.631  	
-0.8287  	0.18862  	0.33729  	-0.5487  	-0.6785  	-0.1871  	1.03035  	0.33987  	0.33026  	1.42335  	1.10767  	1.04314  	-0.0822  	-0.8144  	0.03741  	-0.1956  	0.70247  	0.66918  	0.39887  	-0.8060  	-0.2104  	-0.3723  	0.48456  	-0.4206  	-0.2135  	0.38340  	0.46299  	-0.9091  	-0.1177  	-0.2177  	0.36821  	-0.1059  	-0.6045  	-0.2591  	-0.1847  	0.19332  	-0.1000  	0.16230  	-0.3474  	-0.1549  	0.42087  	0.22849  	-0.1295  	0.42591  	-0.1000  	0.06575  	-0.1171  	0.25268  	0.05283  	-0.0508  	0.01788  	0.02609  	-0.0567  	0.04161  	0.01077  	0.01432  	-0.0292  	0.01129  	0.01201  	0.00759  	0.00942  	0.00323  	0.01299  	0.01012  	0.21899  	0.17035  	-0.1203  	0.00453  	0.00751  	1.29566  	1.27433  	123.652  	115.631  	
-0.7770  	0.20438  	0.41248  	-0.7063  	-0.7811  	-0.2900  	1.04799  	0.33644  	0.35196  	1.52230  	1.22578  	1.00063  	-0.0642  	-0.7993  	-0.1761  	-0.1254  	0.66827  	0.74544  	0.37182  	-0.6680  	-0.2339  	-0.3853  	0.42826  	-0.4094  	-0.1858  	0.34053  	0.42117  	-0.8873  	-0.1768  	-0.2115  	0.33866  	-0.0929  	-0.5982  	-0.2327  	-0.1399  	0.22178  	-0.0701  	0.15236  	-0.3021  	-0.1632  	0.41088  	0.22345  	-0.1174  	0.38787  	-0.0902  	0.07587  	-0.1205  	0.25809  	0.06232  	-0.0517  	0.02410  	0.02544  	-0.0524  	0.03547  	0.00674  	0.01619  	-0.0270  	0.01904  	-0.0029  	-0.0030  	0.00220  	0.00920  	0.02956  	0.00621  	0.21899  	0.17035  	-0.1203  	0.00453  	0.00751  	1.29566  	1.27433  	123.652  	115.631  	
-1.1608  	0.04892  	0.10976  	-0.7339  	-0.6446  	-0.4855  	1.08513  	0.22502  	0.27847  	1.55163  	1.40400  	0.93995  	-0.1406  	-0.8181  	-0.1695  	-0.2188  	0.61274  	0.77841  	0.32883  	-0.4836  	-0.2037  	-0.2138  	0.57632  	-0.2868  	-0.0291  	0.26325  	0.52835  	-0.9069  	-0.2449  	-0.1690  	0.26353  	-0.0735  	-0.5284  	-0.1013  	-0.0100  	0.27002  	0.03569  	0.12993  	-0.2518  	-0.1066  	0.25647  	0.14512  	-0.0814  	0.28995  	-0.0047  	0.06618  	-0.0995  	0.20004  	0.05132  	-0.0191  	0.02061  	0.02446  	-0.0548  	0.01958  	0.00495  	0.01510  	-0.0230  	0.02709  	0.01050  	0.00420  	0.00976  	0.01018  	0.02246  	0.00670  	0.21899  	0.17035  	-0.1203  	0.00453  	0.00751  	1.29566  	1.27433  	123.652  	115.631  	
-0.8888  	0.14732  	0.11243  	-0.3615  	-0.4495  	-0.2991  	1.10592  	0.27974  	0.35632  	1.39284  	1.13377  	1.09918  	-0.1268  	-0.5531  	0.15885  	-0.1620  	0.48510  	0.97703  	0.19100  	-0.1877  	-0.2107  	0.00896  	0.82033  	-0.2982  	-0.0168  	0.15527  	0.54242  	-0.6778  	-0.3698  	-0.1070  	0.14078  	-0.0253  	-0.4067  	0.09851  	0.11855  	0.18134  	0.08264  	0.11383  	-0.1270  	0.00719  	0.13769  	0.01932  	0.00432  	0.21557  	0.03282  	0.04095  	-0.0672  	0.19355  	0.07123  	-0.0178  	0.02008  	0.01066  	-0.0619  	-0.0023  	-0.0182  	0.03557  	-0.0138  	0.03822  	0.01694  	-0.0048  	0.00536  	0.02012  	0.03378  	0.00052  	0.21899  	0.17035  	-0.1203  	0.00453  	0.00751  	1.29566  	1.27433  	123.652  	115.631  	
-0.6419  	0.24219  	0.27399  	-0.1932  	-0.3857  	-0.0359  	1.12260  	0.36723  	0.40476  	1.32938  	0.76652  	1.11789  	-0.0259  	-0.3545  	0.35451  	-0.0570  	0.50174  	0.98024  	0.21008  	-0.1777  	-0.3103  	0.09125  	0.80624  	-0.3488  	0.01608  	0.13134  	0.56821  	-0.6428  	-0.2718  	-0.0525  	0.11277  	-0.0290  	-0.4301  	0.07228  	0.09052  	0.18234  	0.02463  	0.12633  	-0.1032  	0.01405  	0.14522  	-0.0184  	0.06203  	0.25748  	0.03199  	0.02037  	-0.0731  	0.21841  	0.09841  	-0.0189  	0.01639  	0.00993  	-0.0655  	0.00842  	-0.0068  	0.02039  	-0.0072  	0.04392  	0.00807  	-0.0141  	-0.0083  	0.01224  	0.04828  	0.00597  	0.21899  	0.17035  	-0.1203  	0.00453  	0.00751  	1.29566  	1.27433  	123.652  	115.631  	
-0.5359  	0.26551  	0.33595  	-0.1731  	-0.4419  	0.05806  	1.13618  	0.34659  	0.44968  	1.36302  	0.76135  	1.04220  	-0.0109  	-0.4202  	0.34981  	-0.0624  	0.52876  	0.99635  	0.23559  	-0.2437  	-0.3181  	0.13693  	0.84016  	-0.4013  	0.02563  	0.13180  	0.50094  	-0.6933  	-0.2162  	-0.0928  	0.09344  	-0.0138  	-0.3919  	0.08719  	0.04726  	0.17212  	0.03301  	0.15178  	-0.0704  	0.06081  	0.22390  	-0.0260  	0.10204  	0.26251  	0.02254  	0.02927  	-0.0669  	0.22542  	0.09318  	-0.0102  	0.01403  	0.01343  	-0.0650  	0.00681  	-0.0014  	0.02582  	-0.0186  	0.04335  	0.01164  	-0.0097  	-0.0061  	0.01641  	0.03981  	0.00395  	0.21899  	0.17035  	-0.1203  	0.00453  	0.00751  	1.29566  	1.27433  	123.652  	115.631  	
-0.6158  	0.21408  	0.22051  	-0.1533  	-0.3652  	-0.1018  	1.15088  	0.33469  	0.43975  	1.42590  	0.86165  	1.09314  	-0.0012  	-0.4495  	0.19978  	-0.0103  	0.47253  	1.02498  	0.22085  	-0.1774  	-0.3827  	0.05673  	0.76721  	-0.4233  	-0.0052  	0.15082  	0.44245  	-0.5702  	-0.1884  	-0.0781  	0.09962  	-0.0202  	-0.4011  	0.09351  	0.04275  	0.19113  	-0.0147  	0.11663  	-0.0399  	0.04422  	0.18753  	-0.0180  	0.08341  	0.24497  	0.02146  	0.03396  	-0.0716  	0.22123  	0.09405  	-0.0155  	0.01099  	0.00893  	-0.0607  	0.00721  	-0.0025  	0.02490  	-0.0083  	0.04267  	0.01212  	-0.0116  	-0.0033  	0.02084  	0.04284  	0.00944  	0.21899  	0.17035  	-0.1203  	0.00453  	0.00751  	1.29566  	1.27433  	123.652  	115.631  	
-0.6731  	0.16877  	0.20716  	-0.1157  	-0.3688  	-0.1128  	1.17847  	0.28676  	0.40657  	1.40963  	0.91492  	1.10137  	-0.0698  	-0.4078  	0.20071  	-0.0001  	0.50255  	0.97981  	0.23579  	-0.2340  	-0.3240  	0.08827  	0.78347  	-0.3396  	0.03579  	0.13750  	0.52191  	-0.6612  	-0.2393  	-0.0629  	0.07268  	-0.0201  	-0.4286  	0.07511  	0.09155  	0.21303  	0.04662  	0.12867  	-0.0943  	0.01257  	0.14231  	0.00053  	0.04874  	0.24087  	0.03551  	0.03950  	-0.0835  	0.21390  	0.09442  	-0.0121  	0.00840  	0.00397  	-0.0613  	0.01312  	-0.0053  	0.02575  	-0.0099  	0.04134  	0.01077  	-0.0164  	-0.0084  	0.01544  	0.03218  	0.00736  	0.21899  	0.17035  	-0.1203  	0.00453  	0.00751  	1.29566  	1.27433  	123.652  	115.631  	
-0.7033  	0.17487  	0.18892  	-0.3287  	-0.3775  	-0.1859  	1.08710  	0.25163  	0.35768  	1.39805  	1.08376  	1.15191  	-0.1552  	-0.4805  	0.40293  	-0.1331  	0.51350  	0.90069  	0.22590  	-0.3017  	-0.1660  	0.10598  	0.82334  	-0.2265  	-0.0987  	0.14473  	0.62268  	-0.8391  	-0.5403  	-0.1490  	0.14283  	0.01262  	-0.3923  	0.05966  	0.23702  	0.14351  	0.18875  	0.12529  	-0.1965  	0.02949  	0.14217  	0.02420  	-0.0028  	0.23707  	0.03613  	0.04271  	-0.0684  	0.19327  	0.07217  	0.00354  	0.02208  	0.01657  	-0.0617  	0.00558  	-0.0112  	0.03568  	-0.0210  	0.03047  	0.00382  	0.00933  	-0.0043  	0.01223  	0.03484  	-0.0009  	0.21899  	0.17035  	-0.1203  	0.00453  	0.00751  	1.29566  	1.27433  	123.652  	115.631  	
-0.2273  	0.27746  	0.51668  	-0.1996  	-0.4672  	0.06790  	1.17324  	0.36632  	0.42033  	1.47310  	0.59668  	0.96450  	0.11548  	-0.1551  	0.59005  	-0.2168  	0.52711  	0.82081  	0.22085  	-0.4668  	-0.2571  	0.24190  	0.97165  	-0.2197  	-0.0275  	0.13395  	0.72388  	-1.0869  	-0.4707  	-0.0952  	0.14003  	0.00674  	-0.4214  	0.05647  	0.14426  	0.13053  	0.18126  	0.16991  	-0.1110  	0.00185  	0.13587  	-0.0101  	0.09193  	0.27353  	0.01602  	0.03299  	-0.0829  	0.23270  	0.10802  	-0.0177  	-0.0008  	0.01816  	-0.0657  	-0.0018  	-0.0062  	0.03845  	-0.0414  	0.02732  	0.01366  	-0.0081  	0.00554  	0.02778  	0.02413  	0.00408  	0.21899  	0.17035  	-0.1203  	0.00453  	0.00751  	1.29566  	1.27433  	123.652  	115.631  	
-0.1868  	0.31221  	0.61375  	-0.2177  	-0.4790  	0.20604  	1.24007  	0.45524  	0.45656  	1.47718  	0.54413  	0.80150  	0.11276  	-0.0221  	0.55457  	-0.2371  	0.56023  	0.81750  	0.23968  	-0.6591  	-0.2465  	0.31261  	1.12439  	-0.3047  	0.07758  	0.12066  	0.79724  	-1.0336  	-0.2783  	-0.0165  	0.17462  	-0.0041  	-0.4328  	0.06041  	0.10151  	0.13057  	0.12752  	0.14559  	-0.1160  	0.02668  	0.12538  	-0.0052  	0.11623  	0.26356  	-0.0123  	0.03498  	-0.0896  	0.26672  	0.12108  	-0.0053  	0.01860  	0.02038  	-0.0531  	0.00462  	-0.0080  	0.05069  	-0.0402  	0.03067  	0.00018  	0.01055  	0.00014  	0.03072  	0.04364  	-0.0006  	0.21899  	0.17035  	-0.1203  	0.00453  	0.00751  	1.29566  	1.27433  	123.652  	115.631  	
-0.9063  	0.15478  	0.09304  	-0.7969  	-0.6737  	-0.3386  	1.11279  	0.23803  	0.39175  	1.49079  	1.16986  	0.90608  	-0.1219  	-0.6051  	0.08855  	-0.2228  	0.52502  	0.90528  	0.22078  	-0.2978  	-0.1441  	-0.0250  	0.93884  	-0.3087  	-0.1409  	0.18992  	0.62532  	-0.9854  	-0.5165  	-0.1388  	0.17772  	0.05695  	-0.3981  	0.06110  	0.12417  	0.14094  	0.19808  	0.17014  	-0.2056  	0.02066  	0.16936  	0.01312  	0.04852  	0.26358  	0.01730  	0.03561  	-0.0415  	0.17781  	0.09814  	0.00351  	0.01360  	0.00643  	-0.0812  	0.01113  	-0.0202  	0.02244  	-0.0160  	0.04545  	0.01097  	-0.0225  	-0.0115  	0.00962  	0.04743  	-0.0066  	0.21899  	0.17035  	-0.1203  	0.00453  	0.00751  	1.29566  	1.27433  	123.652  	115.631  	
-1.2213  	0.06620  	0.12596  	-1.0385  	-0.7870  	-0.5304  	1.05848  	0.15130  	0.36439  	1.57559  	1.38617  	0.88118  	-0.2169  	-0.8211  	-0.2511  	-0.2199  	0.51997  	0.96952  	0.24981  	-0.2791  	-0.2306  	0.07009  	0.90933  	-0.3486  	-0.1732  	0.17327  	0.49360  	-0.8347  	-0.4466  	-0.1839  	0.15392  	-0.0143  	-0.4007  	0.07928  	0.00668  	0.24365  	0.14901  	0.16402  	-0.1450  	-0.0515  	0.24459  	-0.0036  	0.04432  	0.20868  	0.01741  	0.04353  	-0.0659  	0.17829  	0.07790  	0.00054  	0.00562  	0.01293  	-0.0522  	0.01949  	-0.0072  	0.02100  	-0.0244  	0.04212  	0.01327  	-0.0016  	0.00375  	0.03297  	0.02749  	0.00186  	0.21899  	0.17035  	-0.1203  	0.00453  	0.00751  	1.29566  	1.27433  	123.652  	115.631  	
-1.2099  	0.07870  	0.11252  	-1.0012  	-0.8207  	-0.5492  	1.11229  	0.16519  	0.33951  	1.67310  	1.33035  	0.87641  	-0.2004  	-0.7947  	-0.3566  	-0.2090  	0.50590  	1.02019  	0.24182  	-0.2482  	-0.3375  	0.08097  	0.96031  	-0.4181  	-0.0811  	0.18466  	0.45726  	-0.7621  	-0.3131  	-0.1720  	0.16272  	-0.0403  	-0.4208  	0.07017  	-0.0751  	0.30630  	0.07041  	0.14769  	-0.0843  	-0.0191  	0.26749  	-0.0078  	0.06827  	0.23411  	0.02766  	0.02956  	-0.0718  	0.20799  	0.08298  	-0.0033  	0.00437  	0.00947  	-0.0586  	0.01077  	0.00062  	0.01624  	-0.0184  	0.04688  	0.01592  	-0.0027  	0.00202  	0.01843  	0.04495  	0.00594  	0.21899  	0.17035  	-0.1203  	0.00453  	0.00751  	1.29566  	1.27433  	123.652  	115.631  	
-1.1021  	0.08462  	0.19877  	-0.9501  	-0.8397  	-0.4362  	1.12600  	0.19539  	0.37614  	1.60135  	1.18905  	0.86376  	-0.2021  	-0.8227  	-0.2917  	-0.1790  	0.53552  	0.99318  	0.27540  	-0.2800  	-0.2980  	0.06417  	1.02716  	-0.4125  	-0.0755  	0.19729  	0.54983  	-0.7565  	-0.3391  	-0.1731  	0.15800  	-0.0338  	-0.4489  	0.06702  	-0.0866  	0.24955  	0.08014  	0.13923  	-0.1078  	-0.0157  	0.28939  	-0.0228  	0.08700  	0.25925  	0.03701  	0.02379  	-0.0744  	0.20416  	0.07369  	-0.0055  	0.00457  	0.01285  	-0.0576  	0.01210  	-0.0077  	0.01941  	-0.0220  	0.03630  	0.01201  	-0.0039  	0.00128  	0.01874  	0.04319  	0.00935  	0.21899  	0.17035  	-0.1203  	0.00453  	0.00751  	1.29566  	1.27433  	123.652  	115.631  	
-0.9130  	0.09823  	0.23585  	-0.6832  	-0.7261  	-0.2312  	1.10457  	0.23907  	0.39411  	1.47958  	1.10281  	0.97412  	-0.1974  	-0.8125  	-0.1955  	-0.0570  	0.55933  	1.04222  	0.26886  	-0.2512  	-0.3710  	0.04398  	0.93992  	-0.4012  	-0.0584  	0.18496  	0.48398  	-0.6778  	-0.2982  	-0.1637  	0.13912  	-0.0088  	-0.4245  	0.07477  	-0.0660  	0.26988  	0.05079  	0.12712  	-0.0994  	-0.0160  	0.26786  	-0.0427  	0.08637  	0.26055  	0.02695  	0.03433  	-0.0694  	0.20133  	0.08008  	-0.0040  	0.01404  	0.01515  	-0.0582  	0.00612  	-0.0045  	0.01944  	-0.0143  	0.04243  	0.01060  	-0.0141  	-0.0020  	0.02696  	0.04831  	0.00666  	0.21899  	0.17035  	-0.1203  	0.00453  	0.00751  	1.29566  	1.27433  	123.652  	115.631  	
-0.7080  	0.15607  	0.31898  	-0.4461  	-0.5692  	-0.1675  	1.10167  	0.21094  	0.35785  	1.56078  	1.08667  	1.06125  	-0.1622  	-0.8292  	-0.1882  	0.11836  	0.49558  	1.07432  	0.25444  	-0.1678  	-0.4404  	0.03171  	0.80594  	-0.4136  	0.03162  	0.14482  	0.44984  	-0.6045  	-0.2606  	-0.1339  	0.10499  	0.00919  	-0.4548  	0.06788  	-0.0249  	0.33860  	0.02205  	0.15569  	-0.0782  	0.03432  	0.23414  	-0.0281  	0.10778  	0.25797  	0.02828  	0.03541  	-0.0705  	0.22066  	0.09269  	-0.0184  	0.02464  	0.01250  	-0.0508  	0.00191  	0.00464  	0.02068  	-0.0098  	0.03806  	0.01274  	-0.0060  	-0.0072  	0.00626  	0.04865  	0.00910  	0.21899  	0.17035  	-0.1203  	0.00453  	0.00751  	1.29566  	1.27433  	123.652  	115.631  	
-0.7628  	0.10777  	0.27647  	-0.4317  	-0.5760  	-0.1343  	1.11439  	0.18879  	0.35610  	1.50583  	1.05653  	0.99483  	-0.1961  	-0.8738  	-0.1218  	0.10199  	0.52654  	1.04015  	0.28573  	-0.2286  	-0.4044  	0.04445  	0.81872  	-0.3848  	0.09001  	0.12195  	0.53974  	-0.6118  	-0.2750  	-0.0959  	0.08240  	0.05014  	-0.4813  	0.05387  	-0.0114  	0.36540  	0.05345  	0.15299  	-0.0908  	0.01734  	0.21192  	-0.0222  	0.08689  	0.26277  	0.02613  	0.03216  	-0.0809  	0.21024  	0.08792  	-0.0176  	0.02585  	0.01405  	-0.0481  	0.00812  	0.00770  	0.02876  	-0.0094  	0.04299  	0.01342  	-0.0010  	0.00129  	-0.0024  	0.04814  	0.00625  	0.21899  	0.17035  	-0.1203  	0.00453  	0.00751  	1.29566  	1.27433  	123.652  	115.631  	
-0.7656  	0.15581  	0.24840  	-0.3555  	-0.5471  	-0.0474  	1.10429  	0.17716  	0.33194  	1.39123  	0.92788  	0.94828  	-0.1876  	-0.7208  	0.01034  	-0.0588  	0.55333  	0.97640  	0.27395  	-0.2486  	-0.3525  	0.06208  	0.87815  	-0.3169  	0.10494  	0.14548  	0.62922  	-0.6840  	-0.2749  	-0.0722  	0.05802  	0.03244  	-0.4780  	0.06886  	0.02669  	0.33613  	0.07666  	0.17079  	-0.1126  	-0.0151  	0.18454  	0.00238  	0.07043  	0.25565  	0.02616  	0.03769  	-0.0854  	0.21005  	0.08811  	-0.0239  	0.03000  	0.01472  	-0.0474  	0.00423  	-0.0015  	0.02880  	-0.0070  	0.05023  	0.01991  	-0.0111  	-0.0089  	-0.0003  	0.04428  	0.00553  	0.21899  	0.17035  	-0.1203  	0.00453  	0.00751  	1.29566  	1.27433  	123.652  	115.631  	
-0.7268  	0.14284  	0.25911  	-0.3791  	-0.5915  	-0.0571  	1.09737  	0.23268  	0.36061  	1.35976  	0.93674  	0.93263  	-0.1671  	-0.7213  	0.17568  	-0.1269  	0.56018  	0.94696  	0.24644  	-0.2561  	-0.2725  	0.07150  	0.95414  	-0.3581  	0.06659  	0.14909  	0.57870  	-0.7461  	-0.3078  	-0.1150  	0.09311  	0.03026  	-0.4585  	0.08140  	0.03574  	0.25540  	0.11686  	0.17703  	-0.1365  	-0.0152  	0.21713  	-0.0335  	0.08140  	0.26305  	0.02478  	0.03125  	-0.0727  	0.20319  	0.08467  	-0.0260  	0.01776  	0.00924  	-0.0539  	0.00716  	-0.0027  	0.03169  	-0.0112  	0.04031  	0.01489  	-0.0014  	-0.0063  	0.00863  	0.04529  	0.00888  	0.21899  	0.17035  	-0.1203  	0.00453  	0.00751  	1.29566  	1.27433  	123.652  	115.631  	
-0.6024  	0.24328  	0.36944  	-0.3712  	-0.6124  	-0.0012  	1.10059  	0.36165  	0.41446  	1.36150  	1.02019  	1.03830  	-0.1067  	-0.5525  	0.26170  	-0.0765  	0.55569  	0.94065  	0.23572  	-0.2941  	-0.1334  	0.09977  	0.98640  	-0.3554  	-0.0507  	0.14707  	0.57587  	-0.8528  	-0.4182  	-0.1618  	0.12042  	0.00184  	-0.3964  	0.07729  	0.07848  	0.14161  	0.18384  	0.19335  	-0.1504  	-0.0347  	0.22322  	-0.0349  	0.08372  	0.25803  	0.02381  	0.03482  	-0.0640  	0.20258  	0.07807  	-0.0112  	0.01019  	0.01605  	-0.0507  	0.00898  	-0.0052  	0.03226  	-0.0264  	0.03725  	0.00640  	-0.0103  	0.00351  	0.02066  	0.04234  	0.00404  	0.21899  	0.17035  	-0.1203  	0.00453  	0.00751  	1.29566  	1.27433  	123.652  	115.631  	
-0.5476  	0.28206  	0.41479  	-0.4386  	-0.6624  	-0.0406  	1.09230  	0.40086  	0.44124  	1.39026  	1.13663  	1.02337  	-0.1141  	-0.5043  	0.16282  	0.02004  	0.53555  	0.92541  	0.24543  	-0.3157  	-0.0630  	0.09393  	0.99320  	-0.3609  	-0.1154  	0.14398  	0.55307  	-0.9249  	-0.4846  	-0.1710  	0.12964  	0.01610  	-0.3928  	0.07367  	0.10183  	0.11196  	0.23648  	0.22954  	-0.1741  	-0.0650  	0.23805  	-0.0313  	0.09042  	0.24653  	0.01763  	0.03989  	-0.0635  	0.20616  	0.07408  	-0.0008  	-0.0052  	0.01817  	-0.0508  	0.01376  	-0.0012  	0.02853  	-0.0315  	0.03823  	0.00507  	-0.0140  	0.00729  	0.02329  	0.04321  	0.00079  	0.21899  	0.17035  	-0.1203  	0.00453  	0.00751  	1.29566  	1.27433  	123.652  	115.631  	
-0.4484  	0.30225  	0.46769  	-0.3967  	-0.6631  	0.01187  	1.10574  	0.42454  	0.47249  	1.33370  	1.16442  	1.00840  	-0.1022  	-0.4514  	0.20154  	0.02070  	0.53362  	0.91204  	0.23473  	-0.3513  	0.00584  	0.08232  	1.00571  	-0.3284  	-0.1363  	0.13298  	0.58621  	-0.9929  	-0.5644  	-0.1827  	0.11394  	0.03553  	-0.3885  	0.07408  	0.16613  	0.08899  	0.27682  	0.24485  	-0.2052  	-0.0760  	0.21203  	-0.0363  	0.08057  	0.24100  	0.01469  	0.03796  	-0.0698  	0.20997  	0.08142  	0.00175  	0.00133  	0.01858  	-0.0501  	0.01491  	-0.0061  	0.03567  	-0.0328  	0.03768  	0.00617  	-0.0126  	0.00492  	0.02396  	0.04029  	-0.0023  	0.21899  	0.17035  	-0.1203  	0.00453  	0.00751  	1.29566  	1.27433  	123.652  	115.631  	
-0.3550  	0.32828  	0.54516  	-0.3824  	-0.7110  	0.09162  	1.12790  	0.49479  	0.51276  	1.29376  	1.17784  	1.03729  	-0.0984  	-0.3986  	0.28781  	0.05964  	0.54904  	0.87318  	0.25328  	-0.3900  	0.07559  	0.10409  	1.06053  	-0.2688  	-0.1309  	0.13290  	0.65540  	-1.0763  	-0.6418  	-0.1846  	0.11980  	0.05193  	-0.3875  	0.06280  	0.18676  	0.05784  	0.35282  	0.26008  	-0.2179  	-0.1031  	0.18226  	-0.0304  	0.09051  	0.24377  	0.01618  	0.03462  	-0.0736  	0.21820  	0.08954  	-0.0026  	-0.0084  	0.01820  	-0.0518  	0.01925  	-0.0063  	0.04034  	-0.0327  	0.03825  	0.00235  	-0.0053  	0.00583  	0.02469  	0.04010  	0.00331  	0.21899  	0.17035  	-0.1203  	0.00453  	0.00751  	1.29566  	1.27433  	123.652  	115.631  	
-0.3381  	0.31551  	0.54291  	-0.3672  	-0.6882  	0.10139  	1.12866  	0.49210  	0.51707  	1.29499  	1.17775  	1.04082  	-0.0920  	-0.3962  	0.30191  	0.06312  	0.56642  	0.86662  	0.24098  	-0.3970  	0.06068  	0.10338  	1.06469  	-0.2529  	-0.1265  	0.13312  	0.67244  	-1.0709  	-0.6475  	-0.1786  	0.11779  	0.04878  	-0.3875  	0.06408  	0.19919  	0.05619  	0.35066  	0.25952  	-0.2136  	-0.0994  	0.16431  	-0.0248  	0.08603  	0.24121  	0.01444  	0.03652  	-0.0755  	0.21546  	0.08848  	-0.0078  	-0.0042  	0.02141  	-0.0527  	0.01693  	-0.0050  	0.04012  	-0.0323  	0.03946  	0.00325  	-0.0043  	0.00533  	0.02375  	0.04228  	0.00664  	0.21899  	0.17035  	-0.1203  	0.00453  	0.00751  	1.29566  	1.27433  	123.652  	115.631  	
-0.3381  	0.31551  	0.54291  	-0.3672  	-0.6882  	0.10139  	1.12866  	0.49210  	0.51707  	1.29499  	1.17775  	1.04082  	-0.0920  	-0.3962  	0.30191  	0.06312  	0.56642  	0.86662  	0.24098  	-0.3970  	0.06068  	0.10338  	1.06469  	-0.2529  	-0.1265  	0.13312  	0.67244  	-1.0709  	-0.6475  	-0.1786  	0.11779  	0.04878  	-0.3875  	0.06408  	0.19919  	0.05619  	0.35066  	0.25952  	-0.2136  	-0.0994  	0.16431  	-0.0248  	0.08603  	0.24121  	0.01444  	0.03652  	-0.0755  	0.21546  	0.08848  	-0.0078  	-0.0042  	0.02141  	-0.0527  	0.01693  	-0.0050  	0.04012  	-0.0323  	0.03946  	0.00325  	-0.0043  	0.00533  	0.02375  	0.04228  	0.00664  	0.21899  	0.17035  	-0.1203  	0.00453  	0.00751  	1.29566  	1.27433  	123.652  	115.631  	
-0.3381  	0.31551  	0.54291  	-0.3672  	-0.6882  	0.10139  	1.12866  	0.49210  	0.51707  	1.29499  	1.17775  	1.04082  	-0.0920  	-0.3962  	0.30191  	0.06312  	0.56642  	0.86662  	0.24098  	-0.3970  	0.06068  	0.10338  	1.06469  	-0.2529  	-0.1265  	0.13312  	0.67244  	-1.0709  	-0.6475  	-0.1786  	0.11779  	0.04878  	-0.3875  	0.06408  	0.19919  	0.05619  	0.35066  	0.25952  	-0.2136  	-0.0994  	0.16431  	-0.0248  	0.08603  	0.24121  	0.01444  	0.03652  	-0.0755  	0.21546  	0.08848  	-0.0078  	-0.0042  	0.02141  	-0.0527  	0.01693  	-0.0050  	0.04012  	-0.0323  	0.03946  	0.00325  	-0.0043  	0.00533  	0.02375  	0.04228  	0.00664  	0.21899  	0.17035  	-0.1203  	0.00453  	0.00751  	1.29566  	1.27433  	123.652  	115.631  	
-0.3381  	0.31551  	0.54291  	-0.3672  	-0.6882  	0.10139  	1.12866  	0.49210  	0.51707  	1.29499  	1.17775  	1.04082  	-0.0920  	-0.3962  	0.30191  	0.06312  	0.56642  	0.86662  	0.24098  	-0.3970  	0.06068  	0.10338  	1.06469  	-0.2529  	-0.1265  	0.13312  	0.67244  	-1.0709  	-0.6475  	-0.1786  	0.11779  	0.04878  	-0.3875  	0.06408  	0.19919  	0.05619  	0.35066  	0.25952  	-0.2136  	-0.0994  	0.16431  	-0.0248  	0.08603  	0.24121  	0.01444  	0.03652  	-0.0755  	0.21546  	0.08848  	-0.0078  	-0.0042  	0.02141  	-0.0527  	0.01693  	-0.0050  	0.04012  	-0.0323  	0.03946  	0.00325  	-0.0043  	0.00533  	0.02375  	0.04228  	0.00664  	0.21899  	0.17035  	-0.1203  	0.00453  	0.00751  	1.29566  	1.27433  	123.652  	115.631  	
-0.3381  	0.31551  	0.54291  	-0.3672  	-0.6882  	0.10139  	1.12866  	0.49210  	0.51707  	1.29499  	1.17775  	1.04082  	-0.0920  	-0.3962  	0.30191  	0.06312  	0.56642  	0.86662  	0.24098  	-0.3970  	0.06068  	0.10338  	1.06469  	-0.2529  	-0.1265  	0.13312  	0.67244  	-1.0709  	-0.6475  	-0.1786  	0.11779  	0.04878  	-0.3875  	0.06408  	0.19919  	0.05619  	0.35066  	0.25952  	-0.2136  	-0.0994  	0.16431  	-0.0248  	0.08603  	0.24121  	0.01444  	0.03652  	-0.0755  	0.21546  	0.08848  	-0.0078  	-0.0042  	0.02141  	-0.0527  	0.01693  	-0.0050  	0.04012  	-0.0323  	0.03946  	0.00325  	-0.0043  	0.00533  	0.02375  	0.04228  	0.00664  	0.21899  	0.17035  	-0.1203  	0.00453  	0.00751  	1.29566  	1.27433  	123.652  	115.631  	
-0.3381  	0.31551  	0.54291  	-0.3672  	-0.6882  	0.10139  	1.12866  	0.49210  	0.51707  	1.29499  	1.17775  	1.04082  	-0.0920  	-0.3962  	0.30191  	0.06312  	0.56642  	0.86662  	0.24098  	-0.3970  	0.06068  	0.10338  	1.06469  	-0.2529  	-0.1265  	0.13312  	0.67244  	-1.0709  	-0.6475  	-0.1786  	0.11779  	0.04878  	-0.3875  	0.06408  	0.19919  	0.05619  	0.35066  	0.25952  	-0.2136  	-0.0994  	0.16431  	-0.0248  	0.08603  	0.24121  	0.01444  	0.03652  	-0.0755  	0.21546  	0.08848  	-0.0078  	-0.0042  	0.02141  	-0.0527  	0.01693  	-0.0050  	0.04012  	-0.0323  	0.03946  	0.00325  	-0.0043  	0.00533  	0.02375  	0.04228  	0.00664  	0.21899  	0.17035  	-0.1203  	0.00453  	0.00751  	1.29566  	1.27433  	123.652  	115.631  	
-0.3381  	0.31551  	0.54291  	-0.3672  	-0.6882  	0.10139  	1.12866  	0.49210  	0.51707  	1.29499  	1.17775  	1.04082  	-0.0920  	-0.3962  	0.30191  	0.06312  	0.56642  	0.86662  	0.24098  	-0.3970  	0.06068  	0.10338  	1.06469  	-0.2529  	-0.1265  	0.13312  	0.67244  	-1.0709  	-0.6475  	-0.1786  	0.11779  	0.04878  	-0.3875  	0.06408  	0.19919  	0.05619  	0.35066  	0.25952  	-0.2136  	-0.0994  	0.16431  	-0.0248  	0.08603  	0.24121  	0.01444  	0.03652  	-0.0755  	0.21546  	0.08848  	-0.0078  	-0.0042  	0.02141  	-0.0527  	0.01693  	-0.0050  	0.04012  	-0.0323  	0.03946  	0.00325  	-0.0043  	0.00533  	0.02375  	0.04228  	0.00664  	0.21899  	0.17035  	-0.1203  	0.00453  	0.00751  	1.29566  	1.27433  	123.652  	115.631  	
-0.3381  	0.31551  	0.54291  	-0.3672  	-0.6882  	0.10139  	1.12866  	0.49210  	0.51707  	1.29499  	1.17775  	1.04082  	-0.0920  	-0.3962  	0.30191  	0.06312  	0.56642  	0.86662  	0.24098  	-0.3970  	0.06068  	0.10338  	1.06469  	-0.2529  	-0.1265  	0.13312  	0.67244  	-1.0709  	-0.6475  	-0.1786  	0.11779  	0.04878  	-0.3875  	0.06408  	0.19919  	0.05619  	0.35066  	0.25952  	-0.2136  	-0.0994  	0.16431  	-0.0248  	0.08603  	0.24121  	0.01444  	0.03652  	-0.0755  	0.21546  	0.08848  	-0.0078  	-0.0042  	0.02141  	-0.0527  	0.01693  	-0.0050  	0.04012  	-0.0323  	0.03946  	0.00325  	-0.0043  	0.00533  	0.02375  	0.04228  	0.00664  	0.21899  	0.17035  	-0.1203  	0.00453  	0.00751  	1.29566  	1.27433  	123.652  	115.631  	
-0.3381  	0.31551  	0.54291  	-0.3672  	-0.6882  	0.10139  	1.12866  	0.49210  	0.51707  	1.29499  	1.17775  	1.04082  	-0.0920  	-0.3962  	0.30191  	0.06312  	0.56642  	0.86662  	0.24098  	-0.3970  	0.06068  	0.10338  	1.06469  	-0.2529  	-0.1265  	0.13312  	0.67244  	-1.0709  	-0.6475  	-0.1786  	0.11779  	0.04878  	-0.3875  	0.06408  	0.19919  	0.05619  	0.35066  	0.25952  	-0.2136  	-0.0994  	0.16431  	-0.0248  	0.08603  	0.24121  	0.01444  	0.03652  	-0.0755  	0.21546  	0.08848  	-0.0078  	-0.0042  	0.02141  	-0.0527  	0.01693  	-0.0050  	0.04012  	-0.0323  	0.03946  	0.00325  	-0.0043  	0.00533  	0.02375  	0.04228  	0.00664  	0.21899  	0.17035  	-0.1203  	0.00453  	0.00751  	1.29566  	1.27433  	123.652  	115.631  	
-0.4645  	0.28207  	0.47521  	-0.4255  	-0.6305  	0.01340  	1.12345  	0.37504  	0.45634  	1.35390  	1.17805  	1.03140  	-0.1120  	-0.5160  	0.13677  	0.05231  	0.51568  	0.95116  	0.22920  	-0.3082  	-0.0539  	0.05523  	0.95227  	-0.3083  	-0.0951  	0.14046  	0.57759  	-0.8866  	-0.5324  	-0.1970  	0.11562  	0.02264  	-0.3870  	0.07098  	0.17489  	0.15425  	0.25264  	0.20734  	-0.1846  	-0.0594  	0.18568  	0.00536  	0.06357  	0.22597  	0.01617  	0.03580  	-0.0703  	0.21755  	0.07776  	-0.0025  	0.01214  	0.02074  	-0.0510  	0.01075  	-0.0040  	0.04045  	-0.0234  	0.04176  	0.00939  	-0.0063  	0.00677  	0.01446  	0.04232  	0.00802  	0.21899  	0.17035  	-0.1203  	0.00453  	0.00751  	1.29566  	1.27433  	123.652  	115.631  	
-0.5183  	0.21997  	0.43090  	-0.4326  	-0.6284  	-0.0060  	1.12700  	0.30133  	0.42462  	1.43030  	1.14546  	0.98269  	-0.1540  	-0.6060  	0.06264  	0.05542  	0.50950  	1.00737  	0.23671  	-0.2557  	-0.1770  	0.05616  	0.91426  	-0.3495  	-0.0794  	0.14295  	0.50677  	-0.7917  	-0.4438  	-0.1744  	0.10876  	0.01945  	-0.4086  	0.06990  	0.13183  	0.21611  	0.17050  	0.18287  	-0.1696  	-0.0234  	0.18957  	-0.0057  	0.06938  	0.23787  	0.02053  	0.03453  	-0.0681  	0.21211  	0.07952  	-0.0084  	0.02221  	0.01855  	-0.0573  	0.00501  	-0.0004  	0.02960  	-0.0176  	0.04033  	0.00824  	-0.0088  	-0.0004  	0.00675  	0.04603  	0.00921  	0.21899  	0.17035  	-0.1203  	0.00453  	0.00751  	1.29566  	1.27433  	123.652  	115.631  	
-0.5702  	0.15720  	0.39360  	-0.4554  	-0.6289  	-0.0462  	1.13051  	0.25391  	0.40804  	1.48783  	1.12454  	0.94779  	-0.1435  	-0.6882  	-0.0546  	0.06837  	0.48804  	1.03888  	0.24861  	-0.1975  	-0.2642  	0.04102  	0.82404  	-0.3860  	0.00179  	0.12475  	0.50566  	-0.7001  	-0.3614  	-0.1445  	0.10067  	0.02346  	-0.4280  	0.07721  	0.09150  	0.28067  	0.12272  	0.16753  	-0.1391  	-0.0001  	0.21804  	-0.0127  	0.08377  	0.24341  	0.02263  	0.03308  	-0.0734  	0.21059  	0.08379  	-0.0189  	0.02423  	0.01764  	-0.0546  	0.00413  	0.00297  	0.02766  	-0.0128  	0.04220  	0.00805  	-0.0091  	-0.0044  	0.00215  	0.04762  	0.01014  	0.21899  	0.17035  	-0.1203  	0.00453  	0.00751  	1.29566  	1.27433  	123.652  	115.631  	
-0.5462  	0.16875  	0.38216  	-0.3767  	-0.5544  	-0.0308  	1.14718  	0.22747  	0.37573  	1.47712  	1.04899  	0.97145  	-0.1572  	-0.7350  	-0.0660  	0.09742  	0.49933  	1.05204  	0.26031  	-0.1889  	-0.3500  	0.05123  	0.78798  	-0.3587  	0.05069  	0.10679  	0.56321  	-0.6610  	-0.3191  	-0.1140  	0.08609  	0.04622  	-0.4478  	0.07214  	0.05999  	0.31012  	0.10025  	0.16503  	-0.1181  	0.01404  	0.22621  	-0.0172  	0.08583  	0.25642  	0.02758  	0.03027  	-0.0847  	0.22132  	0.09885  	-0.0260  	0.02160  	0.01567  	-0.0537  	0.00595  	0.00317  	0.03039  	-0.0089  	0.03806  	0.00890  	-0.0079  	-0.0018  	0.00140  	0.04941  	0.00431  	0.21899  	0.17035  	-0.1203  	0.00453  	0.00751  	1.29566  	1.27433  	123.652  	115.631  	
-0.5491  	0.19245  	0.28912  	-0.1945  	-0.4594  	-0.0249  	1.15013  	0.26939  	0.41122  	1.41797  	0.93256  	1.04769  	-0.1008  	-0.5547  	0.11414  	0.01639  	0.51481  	0.98326  	0.23551  	-0.2112  	-0.3125  	0.07028  	0.82509  	-0.3868  	0.10228  	0.12841  	0.60298  	-0.6693  	-0.2551  	-0.0727  	0.06291  	0.01319  	-0.4346  	0.08115  	0.07530  	0.26848  	0.05709  	0.15364  	-0.0824  	0.00326  	0.14979  	-0.0063  	0.09492  	0.24960  	0.03426  	0.03463  	-0.0796  	0.21560  	0.09358  	-0.0171  	0.02635  	0.01541  	-0.0569  	0.00945  	0.00144  	0.03285  	-0.0150  	0.03774  	0.01794  	-0.0101  	-0.0086  	0.01016  	0.04915  	0.00447  	0.21899  	0.17035  	-0.1203  	0.00453  	0.00751  	1.29566  	1.27433  	123.652  	115.631  	
-0.5525  	0.17545  	0.12711  	0.13421  	-0.2403  	-0.0513  	1.15536  	0.32064  	0.38629  	1.36832  	0.83602  	1.14074  	0.05091  	-0.2698  	0.42473  	-0.0597  	0.48894  	0.93002  	0.22624  	-0.2597  	-0.3241  	0.13741  	0.76416  	-0.3880  	0.11578  	0.13321  	0.57922  	-0.6548  	-0.2090  	0.00449  	0.08009  	-0.0265  	-0.4327  	0.08215  	0.13133  	0.18103  	-0.0016  	0.10787  	-0.0770  	0.02231  	0.10618  	-0.0004  	0.06255  	0.23467  	0.04494  	0.03172  	-0.0810  	0.20053  	0.09652  	-0.0187  	0.00949  	0.00384  	-0.0646  	-0.0056  	-0.0038  	0.02825  	-0.0156  	0.04239  	0.01261  	-0.0109  	-0.0045  	0.00927  	0.03230  	0.00823  	0.21899  	0.17035  	-0.1203  	0.00453  	0.00751  	1.29566  	1.27433  	123.652  	115.631  	
-0.7508  	0.18772  	0.15113  	-0.2009  	-0.3669  	-0.1518  	1.16033  	0.26792  	0.38253  	1.42524  	0.89815  	1.16762  	-0.0702  	-0.4140  	0.26864  	-0.0706  	0.52397  	0.98826  	0.23380  	-0.2786  	-0.3037  	0.08725  	0.85161  	-0.3310  	0.01842  	0.13631  	0.57842  	-0.6776  	-0.2946  	-0.0995  	0.09198  	-0.0134  	-0.4043  	0.07517  	0.10303  	0.19359  	0.07477  	0.13011  	-0.1156  	0.04605  	0.12804  	0.00161  	0.03100  	0.25420  	0.03411  	0.03399  	-0.0776  	0.20052  	0.08756  	-0.0139  	0.00989  	0.01674  	-0.0659  	0.00943  	-0.0093  	0.02881  	-0.0117  	0.03836  	0.01382  	-0.0055  	-0.0019  	0.01358  	0.03517  	0.00223  	0.21899  	0.17035  	-0.1203  	0.00453  	0.00751  	1.29566  	1.27433  	123.652  	115.631  	
-0.7876  	0.13582  	0.26455  	-0.5448  	-0.6067  	-0.0763  	1.09044  	0.22128  	0.38585  	1.44018  	1.06485  	1.00003  	-0.2010  	-0.7666  	-0.0284  	-0.0305  	0.49279  	1.00627  	0.26448  	-0.2241  	-0.2621  	0.09366  	0.93619  	-0.3508  	-0.0101  	0.15776  	0.51349  	-0.7751  	-0.3745  	-0.1328  	0.10966  	-0.0061  	-0.4423  	0.08551  	0.01999  	0.26450  	0.11204  	0.17400  	-0.1238  	-0.0061  	0.20709  	-0.0247  	0.06885  	0.25102  	0.01834  	0.03061  	-0.0757  	0.19478  	0.07542  	-0.0119  	0.01828  	0.01728  	-0.0542  	0.00738  	-0.0060  	0.02719  	-0.0151  	0.04608  	0.01662  	-0.0108  	-0.0115  	0.00681  	0.04474  	0.00266  	0.21899  	0.17035  	-0.1203  	0.00453  	0.00751  	1.29566  	1.27433  	123.652  	115.631  	
-0.7130  	0.10218  	0.31333  	-0.4704  	-0.6188  	-0.1082  	1.07345  	0.20372  	0.34864  	1.49278  	1.10969  	1.01656  	-0.1788  	-0.8456  	-0.1849  	0.11222  	0.51289  	0.97415  	0.28659  	-0.2505  	-0.3234  	0.02659  	0.84917  	-0.3289  	0.02819  	0.13878  	0.57454  	-0.7158  	-0.3695  	-0.1018  	0.10069  	0.03612  	-0.4706  	0.05264  	0.06164  	0.32846  	0.12269  	0.15398  	-0.1314  	0.01034  	0.19066  	-0.0062  	0.05987  	0.25136  	0.03063  	0.04391  	-0.0765  	0.21537  	0.08811  	-0.0147  	0.02622  	0.01176  	-0.0526  	0.00417  	0.00048  	0.03047  	-0.0109  	0.04136  	0.00891  	-0.0061  	-0.0123  	0.00158  	0.04722  	0.00399  	0.21899  	0.17035  	-0.1203  	0.00453  	0.00751  	1.29566  	1.27433  	123.652  	115.631  	
-0.5706  	0.16976  	0.33744  	-0.3249  	-0.5094  	-0.0059  	1.11898  	0.25182  	0.38547  	1.41215  	0.97592  	0.99104  	-0.1152  	-0.6000  	0.21364  	-0.0269  	0.53296  	0.87083  	0.25017  	-0.3135  	-0.1734  	0.12152  	0.88452  	-0.1984  	-0.0315  	0.13999  	0.70944  	-0.9321  	-0.5347  	-0.1339  	0.07696  	0.07151  	-0.4612  	0.05845  	0.16957  	0.19306  	0.22099  	0.16850  	-0.1930  	0.00082  	0.15449  	0.00051  	0.04020  	0.24519  	0.02721  	0.03694  	-0.0702  	0.19647  	0.09820  	-0.0196  	0.01381  	0.01646  	-0.0547  	0.01208  	-0.0075  	0.03016  	-0.0265  	0.04009  	0.01473  	8.05407  	-0.0010  	0.01182  	0.03152  	-0.0048  	0.21899  	0.17035  	-0.1203  	0.00453  	0.00751  	1.29566  	1.27433  	123.652  	115.631  	
-0.1723  	0.32998  	0.61978  	-0.1531  	-0.5358  	0.15539  	1.22139  	0.40136  	0.45147  	1.50440  	0.72539  	0.89874  	0.08617  	-0.2155  	0.58340  	-0.2046  	0.53232  	0.90169  	0.23429  	-0.3906  	-0.1900  	0.21345  	0.99076  	-0.3451  	0.03769  	0.11280  	0.68768  	-0.9671  	-0.3407  	-0.0965  	0.10551  	-0.0034  	-0.4331  	0.07277  	0.10440  	0.16060  	0.12470  	0.16454  	-0.0869  	0.02596  	0.17096  	-0.0101  	0.09724  	0.26137  	0.00895  	0.03436  	-0.0912  	0.25730  	0.11903  	-0.0204  	0.01953  	0.01692  	-0.0553  	0.00037  	-0.0023  	0.04383  	-0.0277  	0.03441  	0.00175  	-0.0057  	0.00244  	0.01707  	0.03471  	-0.0064  	0.21899  	0.17035  	-0.1203  	0.00453  	0.00751  	1.29566  	1.27433  	123.652  	115.631  	
-0.3505  	0.29353  	0.51634  	-0.4220  	-0.5642  	0.02058  	1.23930  	0.35694  	0.42863  	1.53339  	0.81142  	0.79070  	0.05874  	-0.2895  	0.33196  	-0.1898  	0.54143  	0.88787  	0.26449  	-0.3902  	-0.1960  	0.17140  	0.94397  	-0.3293  	0.10858  	0.11531  	0.76543  	-0.9779  	-0.3754  	-0.0799  	0.13014  	-0.0048  	-0.4283  	0.07043  	0.13225  	0.21128  	0.14881  	0.17249  	-0.1061  	0.02155  	0.17249  	-0.0075  	0.09613  	0.27170  	0.00684  	0.03025  	-0.0848  	0.25375  	0.10566  	-0.0189  	0.01349  	0.01733  	-0.0560  	0.00404  	0.00461  	0.03625  	-0.0310  	0.03692  	0.00826  	-0.0046  	0.00595  	0.01626  	0.03993  	-0.0005  	0.21899  	0.17035  	-0.1203  	0.00453  	0.00751  	1.29566  	1.27433  	123.652  	115.631  	
-0.7583  	0.18135  	0.20145  	-0.5819  	-0.5913  	-0.2576  	1.12985  	0.28155  	0.38289  	1.49603  	1.16829  	0.87217  	-0.1440  	-0.5424  	0.09666  	-0.1636  	0.55096  	0.92689  	0.25528  	-0.3438  	-0.1040  	0.04367  	0.91377  	-0.1962  	0.02890  	0.13044  	0.70608  	-0.9926  	-0.4722  	-0.1182  	0.12516  	0.02924  	-0.4692  	0.01965  	0.16203  	0.16515  	0.22562  	0.16157  	-0.1966  	0.03015  	0.15731  	-0.0029  	0.02264  	0.22196  	0.04411  	0.04406  	-0.0780  	0.20390  	0.06783  	-0.0169  	0.00056  	0.02152  	-0.0709  	-0.0015  	-0.0139  	0.00927  	-0.0242  	0.03078  	0.00211  	-0.0079  	-0.0112  	0.00429  	0.04012  	0.00130  	0.21899  	0.17035  	-0.1203  	0.00453  	0.00751  	1.29566  	1.27433  	123.652  	115.631  	
-0.4551  	0.29309  	0.49531  	-0.4453  	-0.6481  	0.00969  	1.09203  	0.41169  	0.46788  	1.37473  	1.01807  	1.06444  	-0.0338  	-0.4142  	0.25544  	-0.0042  	0.57622  	0.90342  	0.26273  	-0.2937  	-0.0521  	0.05254  	1.00621  	-0.2946  	-0.1052  	0.15207  	0.60699  	-0.9667  	-0.5392  	-0.1854  	0.11949  	0.00541  	-0.3941  	0.05867  	0.12560  	0.11734  	0.25507  	0.19762  	-0.1239  	-0.0235  	0.15670  	-0.0132  	0.08069  	0.26295  	0.01833  	0.04088  	-0.0794  	0.21336  	0.08246  	0.00533  	-2.0788  	0.01760  	-0.0584  	0.01270  	-0.0050  	0.03427  	-0.0325  	0.02999  	-0.0033  	-0.0119  	0.00277  	0.02748  	0.04253  	0.01194  	0.21899  	0.17035  	-0.1203  	0.00453  	0.00751  	1.29566  	1.27433  	123.652  	115.631  	
-0.2823  	0.33852  	0.66553  	-0.5592  	-0.7514  	-0.0147  	1.10300  	0.58026  	0.46237  	1.30913  	1.19050  	1.10684  	-0.0573  	-0.5362  	0.15922  	0.09028  	0.61380  	0.78841  	0.35622  	-0.5419  	0.05777  	-0.1582  	0.75332  	-0.3745  	-0.1532  	0.22296  	0.56216  	-1.0161  	-0.4170  	-0.2095  	0.23918  	-0.0154  	-0.4792  	-0.1007  	0.02562  	0.06915  	0.19467  	0.23292  	-0.2663  	-0.1517  	0.26933  	0.08408  	0.00898  	0.35000  	-0.0373  	0.05958  	-0.1105  	0.25094  	0.08635  	-0.0252  	0.00628  	0.02306  	-0.0477  	0.02394  	0.00086  	0.03959  	-0.0383  	0.02623  	-0.0009  	0.00032  	0.00704  	0.01600  	0.02269  	0.00029  	0.21899  	0.17035  	-0.1203  	0.00453  	0.00751  	1.29566  	1.27433  	123.652  	115.631  	
-0.4604  	0.28136  	0.63073  	-0.4736  	-0.7107  	-0.0493  	1.07713  	0.53179  	0.46160  	1.45812  	1.22522  	1.10102  	-0.0047  	-0.4796  	0.12918  	0.04156  	0.69259  	0.56523  	0.40203  	-0.7297  	0.09841  	-0.3711  	0.48301  	-0.3322  	-0.1424  	0.29551  	0.59548  	-1.1586  	-0.3850  	-0.2251  	0.34899  	-0.0493  	-0.5735  	-0.2332  	-0.0299  	0.08003  	0.10090  	0.20155  	-0.3224  	-0.1704  	0.33653  	0.19236  	-0.1076  	0.42658  	-0.0831  	0.07610  	-0.1212  	0.26263  	0.05456  	-0.0275  	0.01768  	0.02356  	-0.0560  	0.04708  	-0.0020  	0.02272  	-0.0240  	0.01944  	0.00666  	0.00314  	0.00732  	0.00816  	0.02309  	0.00938  	0.21899  	0.17035  	-0.1203  	0.00453  	0.00751  	1.29566  	1.27433  	123.652  	115.631  	
-0.8273  	0.22797  	0.29078  	-0.5275  	-0.6261  	-0.2678  	1.00330  	0.37850  	0.36294  	1.39204  	1.22793  	1.07290  	-0.1071  	-0.8107  	0.16396  	-0.1796  	0.72493  	0.60321  	0.42201  	-0.7993  	0.05065  	-0.4101  	0.42825  	-0.3191  	-0.2359  	0.30680  	0.57716  	-1.1069  	-0.2948  	-0.1718  	0.34989  	-0.0811  	-0.6294  	-0.2700  	-0.0344  	0.09809  	0.00969  	0.18800  	-0.4214  	-0.2186  	0.37822  	0.24845  	-0.1768  	0.40137  	-0.0780  	0.08903  	-0.1269  	0.24546  	0.03819  	-0.0263  	0.02799  	0.02344  	-0.0585  	0.03390  	0.00801  	0.02674  	-0.0106  	0.02281  	0.00645  	0.00679  	0.00629  	0.00405  	0.00773  	0.00901  	0.21899  	0.17035  	-0.1203  	0.00453  	0.00751  	1.29566  	1.27433  	123.652  	115.631  	
-0.7531  	0.16858  	0.35163  	-0.6754  	-0.7073  	-0.1825  	0.96763  	0.25369  	0.32285  	1.38860  	1.19820  	0.96563  	-0.1422  	-0.9773  	-0.1039  	-0.1108  	0.74130  	0.67706  	0.42443  	-0.7701  	-0.0957  	-0.3784  	0.58059  	-0.3322  	-0.1865  	0.35396  	0.53171  	-0.9846  	-0.2613  	-0.1973  	0.30744  	-0.0749  	-0.6239  	-0.2299  	-0.1306  	0.22563  	0.01105  	0.16493  	-0.3556  	-0.1703  	0.38306  	0.22017  	-0.1348  	0.39529  	-0.0724  	0.08143  	-0.1060  	0.24187  	0.04999  	-0.0170  	0.01684  	0.02650  	-0.0531  	0.04329  	0.00821  	0.01754  	-0.0294  	0.02395  	0.01643  	-0.0029  	-0.0015  	0.00302  	0.01098  	-0.0006  	0.21899  	0.17035  	-0.1203  	0.00453  	0.00751  	1.29566  	1.27433  	123.652  	115.631  	
-0.7558  	0.15182  	0.41636  	-0.5927  	-0.6843  	-0.1871  	1.03263  	0.28968  	0.35076  	1.55965  	1.21099  	1.06535  	-0.1571  	-0.9342  	-0.2021  	0.04659  	0.60410  	0.89181  	0.35584  	-0.4257  	-0.3058  	-0.2133  	0.58099  	-0.4310  	-0.0537  	0.25338  	0.44261  	-0.7652  	-0.2034  	-0.1925  	0.23701  	-0.0454  	-0.5426  	-0.1021  	-0.0831  	0.28302  	-0.0328  	0.16979  	-0.2133  	-0.0799  	0.33785  	0.11311  	-0.0129  	0.32799  	-0.0449  	0.05287  	-0.0962  	0.24118  	0.07365  	-0.0200  	0.03455  	0.01759  	-0.0565  	0.02477  	0.01288  	0.02715  	-0.0123  	0.02266  	0.00355  	-0.0025  	0.00326  	0.00075  	0.02734  	0.00775  	0.21899  	0.17035  	-0.1203  	0.00453  	0.00751  	1.29566  	1.27433  	123.652  	115.631  	
-0.8431  	0.06982  	0.24343  	-0.5890  	-0.7205  	-0.1586  	1.04995  	0.17614  	0.32255  	1.48022  	1.15595  	0.96228  	-0.2225  	-0.8710  	-0.1650  	0.03538  	0.53493  	0.98779  	0.27500  	-0.2171  	-0.3190  	0.03429  	0.86548  	-0.3517  	0.00656  	0.14024  	0.51032  	-0.6863  	-0.3237  	-0.1471  	0.11232  	0.04111  	-0.4721  	0.05884  	0.02425  	0.32255  	0.10487  	0.15772  	-0.1352  	0.01101  	0.22341  	-0.0290  	0.09055  	0.24730  	0.02820  	0.03469  	-0.0730  	0.19907  	0.08572  	0.00016  	0.02406  	0.01458  	-0.0503  	0.00551  	-0.0022  	0.03047  	-0.0111  	0.04499  	0.01137  	0.00270  	-0.0023  	-0.0001  	0.04935  	0.01168  	0.21899  	0.17035  	-0.1203  	0.00453  	0.00751  	1.29566  	1.27433  	123.652  	115.631  	
-0.8531  	0.09273  	0.21579  	-0.6558  	-0.7987  	-0.1539  	1.07516  	0.15234  	0.33542  	1.46484  	1.16125  	0.96804  	-0.2360  	-0.8433  	-0.1928  	0.00010  	0.57788  	0.98882  	0.25280  	-0.2919  	-0.3111  	0.03476  	0.96893  	-0.3608  	-0.0594  	0.17822  	0.47588  	-0.7704  	-0.3649  	-0.1595  	0.12021  	0.02279  	-0.4737  	0.06371  	0.01394  	0.28751  	0.14135  	0.16489  	-0.1649  	-0.0173  	0.25243  	-0.0237  	0.09448  	0.25004  	0.01929  	0.03351  	-0.0667  	0.19816  	0.07914  	-0.0069  	0.01530  	0.01413  	-0.0549  	0.01587  	0.00550  	0.02367  	-0.0189  	0.04170  	0.01151  	-0.0134  	-0.0110  	0.00876  	0.04520  	0.00904  	0.21899  	0.17035  	-0.1203  	0.00453  	0.00751  	1.29566  	1.27433  	123.652  	115.631  	
-0.9728  	0.12664  	0.23744  	-0.7702  	-0.7792  	-0.2454  	1.05150  	0.15479  	0.33609  	1.44677  	1.13678  	0.91333  	-0.2400  	-0.8478  	-0.0856  	-0.1235  	0.57994  	0.98538  	0.26599  	-0.3372  	-0.2868  	0.06818  	1.03284  	-0.3901  	-0.0538  	0.17650  	0.49952  	-0.7843  	-0.3583  	-0.1725  	0.13771  	0.00346  	-0.4768  	0.06892  	-0.0233  	0.25443  	0.15357  	0.18678  	-0.1477  	-0.0501  	0.27846  	-0.0237  	0.07864  	0.25240  	0.02351  	0.03073  	-0.0690  	0.18913  	0.07414  	-0.0081  	0.01042  	0.01369  	-0.0542  	0.01011  	-0.0003  	0.01856  	-0.0172  	0.04680  	0.01380  	-0.0134  	-0.0048  	0.01702  	0.05353  	0.00853  	0.21899  	0.17035  	-0.1203  	0.00453  	0.00751  	1.29566  	1.27433  	123.652  	115.631  	
-0.8788  	0.13040  	0.23627  	-0.6211  	-0.7128  	-0.1641  	1.04486  	0.18389  	0.35602  	1.45977  	1.16589  	0.99660  	-0.2224  	-0.7799  	-0.1038  	-0.0799  	0.52983  	0.97229  	0.26476  	-0.3290  	-0.2713  	0.07412  	1.02961  	-0.3652  	-0.0811  	0.16862  	0.52758  	-0.8156  	-0.3569  	-0.1612  	0.12391  	0.01075  	-0.4356  	0.06512  	0.00102  	0.25237  	0.14316  	0.17617  	-0.1473  	-0.0241  	0.25401  	-0.0225  	0.08468  	0.25597  	0.02124  	0.02794  	-0.0690  	0.19484  	0.07570  	-0.0202  	0.00542  	0.01795  	-0.0562  	0.01164  	-0.0017  	0.02312  	-0.0198  	0.04225  	0.01285  	-0.0167  	-0.0005  	0.01162  	0.05031  	0.00396  	0.21899  	0.17035  	-0.1203  	0.00453  	0.00751  	1.29566  	1.27433  	123.652  	115.631  	
-0.7270  	0.16517  	0.35346  	-0.6781  	-0.7283  	-0.1839  	1.08975  	0.21620  	0.39744  	1.53847  	1.16695  	0.99222  	-0.1787  	-0.7261  	-0.2462  	0.04554  	0.49150  	1.04227  	0.26711  	-0.2220  	-0.3516  	0.05589  	0.91031  	-0.4528  	-0.0777  	0.16917  	0.40661  	-0.6718  	-0.3238  	-0.1678  	0.13522  	-0.0067  	-0.4123  	0.07636  	-0.0006  	0.29034  	0.10547  	0.14812  	-0.1175  	-0.0138  	0.26151  	-0.0164  	0.09838  	0.24719  	0.02791  	0.03814  	-0.0745  	0.21879  	0.09298  	-0.0142  	0.02181  	0.01590  	-0.0553  	0.00678  	-0.0023  	0.02358  	-0.0185  	0.04309  	0.00779  	-0.0102  	-0.0048  	0.01471  	0.04932  	0.00663  	0.21899  	0.17035  	-0.1203  	0.00453  	0.00751  	1.29566  	1.27433  	123.652  	115.631  	
-0.9724  	0.10960  	0.21416  	-0.7410  	-0.7616  	-0.3577  	1.11087  	0.19844  	0.36865  	1.57623  	1.23245  	0.96768  	-0.2051  	-0.7855  	-0.3466  	-0.0302  	0.50884  	1.02946  	0.26261  	-0.1738  	-0.3719  	0.04354  	0.86563  	-0.3981  	-0.0326  	0.17464  	0.43940  	-0.6832  	-0.2985  	-0.1631  	0.12496  	-0.0179  	-0.4431  	0.08303  	-0.0229  	0.32275  	0.07652  	0.13543  	-0.1026  	-0.0123  	0.25668  	-0.0186  	0.07570  	0.23494  	0.03696  	0.02960  	-0.0734  	0.21628  	0.09384  	-0.0108  	0.01641  	0.01290  	-0.0607  	0.00703  	-0.0043  	0.02051  	-0.0185  	0.04208  	0.00716  	-0.0162  	-0.0059  	0.01281  	0.05110  	0.00824  	0.21899  	0.17035  	-0.1203  	0.00453  	0.00751  	1.29566  	1.27433  	123.652  	115.631  	
-1.2284  	-0.0052  	0.03653  	-0.8127  	-0.7409  	-0.4595  	1.10804  	0.16683  	0.32942  	1.54556  	1.30256  	0.96901  	-0.1966  	-0.7922  	-0.1664  	-0.2192  	0.53894  	0.99238  	0.25310  	-0.2092  	-0.2982  	0.03121  	0.91941  	-0.3307  	-0.0487  	0.18306  	0.48822  	-0.7341  	-0.3520  	-0.1565  	0.15501  	-0.0337  	-0.4384  	0.07547  	-0.0151  	0.25656  	0.06354  	0.13215  	-0.1109  	-0.0274  	0.19576  	0.00215  	0.03762  	0.21635  	0.04705  	0.03724  	-0.0751  	0.19239  	0.07651  	0.00015  	0.00373  	0.01531  	-0.0574  	0.01173  	-0.0025  	0.01859  	-0.0218  	0.03679  	0.01025  	-0.0081  	0.00318  	0.01818  	0.04561  	0.00319  	0.21899  	0.17035  	-0.1203  	0.00453  	0.00751  	1.29566  	1.27433  	123.652  	115.631  	
-0.9459  	0.12488  	0.13000  	-0.5078  	-0.6044  	-0.2783  	1.07976  	0.32699  	0.37807  	1.41532  	1.12038  	1.09518  	-0.1191  	-0.5980  	0.06884  	-0.1800  	0.52376  	1.01068  	0.24925  	-0.2280  	-0.2498  	0.03732  	0.95776  	-0.3716  	-0.0652  	0.17508  	0.49507  	-0.7260  	-0.3507  	-0.1195  	0.16046  	-0.0355  	-0.4294  	0.06795  	0.02400  	0.20878  	0.03984  	0.12664  	-0.0735  	0.00963  	0.18360  	-0.0172  	0.03440  	0.23489  	0.03660  	0.03702  	-0.0729  	0.19005  	0.07695  	-0.0152  	0.02001  	0.01566  	-0.0664  	0.00592  	-0.0137  	0.02732  	-0.0168  	0.03931  	0.01384  	-0.0048  	0.00179  	0.01875  	0.03985  	0.00439  	0.21899  	0.17035  	-0.1203  	0.00453  	0.00751  	1.29566  	1.27433  	123.652  	115.631  	
-0.6667  	0.21406  	0.33130  	-0.3847  	-0.6428  	0.01018  	1.08133  	0.35726  	0.42894  	1.38234  	0.90849  	1.06872  	-0.0508  	-0.6276  	0.26022  	-0.0655  	0.54148  	0.96086  	0.27486  	-0.3048  	-0.2217  	0.09328  	0.99276  	-0.3550  	0.00534  	0.13805  	0.60129  	-0.8305  	-0.3638  	-0.1241  	0.13242  	0.00935  	-0.4031  	0.06914  	0.07980  	0.16930  	0.12252  	0.17561  	-0.1258  	-0.0078  	0.22193  	-0.0428  	0.07923  	0.23956  	0.03608  	0.01890  	-0.0724  	0.21741  	0.10263  	-0.0264  	0.00789  	0.01521  	-0.0650  	0.00033  	-0.0137  	0.03265  	-0.0274  	0.04505  	0.01872  	-0.0170  	-0.0001  	0.01743  	0.05347  	-0.0015  	0.21899  	0.17035  	-0.1203  	0.00453  	0.00751  	1.29566  	1.27433  	123.652  	115.631  	
-0.5652  	0.21982  	0.42066  	-0.3747  	-0.5496  	0.00161  	1.07108  	0.26898  	0.38355  	1.49151  	1.09850  	1.08428  	-0.1406  	-0.6762  	-0.0473  	0.09688  	0.50059  	0.98627  	0.29574  	-0.2242  	-0.2619  	0.09955  	0.81725  	-0.3340  	0.02227  	0.10539  	0.53688  	-0.7569  	-0.3142  	-0.1342  	0.08187  	0.01718  	-0.4369  	0.05121  	0.07436  	0.30187  	0.13718  	0.16842  	-0.1228  	0.02236  	0.22300  	-0.0320  	0.08671  	0.24510  	0.02844  	0.03505  	-0.0838  	0.22679  	0.09356  	-0.0161  	0.02243  	0.00741  	-0.0471  	0.00059  	-0.0029  	0.03787  	-0.0061  	0.03796  	0.01424  	0.00465  	0.00084  	0.00566  	0.04221  	0.00282  	0.21899  	0.17035  	-0.1203  	0.00453  	0.00751  	1.29566  	1.27433  	123.652  	115.631  	
-0.6299  	0.12088  	0.42296  	-0.4635  	-0.6010  	-0.0721  	1.10125  	0.23046  	0.35399  	1.51051  	1.10890  	0.98382  	-0.1985  	-0.8472  	-0.1973  	0.22062  	0.46442  	1.01867  	0.29148  	-0.2051  	-0.3050  	0.07159  	0.81244  	-0.3414  	0.09767  	0.11183  	0.59785  	-0.7364  	-0.3439  	-0.1430  	0.07349  	0.03739  	-0.4632  	0.05451  	0.07901  	0.35101  	0.12354  	0.17914  	-0.1270  	0.00560  	0.19649  	0.00320  	0.09106  	0.25660  	0.02618  	0.03408  	-0.0787  	0.22655  	0.09343  	-0.0183  	0.03114  	0.01434  	-0.0541  	0.00388  	0.00790  	0.03222  	-0.0031  	0.03831  	0.01151  	-0.0069  	-0.0055  	-0.0103  	0.05210  	0.00782  	0.21899  	0.17035  	-0.1203  	0.00453  	0.00751  	1.29566  	1.27433  	123.652  	115.631  	
-0.8205  	0.10341  	0.31309  	-0.4682  	-0.6281  	-0.0760  	1.09803  	0.17278  	0.32956  	1.43924  	1.04363  	0.95683  	-0.2682  	-0.8357  	-0.1582  	0.10859  	0.54565  	0.97027  	0.26549  	-0.2514  	-0.3577  	0.06502  	0.82178  	-0.2795  	0.11942  	0.12077  	0.64887  	-0.7200  	-0.3216  	-0.0670  	0.07400  	0.06601  	-0.4777  	0.04878  	0.03552  	0.39338  	0.11251  	0.15505  	-0.1219  	0.02530  	0.18487  	-0.0123  	0.07786  	0.25233  	0.02531  	0.04069  	-0.0879  	0.20004  	0.08091  	-0.0085  	0.01824  	0.01321  	-0.0520  	0.00393  	-0.0027  	0.02496  	-0.0122  	0.04872  	0.00804  	-0.0031  	-0.0066  	-0.0034  	0.05479  	0.00985  	0.21899  	0.17035  	-0.1203  	0.00453  	0.00751  	1.29566  	1.27433  	123.652  	115.631  	
-0.6404  	0.17396  	0.27373  	-0.1221  	-0.4518  	-0.0360  	1.14615  	0.32550  	0.37213  	1.32276  	0.77579  	1.07463  	-0.1475  	-0.4986  	0.29799  	-0.0197  	0.54195  	0.95494  	0.25302  	-0.2931  	-0.3278  	0.08610  	0.86177  	-0.3194  	0.07520  	0.14364  	0.61272  	-0.7123  	-0.2445  	-0.0575  	0.07223  	0.01153  	-0.4517  	0.08328  	0.03035  	0.23501  	0.04482  	0.16691  	-0.1057  	0.00827  	0.17049  	0.00882  	0.09001  	0.25247  	0.02280  	0.03425  	-0.0780  	0.21182  	0.09959  	-0.0423  	0.01308  	0.01835  	-0.0539  	0.00758  	-0.0126  	0.03052  	-0.0157  	0.03603  	0.01553  	-0.0104  	0.00033  	0.01306  	0.04329  	-0.0003  	0.21899  	0.17035  	-0.1203  	0.00453  	0.00751  	1.29566  	1.27433  	123.652  	115.631  	
-0.4966  	0.23389  	0.25951  	0.02508  	-0.3587  	0.11142  	1.10218  	0.38809  	0.40377  	1.35029  	0.67941  	1.03396  	-0.0297  	-0.4097  	0.51685  	-0.1086  	0.52361  	0.90574  	0.27596  	-0.3310  	-0.3135  	0.15249  	0.90306  	-0.3886  	0.15598  	0.13323  	0.62974  	-0.7921  	-0.2372  	-0.0322  	0.06715  	0.02066  	-0.4603  	0.07358  	0.10546  	0.18374  	0.02061  	0.14909  	-0.0814  	0.00424  	0.13594  	-0.0219  	0.09558  	0.28149  	0.01426  	0.03408  	-0.0751  	0.23326  	0.09587  	-0.0158  	0.01884  	0.01723  	-0.0486  	0.00834  	0.00037  	0.02952  	-0.0299  	0.03618  	0.00568  	-0.0078  	-0.0125  	0.00485  	0.02227  	7.80485  	0.21899  	0.17035  	-0.1203  	0.00453  	0.00751  	1.29566  	1.27433  	123.652  	115.631  	
-0.5055  	0.19871  	0.40754  	-0.2329  	-0.4639  	-0.0072  	1.10087  	0.27495  	0.39295  	1.41922  	0.96371  	1.01683  	-0.1564  	-0.6617  	0.09018  	0.11280  	0.51411  	0.96680  	0.24250  	-0.2704  	-0.3374  	0.13742  	0.84531  	-0.2961  	0.05013  	0.12343  	0.55735  	-0.7684  	-0.3057  	-0.0928  	0.06299  	0.00963  	-0.4551  	0.06267  	0.07666  	0.25709  	0.09634  	0.13772  	-0.1161  	0.02543  	0.16641  	-0.0038  	0.08707  	0.25795  	0.02215  	0.04058  	-0.0750  	0.22275  	0.09906  	-0.0111  	0.02553  	0.01603  	-0.0535  	0.00241  	-0.0075  	0.03084  	-0.0168  	0.03682  	0.01282  	-0.0110  	-0.0105  	0.00793  	0.03149  	0.00228  	0.21899  	0.17035  	-0.1203  	0.00453  	0.00751  	1.29566  	1.27433  	123.652  	115.631  	
-0.6321  	0.10433  	0.36994  	-0.3311  	-0.4974  	-0.1328  	1.14134  	0.17708  	0.34637  	1.55432  	1.07877  	1.04100  	-0.1866  	-0.8364  	-0.1629  	0.19268  	0.47263  	1.05635  	0.27968  	-0.2197  	-0.4295  	0.06985  	0.75682  	-0.3221  	0.12512  	0.12359  	0.61189  	-0.6739  	-0.2762  	-0.0929  	0.08027  	0.04685  	-0.4741  	0.06097  	0.04266  	0.38908  	0.04990  	0.15953  	-0.0943  	0.01678  	0.18103  	0.00441  	0.07931  	0.26225  	0.03329  	0.03211  	-0.0858  	0.23258  	0.10474  	-0.0223  	0.03158  	0.01720  	-0.0476  	0.00806  	0.00647  	0.03060  	-0.0104  	0.03710  	0.01717  	-0.0012  	-0.0063  	-0.0103  	0.05490  	0.00335  	0.21899  	0.17035  	-0.1203  	0.00453  	0.00751  	1.29566  	1.27433  	123.652  	115.631  	
-0.8204  	0.13202  	0.23578  	-0.5959  	-0.6617  	-0.1617  	1.13192  	0.17394  	0.33043  	1.50654  	1.07962  	0.95051  	-0.2088  	-0.8781  	-0.2485  	0.04830  	0.52211  	1.09124  	0.25736  	-0.2151  	-0.4412  	0.05750  	0.83789  	-0.4048  	0.07925  	0.13780  	0.51817  	-0.6092  	-0.2496  	-0.1228  	0.09037  	0.02591  	-0.4790  	0.07331  	-0.0421  	0.39698  	0.03615  	0.14838  	-0.0729  	0.02307  	0.23131  	-0.0281  	0.08277  	0.26814  	0.02873  	0.02864  	-0.0815  	0.21247  	0.08771  	-0.0168  	0.02141  	0.01799  	-0.0471  	0.01233  	0.00378  	0.02353  	-0.0149  	0.03827  	0.01525  	-0.0029  	0.00068  	0.00588  	0.05117  	0.00791  	0.21899  	0.17035  	-0.1203  	0.00453  	0.00751  	1.29566  	1.27433  	123.652  	115.631  	
-1.0455  	0.08117  	0.12237  	-0.7496  	-0.6800  	-0.3688  	1.16338  	0.13580  	0.33164  	1.53133  	1.12788  	0.91975  	-0.1898  	-0.8612  	-0.2228  	-0.0807  	0.52048  	1.05700  	0.22735  	-0.1971  	-0.4265  	0.04556  	0.91974  	-0.3817  	0.01754  	0.15474  	0.46244  	-0.6238  	-0.2668  	-0.1472  	0.13551  	-0.0267  	-0.4592  	0.09174  	-0.0359  	0.33845  	0.02302  	0.12865  	-0.1138  	0.00224  	0.24488  	-0.0294  	0.05815  	0.25463  	0.03517  	0.02365  	-0.0781  	0.19102  	0.08788  	-0.0047  	0.03387  	0.01331  	-0.0610  	0.00371  	0.00107  	0.02155  	-0.0117  	0.04967  	0.02024  	-0.0124  	-0.0091  	0.01702  	0.05064  	0.00793  	0.21899  	0.17035  	-0.1203  	0.00453  	0.00751  	1.29566  	1.27433  	123.652  	115.631  	
-1.3671  	0.00731  	0.03043  	-1.0066  	-0.8225  	-0.5495  	1.12278  	0.13164  	0.32455  	1.56281  	1.32953  	0.85167  	-0.1947  	-0.8148  	-0.2608  	-0.2252  	0.52603  	0.99314  	0.22934  	-0.2509  	-0.3327  	0.09469  	1.00867  	-0.3491  	-0.0877  	0.19384  	0.44682  	-0.7488  	-0.3226  	-0.2018  	0.16606  	-0.0383  	-0.4234  	0.08764  	-0.0555  	0.26843  	0.03282  	0.14731  	-0.1050  	-0.0144  	0.24855  	0.00080  	0.04034  	0.21556  	0.02380  	0.02838  	-0.0693  	0.19537  	0.08163  	-0.0161  	0.00084  	0.01640  	-0.0555  	0.00989  	-0.0071  	0.01287  	-0.0244  	0.04000  	0.01437  	-0.0049  	0.00635  	0.02451  	0.04332  	0.00769  	0.21899  	0.17035  	-0.1203  	0.00453  	0.00751  	1.29566  	1.27433  	123.652  	115.631  	
-1.2966  	0.04144  	0.01707  	-1.0208  	-0.7856  	-0.5696  	1.08739  	0.18977  	0.34172  	1.56063  	1.42497  	0.88455  	-0.1803  	-0.7886  	-0.2364  	-0.2373  	0.55488  	0.94712  	0.24209  	-0.2133  	-0.2353  	0.03413  	0.98648  	-0.3808  	-0.1082  	0.21670  	0.45489  	-0.7884  	-0.3749  	-0.1743  	0.15150  	-0.0592  	-0.4288  	0.10174  	-0.0058  	0.21726  	0.08989  	0.15104  	-0.1104  	-0.0288  	0.24014  	-0.0210  	0.02990  	0.22971  	0.02591  	0.02314  	-0.0682  	0.18870  	0.08353  	-0.0193  	0.00922  	0.01101  	-0.0642  	0.01297  	-0.0098  	0.02492  	-0.0227  	0.03981  	0.00269  	-0.0043  	0.00745  	0.03511  	0.03940  	0.00293  	0.21899  	0.17035  	-0.1203  	0.00453  	0.00751  	1.29566  	1.27433  	123.652  	115.631  	
-1.1816  	0.08742  	0.09546  	-1.0377  	-0.8546  	-0.5318  	1.10284  	0.20492  	0.33882  	1.61480  	1.35087  	0.85836  	-0.1675  	-0.7547  	-0.2587  	-0.2757  	0.56485  	0.98054  	0.22843  	-0.2275  	-0.2792  	0.07045  	0.97791  	-0.3577  	-0.0446  	0.19094  	0.49991  	-0.7884  	-0.3459  	-0.1995  	0.16956  	-0.0555  	-0.4122  	0.07176  	-0.0738  	0.25695  	0.10253  	0.12758  	-0.0885  	-0.0277  	0.24487  	-0.0263  	0.03118  	0.22477  	0.04071  	0.03448  	-0.0680  	0.20403  	0.08053  	-0.0116  	0.00405  	0.01773  	-0.0624  	0.00467  	-0.0009  	0.01483  	-0.0160  	0.04331  	0.01385  	-0.0093  	0.00473  	0.02506  	0.04262  	0.00331  	0.21899  	0.17035  	-0.1203  	0.00453  	0.00751  	1.29566  	1.27433  	123.652  	115.631  	
-0.8831  	0.10648  	0.23290  	-0.6753  	-0.7458  	-0.2012  	1.11057  	0.23700  	0.38128  	1.47154  	1.11940  	0.97539  	-0.1919  	-0.8184  	-0.1725  	-0.0598  	0.56136  	1.05208  	0.25804  	-0.2224  	-0.3483  	0.04576  	0.93384  	-0.4052  	-0.0422  	0.17929  	0.46185  	-0.6801  	-0.2949  	-0.1564  	0.13753  	-0.0135  	-0.4270  	0.07610  	-0.0674  	0.27110  	0.04296  	0.13334  	-0.0947  	-0.0083  	0.26500  	-0.0389  	0.07961  	0.24897  	0.02247  	0.03680  	-0.0665  	0.20520  	0.08449  	-0.0048  	0.02025  	0.01818  	-0.0585  	0.00380  	-0.0036  	0.02182  	-0.0121  	0.04039  	0.01241  	-0.0160  	-0.0031  	0.02405  	0.04248  	0.00780  	0.21899  	0.17035  	-0.1203  	0.00453  	0.00751  	1.29566  	1.27433  	123.652  	115.631  	
-0.7483  	0.12255  	0.29019  	-0.4593  	-0.6022  	-0.1740  	1.12486  	0.19854  	0.36243  	1.51529  	1.07278  	1.02423  	-0.1717  	-0.8524  	-0.1657  	0.05133  	0.52902  	1.05943  	0.24376  	-0.1669  	-0.4478  	0.03342  	0.86247  	-0.4081  	-0.0226  	0.15619  	0.41804  	-0.5834  	-0.2456  	-0.1570  	0.11220  	-0.0101  	-0.4438  	0.06631  	-0.0521  	0.31396  	0.01680  	0.13068  	-0.0808  	0.04601  	0.24327  	-0.0487  	0.10602  	0.26256  	0.02846  	0.02865  	-0.0654  	0.21658  	0.09351  	-0.0217  	0.02956  	0.01228  	-0.0555  	0.00017  	0.00361  	0.02098  	-0.0121  	0.03807  	0.00938  	-0.0052  	-0.0045  	0.01018  	0.04498  	0.01185  	0.21899  	0.17035  	-0.1203  	0.00453  	0.00751  	1.29566  	1.27433  	123.652  	115.631  	
-0.7023  	0.13422  	0.31812  	-0.4078  	-0.5084  	-0.1841  	1.13459  	0.20260  	0.36179  	1.60514  	1.10034  	1.04647  	-0.1784  	-0.8726  	-0.1843  	0.13953  	0.47735  	1.08370  	0.25685  	-0.1555  	-0.4889  	0.05921  	0.75786  	-0.4138  	0.09528  	0.13790  	0.48355  	-0.5532  	-0.2074  	-0.1157  	0.07729  	0.01482  	-0.4663  	0.06566  	-0.0275  	0.37687  	0.00020  	0.14809  	-0.0612  	0.03648  	0.21648  	-0.0173  	0.09779  	0.25943  	0.02819  	0.03059  	-0.0760  	0.22575  	0.09746  	-0.0209  	0.02916  	0.01349  	-0.0547  	0.00110  	0.00932  	0.02322  	-0.0100  	0.03989  	0.01005  	-0.0058  	-0.0054  	-0.0001  	0.04806  	0.00905  	0.21899  	0.17035  	-0.1203  	0.00453  	0.00751  	1.29566  	1.27433  	123.652  	115.631  	
-0.7688  	0.08631  	0.18591  	-0.4920  	-0.5822  	-0.1309  	1.14466  	0.13783  	0.32529  	1.49746  	1.10365  	0.96785  	-0.1761  	-0.8887  	-0.1273  	0.04742  	0.51529  	1.03382  	0.26124  	-0.2370  	-0.4424  	0.05938  	0.82012  	-0.3929  	0.12342  	0.13147  	0.54070  	-0.5930  	-0.2541  	-0.0909  	0.10446  	0.02830  	-0.4998  	0.07666  	-0.0110  	0.37859  	0.03763  	0.15226  	-0.0906  	0.00147  	0.21187  	-0.0206  	0.08338  	0.25994  	0.02838  	0.02767  	-0.0812  	0.20718  	0.08443  	-0.0145  	0.03057  	0.01916  	-0.0500  	0.01095  	0.00853  	0.02667  	-0.0114  	0.04300  	0.01446  	-0.0071  	-0.0028  	0.00137  	0.05101  	0.00398  	0.21899  	0.17035  	-0.1203  	0.00453  	0.00751  	1.29566  	1.27433  	123.652  	115.631  	
-0.8534  	0.07234  	0.16303  	-0.5876  	-0.6798  	-0.1724  	1.13541  	0.14305  	0.33946  	1.42967  	1.06356  	0.93815  	-0.1845  	-0.8603  	-0.1129  	-0.0229  	0.53802  	1.04810  	0.24111  	-0.2247  	-0.4487  	0.04623  	0.88024  	-0.3911  	0.06089  	0.16636  	0.48254  	-0.5974  	-0.2332  	-0.1321  	0.11645  	0.00433  	-0.4765  	0.07590  	-0.0368  	0.33746  	0.03989  	0.15162  	-0.1039  	-0.0029  	0.25006  	-0.0308  	0.09701  	0.25977  	0.02578  	0.03057  	-0.0775  	0.19369  	0.07158  	-0.0142  	0.02288  	0.01820  	-0.0524  	0.00248  	0.00595  	0.02299  	-0.0111  	0.04043  	0.01756  	-0.0117  	-0.0105  	0.01284  	0.04178  	0.00971  	0.21899  	0.17035  	-0.1203  	0.00453  	0.00751  	1.29566  	1.27433  	123.652  	115.631  	
-0.8797  	0.09178  	0.21449  	-0.6372  	-0.7260  	-0.2322  	1.11153  	0.13398  	0.34463  	1.44056  	1.05445  	0.91178  	-0.1967  	-0.9056  	-0.1534  	-0.0482  	0.56007  	1.06391  	0.25465  	-0.1832  	-0.4252  	0.02721  	0.92745  	-0.4176  	0.00413  	0.17846  	0.42719  	-0.6159  	-0.2721  	-0.1695  	0.11559  	-0.0096  	-0.4618  	0.07768  	-0.0544  	0.30281  	0.04584  	0.15424  	-0.1101  	0.00323  	0.25895  	-0.0313  	0.08903  	0.26387  	0.02506  	0.02710  	-0.0731  	0.19525  	0.07824  	-0.0137  	0.02518  	0.01739  	-0.0569  	0.00495  	-0.0002  	0.02278  	-0.0115  	0.04009  	0.01752  	-0.0087  	-0.0074  	0.01457  	0.04285  	0.00499  	0.21899  	0.17035  	-0.1203  	0.00453  	0.00751  	1.29566  	1.27433  	123.652  	115.631  	
-1.0679  	0.07872  	0.16240  	-0.8259  	-0.7563  	-0.3767  	1.14849  	0.14449  	0.34526  	1.54887  	1.11930  	0.88851  	-0.1993  	-0.8624  	-0.2066  	-0.1095  	0.52374  	1.07330  	0.24067  	-0.2121  	-0.4495  	0.04772  	0.96003  	-0.4606  	-0.0589  	0.18095  	0.38909  	-0.6347  	-0.2647  	-0.1689  	0.15685  	-0.0405  	-0.4347  	0.09428  	-0.1082  	0.29351  	-0.0081  	0.13003  	-0.0975  	-0.0080  	0.28873  	-0.0218  	0.08203  	0.25739  	0.02436  	0.02751  	-0.0708  	0.20440  	0.08244  	-0.0136  	0.01530  	0.01387  	-0.0579  	0.00246  	-0.0050  	0.01919  	-0.0183  	0.04243  	0.01128  	-0.0155  	9.02712  	0.01684  	0.04804  	0.00991  	0.21899  	0.17035  	-0.1203  	0.00453  	0.00751  	1.29566  	1.27433  	123.652  	115.631  	
-1.2414  	0.04828  	0.08595  	-0.8726  	-0.7930  	-0.5260  	1.14042  	0.13820  	0.33915  	1.59938  	1.27248  	0.88688  	-0.1835  	-0.8051  	-0.1714  	-0.1702  	0.50824  	0.99963  	0.20419  	-0.2259  	-0.3767  	0.11945  	0.97902  	-0.3693  	-0.1008  	0.20212  	0.40977  	-0.7267  	-0.2869  	-0.1867  	0.17103  	-0.0444  	-0.4298  	0.09823  	-0.0730  	0.26752  	-6.4656  	0.15445  	-0.1041  	0.00380  	0.28935  	-0.0111  	0.07607  	0.23196  	0.01855  	0.02860  	-0.0596  	0.19774  	0.07985  	-0.0182  	0.00206  	0.01772  	-0.0531  	0.01013  	-0.0079  	0.00869  	-0.0238  	0.03585  	0.01067  	-0.0063  	0.00321  	0.02006  	0.04135  	0.00826  	0.21899  	0.17035  	-0.1203  	0.00453  	0.00751  	1.29566  	1.27433  	123.652  	115.631  	
-1.0703  	0.08317  	0.14212  	-0.7849  	-0.7376  	-0.4327  	1.09559  	0.27733  	0.37293  	1.50074  	1.32372  	0.96482  	-0.1733  	-0.7004  	-0.0466  	-0.1528  	0.56437  	0.94716  	0.19740  	-0.2561  	-0.2664  	0.06396  	0.96302  	-0.3154  	-0.0949  	0.19057  	0.50462  	-0.7970  	-0.4279  	-0.1817  	0.15964  	-0.0283  	-0.4215  	0.06161  	-0.0492  	0.18996  	0.11092  	0.15582  	-0.1097  	-0.0481  	0.23864  	-0.0147  	0.04685  	0.22515  	0.02420  	0.03787  	-0.0700  	0.18929  	0.07672  	-0.0014  	0.00944  	0.01958  	-0.0614  	0.01040  	-0.0101  	0.01081  	-0.0282  	0.03837  	0.00282  	-0.0123  	0.00407  	0.03154  	0.03391  	0.01449  	0.21899  	0.17035  	-0.1203  	0.00453  	0.00751  	1.29566  	1.27433  	123.652  	115.631  	
-0.6816  	0.22800  	0.38487  	-0.5318  	-0.6636  	-0.0885  	1.10469  	0.37315  	0.43752  	1.44965  	1.03218  	1.00255  	-0.0599  	-0.4893  	0.12779  	-0.1076  	0.57162  	0.97828  	0.24170  	-0.2687  	-0.2080  	0.08012  	0.95427  	-0.3276  	-0.1041  	0.16641  	0.49686  	-0.8305  	-0.4188  	-0.1753  	0.17218  	-0.0313  	-0.3863  	0.06930  	0.03082  	0.15107  	0.14516  	0.15643  	-0.1224  	0.00332  	0.22956  	-0.0423  	0.09378  	0.23467  	0.01328  	0.04119  	-0.0683  	0.21652  	0.07556  	-0.0009  	0.01769  	0.01659  	-0.0612  	0.00290  	-0.0073  	0.03350  	-0.0271  	0.03456  	0.00951  	-0.0052  	0.00093  	0.03254  	0.03585  	0.00857  	0.21899  	0.17035  	-0.1203  	0.00453  	0.00751  	1.29566  	1.27433  	123.652  	115.631  	
-0.4630  	0.26411  	0.46350  	-0.4566  	-0.6845  	0.04495  	1.10836  	0.41304  	0.45291  	1.38733  	0.90018  	0.99904  	-0.0123  	-0.3993  	0.31525  	-0.1038  	0.57342  	0.93042  	0.24379  	-0.3403  	-0.1610  	0.14348  	1.04505  	-0.3731  	-0.0790  	0.14592  	0.50256  	-0.8912  	-0.4275  	-0.1711  	0.15024  	-0.0109  	-0.3944  	0.06757  	0.01210  	0.12078  	0.18091  	0.19040  	-0.1269  	-0.0341  	0.24383  	-0.0547  	0.13493  	0.26091  	0.00507  	0.03675  	-0.0811  	0.23037  	0.08972  	-0.0057  	-0.0003  	0.01773  	-0.0610  	0.00946  	-0.0024  	0.03743  	-0.0313  	0.03761  	0.00792  	-0.0094  	0.00561  	0.02965  	0.03858  	0.00145  	0.21899  	0.17035  	-0.1203  	0.00453  	0.00751  	1.29566  	1.27433  	123.652  	115.631  	
-0.4657  	0.28763  	0.41854  	-0.4901  	-0.6875  	-0.0355  	1.17528  	0.36259  	0.43902  	1.41343  	1.00643  	0.91417  	-0.0464  	-0.4352  	0.20795  	-0.1153  	0.53370  	0.94741  	0.24840  	-0.3435  	-0.1721  	0.10917  	0.96067  	-0.3462  	-0.0526  	0.16212  	0.58114  	-0.9220  	-0.3941  	-0.1699  	0.13826  	-0.0092  	-0.3971  	0.05512  	0.08391  	0.18009  	0.14355  	0.18652  	-0.1288  	-0.0120  	0.22932  	-0.0136  	0.10038  	0.25997  	0.01562  	0.03645  	-0.0868  	0.22533  	0.07950  	-0.0001  	-0.0023  	0.01866  	-0.0515  	0.01904  	-0.0003  	0.02654  	-0.0231  	0.03516  	0.01277  	-0.0118  	-0.0021  	0.03971  	0.03818  	0.00494  	0.21899  	0.17035  	-0.1203  	0.00453  	0.00751  	1.29566  	1.27433  	123.652  	115.631  	
-0.5142  	0.28598  	0.41229  	-0.4186  	-0.6830  	-0.0106  	1.10464  	0.42204  	0.46285  	1.37432  	1.09109  	0.99252  	-0.0896  	-0.4788  	0.21467  	-3.4943  	0.55650  	0.93666  	0.25807  	-0.3168  	-0.0652  	0.09426  	0.98015  	-0.3160  	-0.1081  	0.15037  	0.58631  	-0.9557  	-0.5099  	-0.1738  	0.13789  	0.02224  	-0.4000  	0.06695  	0.10877  	0.11608  	0.24499  	0.21367  	-0.1698  	-0.0579  	0.22980  	-0.0122  	0.08994  	0.24933  	0.02024  	0.03874  	-0.0745  	0.21318  	0.07702  	0.00334  	-0.0084  	0.01814  	-0.0555  	0.01601  	-4.9531  	0.03583  	-0.0245  	0.03629  	0.00823  	-0.0107  	0.00343  	0.03596  	0.03826  	0.00314  	0.21899  	0.17035  	-0.1203  	0.00453  	0.00751  	1.29566  	1.27433  	123.652  	115.631  	
-0.5308  	0.24676  	0.40854  	-0.3796  	-0.6691  	-0.0212  	1.10164  	0.40444  	0.45485  	1.31526  	1.14272  	0.97632  	-0.1033  	-0.4810  	0.28280  	-0.0100  	0.55858  	0.91750  	0.23307  	-0.3411  	-0.0162  	0.08399  	0.98775  	-0.2985  	-0.0979  	0.14287  	0.59190  	-0.9883  	-0.5476  	-0.1806  	0.12156  	0.03712  	-0.4060  	0.06761  	0.15638  	0.07591  	0.28222  	0.23514  	-0.2142  	-0.0793  	0.20037  	-0.0175  	0.07114  	0.23683  	0.02616  	0.03868  	-0.0677  	0.18972  	0.07680  	0.00446  	-0.0071  	0.01833  	-0.0518  	0.01347  	-0.0025  	0.03020  	-0.0316  	0.03827  	0.00513  	-0.0111  	0.00521  	0.02710  	0.03840  	0.00035  	0.21899  	0.17035  	-0.1203  	0.00453  	0.00751  	1.29566  	1.27433  	123.652  	115.631  	
-0.3628  	0.32753  	0.53634  	-0.3731  	-0.7124  	0.08801  	1.12907  	0.48773  	0.51449  	1.27954  	1.17363  	1.02853  	-0.0990  	-0.4076  	0.31054  	0.04962  	0.55237  	0.86866  	0.25160  	-0.3937  	0.09234  	0.11050  	1.05485  	-0.2646  	-0.1192  	0.13190  	0.66820  	-1.0842  	-0.6482  	-0.1844  	0.12081  	0.05141  	-0.3896  	0.06338  	0.19864  	0.05560  	0.35456  	0.25801  	-0.2231  	-0.0977  	0.17303  	-0.0253  	0.08499  	0.24195  	0.01621  	0.03654  	-0.0734  	0.21509  	0.08735  	-0.0030  	-0.0083  	0.01813  	-0.0532  	0.01715  	-0.0065  	0.04150  	-0.0316  	0.03828  	0.00225  	-0.0056  	0.00638  	0.02423  	0.04040  	0.00360  	0.21899  	0.17035  	-0.1203  	0.00453  	0.00751  	1.29566  	1.27433  	123.652  	115.631  	
-0.3353  	0.33138  	0.58363  	-0.3456  	-0.6801  	0.07351  	1.09403  	0.55241  	0.49615  	1.26848  	1.19403  	1.05856  	-0.0429  	-0.4485  	0.36241  	0.00218  	0.65999  	0.69886  	0.31371  	-0.6629  	0.13312  	-0.1259  	0.80982  	-0.2503  	-0.1956  	0.23501  	0.66914  	-1.1650  	-0.5666  	-0.1991  	0.23571  	-0.0005  	-0.4827  	-0.1011  	0.13386  	0.02761  	0.26271  	0.25762  	-0.3308  	-0.1841  	0.24010  	0.10762  	-0.0322  	0.32070  	-0.0450  	0.05706  	-0.0996  	0.23445  	0.07279  	-0.0198  	0.00200  	0.02631  	-0.0514  	0.03377  	0.00127  	0.03869  	-0.0349  	0.02805  	0.00388  	0.00445  	0.01004  	0.02052  	0.02592  	0.00717  	0.21899  	0.17035  	-0.1203  	0.00453  	0.00751  	1.29566  	1.27433  	123.652  	115.631  	
-0.3330  	0.34408  	0.61621  	-0.3284  	-0.6737  	0.05120  	1.06633  	0.60066  	0.47941  	1.24726  	1.20705  	1.07275  	-0.0037  	-0.4904  	0.41081  	-0.0465  	0.73484  	0.56465  	0.37189  	-0.8756  	0.19107  	-0.3093  	0.60593  	-0.2482  	-0.2509  	0.31652  	0.66650  	-1.2403  	-0.5018  	-0.2155  	0.33004  	-0.0399  	-0.5589  	-0.2332  	0.08159  	0.00475  	0.19236  	0.25611  	-0.4245  	-0.2518  	0.30074  	0.21356  	-0.1267  	0.38430  	-0.0925  	0.07349  	-0.1188  	0.24964  	0.06025  	-0.0294  	0.00699  	0.03023  	-0.0504  	0.04724  	0.00628  	0.03756  	-0.0369  	0.01892  	0.00439  	0.01150  	0.01381  	0.01794  	0.01283  	0.00759  	0.21899  	0.17035  	-0.1203  	0.00453  	0.00751  	1.29566  	1.27433  	123.652  	115.631  	
-0.3767  	0.33749  	0.60959  	-0.3522  	-0.6653  	0.00656  	1.06653  	0.57620  	0.47671  	1.28288  	1.20438  	1.10009  	0.00788  	-0.5247  	0.34743  	-0.0777  	0.75379  	0.56992  	0.37840  	-0.8673  	0.14060  	-0.3788  	0.51506  	-0.3018  	-0.2551  	0.35206  	0.59379  	-1.1434  	-0.3990  	-0.2302  	0.36568  	-0.0772  	-0.5574  	-0.2694  	0.00871  	0.02374  	0.11208  	0.23080  	-0.4294  	-0.2641  	0.35434  	0.22766  	-0.1332  	0.39927  	-0.1031  	0.07523  	-0.1186  	0.25609  	0.05618  	-0.0312  	0.00919  	0.02938  	-0.0531  	0.04533  	0.00856  	0.03209  	-0.0350  	0.01215  	0.00602  	0.01252  	0.01428  	0.01579  	0.01147  	0.00707  	0.21899  	0.17035  	-0.1203  	0.00453  	0.00751  	1.29566  	1.27433  	123.652  	115.631  	
-1.1336  	0.08426  	0.10235  	-0.8329  	-0.7602  	-0.4713  	1.03894  	0.27033  	0.37788  	1.50356  	1.38092  	1.06027  	-0.0853  	-0.8312  	-0.2495  	-0.1880  	0.71531  	0.72491  	0.38484  	-0.6406  	-0.2486  	-0.3947  	0.47522  	-0.4084  	-0.3569  	0.43709  	0.25757  	-0.7636  	-0.2283  	-0.2980  	0.41821  	-0.1282  	-0.5596  	-0.2207  	-0.2015  	0.18927  	-0.1437  	0.11882  	-0.3105  	-0.2253  	0.42402  	0.21744  	-0.1380  	0.38102  	-0.1040  	0.06788  	-0.1168  	0.26493  	0.06812  	-0.0319  	0.01045  	0.02120  	-0.0590  	0.03553  	0.01342  	0.02170  	-0.0268  	0.02490  	0.00239  	0.00728  	0.02016  	0.01835  	0.02540  	0.01531  	0.21899  	0.17035  	-0.1203  	0.00453  	0.00751  	1.29566  	1.27433  	123.652  	115.631  	
-1.2699  	0.00756  	-0.0002  	-0.9661  	-0.7126  	-0.6091  	1.08216  	0.26457  	0.35594  	1.53660  	1.44190  	0.95077  	-0.1461  	-0.8569  	-0.2631  	-0.3075  	0.62318  	0.82420  	0.31424  	-0.4530  	-0.2440  	-0.1840  	0.64674  	-0.4089  	-0.1922  	0.30782  	0.34394  	-0.7489  	-0.2368  	-0.2431  	0.27908  	-0.1128  	-0.4989  	-0.0858  	-0.1145  	0.20368  	-0.0364  	0.12665  	-0.2106  	-0.1364  	0.31888  	0.11767  	-0.0556  	0.28326  	-0.0288  	0.04979  	-0.0894  	0.22996  	0.06627  	-0.0192  	0.01155  	0.02060  	-0.0642  	0.02687  	0.00421  	0.01695  	-0.0265  	0.02523  	0.01061  	0.00959  	0.00711  	0.01050  	0.02749  	0.00706  	0.21899  	0.17035  	-0.1203  	0.00453  	0.00751  	1.29566  	1.27433  	123.652  	115.631  	
-1.0924  	0.05926  	0.12205  	-0.9023  	-0.7857  	-0.5015  	1.09308  	0.24029  	0.36937  	1.50586  	1.27635  	0.90704  	-0.1395  	-0.7491  	-0.1061  	-0.2087  	0.57986  	1.00165  	0.26046  	-0.2261  	-0.2956  	0.05406  	0.93148  	-0.3686  	-0.0702  	0.20094  	0.48782  	-0.7899  	-0.3655  	-0.1949  	0.19985  	-0.0566  	-0.3906  	0.06627  	-0.0328  	0.24594  	0.06224  	0.14018  	-0.0902  	-0.0300  	0.26449  	-0.0178  	0.05393  	0.22416  	0.03287  	0.02697  	-0.0681  	0.21707  	0.07044  	-0.0252  	0.00960  	0.02245  	-0.0643  	0.00837  	-0.0034  	0.01681  	-0.0209  	0.03696  	0.01319  	-0.0046  	0.00052  	0.02262  	0.04711  	0.00594  	0.21899  	0.17035  	-0.1203  	0.00453  	0.00751  	1.29566  	1.27433  	123.652  	115.631  	
-0.7128  	0.07128  	0.28288  	-0.6487  	-0.7863  	-0.0556  	1.10649  	0.35781  	0.42520  	1.41108  	1.08748  	0.93489  	-0.1107  	-0.6963  	-0.1701  	0.04920  	0.58075  	1.05337  	0.27246  	-0.2681  	-0.3173  	0.05592  	0.92047  	-0.3654  	-0.0594  	0.16955  	0.48003  	-0.7948  	-0.3864  	-0.1667  	0.14612  	0.01412  	-0.4187  	0.05489  	-0.0177  	0.23177  	0.05226  	0.18273  	-0.0855  	-0.0054  	0.28454  	-0.0544  	0.11158  	0.22664  	0.01716  	0.03951  	-0.0710  	0.21638  	0.08175  	0.01076  	0.02141  	0.01767  	-0.0584  	0.00452  	-0.0074  	0.02769  	-0.0269  	0.02967  	0.01701  	-0.0027  	-0.0049  	0.03028  	0.04562  	0.00715  	0.21899  	0.17035  	-0.1203  	0.00453  	0.00751  	1.29566  	1.27433  	123.652  	115.631  	
-0.6236  	0.17361  	0.34387  	-0.4012  	-0.5712  	-0.0870  	1.13239  	0.21745  	0.39662  	1.47904  	1.05027  	1.08372  	-0.1361  	-0.7255  	-0.0744  	0.03875  	0.53162  	1.05011  	0.25546  	-0.1407  	-0.3910  	0.06165  	0.80828  	-0.3935  	0.02279  	0.13488  	0.43011  	-0.6158  	-0.2150  	-0.1337  	0.09705  	-4.7385  	-0.4373  	0.07416  	-0.0217  	0.31016  	0.02221  	0.15436  	-0.0656  	0.04042  	0.26886  	-0.0423  	0.12047  	0.25469  	0.03156  	0.03393  	-0.0723  	0.22140  	0.09291  	-0.0186  	0.02898  	0.01535  	-0.0591  	-0.0023  	0.00182  	0.03620  	-0.0162  	0.03403  	0.01031  	-0.0027  	-0.0043  	0.01180  	0.03997  	0.00618  	0.21899  	0.17035  	-0.1203  	0.00453  	0.00751  	1.29566  	1.27433  	123.652  	115.631  	
-0.6608  	0.17378  	0.34386  	-0.2790  	-0.5187  	-0.0068  	1.09573  	0.22262  	0.36778  	1.40762  	0.89219  	0.95110  	-0.1449  	-0.6680  	0.03576  	-0.0161  	0.52708  	1.00138  	0.27285  	-0.2122  	-0.3036  	0.06799  	0.83147  	-0.3491  	0.08779  	0.12821  	0.56790  	-0.7183  	-0.2910  	-0.0809  	0.06832  	0.01927  	-0.4561  	0.08646  	0.06240  	0.30330  	0.10611  	0.17229  	-0.0962  	0.01726  	0.18184  	-0.0171  	0.07688  	0.25390  	0.03205  	0.03819  	-0.0862  	0.21164  	0.09107  	-0.0191  	0.02886  	0.01382  	-0.0552  	0.00447  	0.00280  	0.03739  	-0.0098  	0.04509  	0.01764  	-0.0070  	-0.0082  	0.00107  	0.03864  	0.00084  	0.21899  	0.17035  	-0.1203  	0.00453  	0.00751  	1.29566  	1.27433  	123.652  	115.631  	
-0.6117  	0.18905  	0.34086  	-0.4400  	-0.5829  	-0.0580  	1.13844  	0.20901  	0.37804  	1.41453  	0.97992  	0.95463  	-0.1695  	-0.6995  	-0.0653  	0.01860  	0.50124  	1.05248  	0.26539  	-0.1953  	-0.3526  	0.08495  	0.84384  	-0.3989  	0.06606  	0.11552  	0.49583  	-0.6508  	-0.2509  	-0.1104  	0.08425  	-0.0042  	-0.4649  	0.08060  	0.03066  	0.32491  	0.08325  	0.14989  	-0.0914  	0.01785  	0.22529  	-0.0260  	0.07688  	0.25205  	0.03142  	0.03280  	-0.0888  	0.21293  	0.09046  	-0.0082  	0.02721  	0.01491  	-0.0534  	0.00403  	0.00107  	0.03928  	-0.0127  	0.03999  	0.01265  	-0.0090  	-0.0056  	0.00549  	0.04143  	0.00011  	0.21899  	0.17035  	-0.1203  	0.00453  	0.00751  	1.29566  	1.27433  	123.652  	115.631  	
-0.8483  	0.13924  	0.19067  	-0.4699  	-0.5334  	-0.1977  	1.16324  	0.20489  	0.36770  	1.44144  	1.09256  	1.00265  	-0.1624  	-0.6061  	-0.0050  	-0.1043  	0.47891  	1.00209  	0.23065  	-0.1886  	-0.3136  	0.08675  	0.81877  	-0.3014  	0.07935  	0.14816  	0.54813  	-0.6992  	-0.2940  	-0.1267  	0.10593  	-0.0317  	-0.4404  	0.06709  	0.06883  	0.31624  	0.06676  	0.13804  	-0.1112  	0.04399  	0.15762  	-0.0152  	0.05574  	0.24801  	0.02869  	0.02373  	-0.0665  	0.19490  	0.09144  	-0.0294  	0.02683  	0.01219  	-0.0638  	0.00755  	0.00266  	0.01800  	-0.0072  	0.04600  	0.01328  	-0.0133  	-0.0124  	0.00480  	0.05076  	0.00758  	0.21899  	0.17035  	-0.1203  	0.00453  	0.00751  	1.29566  	1.27433  	123.652  	115.631  	
-0.8747  	0.08003  	0.17250  	-0.5394  	-0.6289  	-0.1511  	1.11168  	0.23902  	0.37879  	1.40805  	1.08360  	0.96687  	-0.1650  	-0.6824  	0.04449  	-0.1515  	0.52515  	0.98628  	0.23808  	-0.2595  	-0.2819  	0.07886  	0.95307  	-0.3640  	0.01180  	0.16890  	0.53320  	-0.7422  	-0.3352  	-0.1446  	0.11614  	-0.0372  	-0.4405  	0.07809  	0.04619  	0.22798  	0.07870  	0.15323  	-0.1207  	-0.0052  	0.20633  	-0.0171  	0.05763  	0.24944  	0.03368  	0.02965  	-0.0689  	0.20710  	0.07109  	-0.0149  	0.01861  	0.01745  	-0.0549  	0.00923  	-0.0072  	0.02678  	-0.0117  	0.03971  	0.01119  	-0.0066  	-0.0010  	0.00415  	0.04319  	0.00986  	0.21899  	0.17035  	-0.1203  	0.00453  	0.00751  	1.29566  	1.27433  	123.652  	115.631  	
-0.6882  	0.15109  	0.29261  	-0.3601  	-0.5273  	-0.0474  	1.09089  	0.30085  	0.41274  	1.37071  	1.04984  	1.11528  	-0.1417  	-0.5724  	0.18541  	-0.0559  	0.52485  	0.98202  	0.22577  	-0.2105  	-0.2461  	0.06134  	0.89082  	-0.3011  	-0.0600  	0.14052  	0.53643  	-0.7491  	-0.3880  	-0.1518  	0.10692  	-0.0164  	-0.4223  	0.07903  	0.10206  	0.20171  	0.11023  	0.13987  	-0.1332  	-0.0052  	0.16110  	-0.0110  	0.04778  	0.23973  	0.03236  	0.03970  	-0.0727  	0.20043  	0.07929  	-0.0107  	0.00758  	0.01344  	-0.0571  	0.00972  	-0.0074  	0.02920  	-0.0123  	0.04130  	0.01503  	-0.0107  	-0.0047  	0.01544  	0.03671  	0.00623  	0.21899  	0.17035  	-0.1203  	0.00453  	0.00751  	1.29566  	1.27433  	123.652  	115.631  	
-0.2139  	0.27810  	0.54281  	-0.2400  	-0.5149  	0.07431  	1.16013  	0.39486  	0.47042  	1.32786  	0.80339  	1.02840  	0.01660  	-0.3101  	0.43222  	0.00587  	0.57140  	0.94810  	0.23378  	-0.3253  	-0.1845  	0.11408  	0.91328  	-0.2979  	-0.0231  	0.14623  	0.58529  	-0.8439  	-0.3776  	-0.1161  	0.09927  	-0.0028  	-0.4073  	0.08485  	0.09924  	0.17518  	0.14625  	0.17072  	-0.1032  	-0.0100  	0.17232  	-0.0104  	0.09179  	0.25362  	0.01123  	0.03716  	-0.0767  	0.23333  	0.11089  	-0.0067  	0.01833  	0.01508  	-0.0615  	0.00459  	-0.0034  	0.03738  	-0.0266  	0.04195  	0.00888  	-0.0121  	-0.0028  	0.02486  	0.04174  	-0.0059  	0.21899  	0.17035  	-0.1203  	0.00453  	0.00751  	1.29566  	1.27433  	123.652  	115.631  	
-0.3060  	0.29977  	0.50893  	-0.1797  	-0.4805  	0.05348  	1.16081  	0.38902  	0.44294  	1.40663  	0.77585  	0.91807  	0.08614  	-0.2676  	0.46549  	-0.0914  	0.51956  	0.88878  	0.23057  	-0.3341  	-0.2264  	0.18907  	0.89847  	-0.4289  	0.08805  	0.11119  	0.64062  	-0.8974  	-0.3288  	-0.0649  	0.11134  	-0.0086  	-0.4186  	0.08607  	0.10164  	0.19139  	0.12252  	0.16635  	-0.0841  	-0.0018  	0.17955  	-0.0028  	0.09862  	0.26099  	0.01584  	0.03745  	-0.0885  	0.25452  	0.11370  	-0.0240  	0.01601  	0.01541  	-0.0590  	0.00118  	0.00023  	0.04138  	-0.0284  	0.03660  	0.00933  	-0.0051  	-0.0011  	0.01606  	0.04117  	-0.0015  	0.21899  	0.17035  	-0.1203  	0.00453  	0.00751  	1.29566  	1.27433  	123.652  	115.631  	
-0.4527  	0.25096  	0.33232  	0.12269  	-0.3263  	0.06076  	1.12845  	0.37648  	0.42067  	1.34671  	0.75866  	1.05616  	0.02035  	-0.2838  	0.60369  	-0.0864  	0.56828  	0.88372  	0.24364  	-0.3663  	-0.2048  	0.21280  	0.94162  	-0.3558  	0.07013  	0.12679  	0.71340  	-0.8973  	-0.3532  	-0.0496  	0.06953  	0.00730  	-0.4345  	0.07697  	0.13470  	0.14467  	0.15212  	0.14466  	-0.1250  	-0.0155  	0.10582  	0.02145  	0.06866  	0.24723  	0.01717  	0.03389  	-0.0760  	0.22846  	0.11078  	-0.0211  	0.00554  	0.01652  	-0.0622  	0.00080  	0.00125  	0.03953  	-0.0263  	0.03690  	0.01412  	-0.0072  	-3.1821  	0.01343  	0.03367  	-0.0010  	0.21899  	0.17035  	-0.1203  	0.00453  	0.00751  	1.29566  	1.27433  	123.652  	115.631  	
-0.5430  	0.16539  	0.31820  	-0.1342  	-0.4328  	0.08051  	1.11152  	0.29072  	0.39466  	1.36490  	0.83951  	1.07523  	-0.1368  	-0.6130  	0.27136  	0.03325  	0.56647  	0.91848  	0.28985  	-0.2861  	-0.2264  	0.16963  	0.92197  	-0.3315  	0.00335  	0.13169  	0.59395  	-0.8287  	-0.3777  	-0.1107  	0.08839  	0.05193  	-0.4581  	0.06842  	0.04955  	0.18374  	0.15995  	0.19012  	-0.1342  	0.00395  	0.17765  	-0.0209  	0.07716  	0.27335  	0.01455  	0.02939  	-0.0761  	0.23308  	0.10317  	-0.0196  	0.00813  	0.01279  	-0.0624  	0.00903  	-0.0037  	0.04100  	-0.0136  	0.04288  	0.01783  	-0.0097  	-0.0026  	0.00640  	0.03983  	-0.0083  	0.21899  	0.17035  	-0.1203  	0.00453  	0.00751  	1.29566  	1.27433  	123.652  	115.631  	
-0.5713  	0.13533  	0.43900  	-0.3864  	-0.5680  	-0.1113  	1.04934  	0.27306  	0.36585  	1.47311  	1.13099  	1.06015  	-0.0842  	-0.8294  	-0.0657  	0.08171  	0.57618  	0.81277  	0.36113  	-0.5054  	-0.2545  	-0.1274  	0.62384  	-0.3259  	-0.0294  	0.23295  	0.54435  	-0.8654  	-0.2788  	-0.1630  	0.19231  	-0.0276  	-0.5718  	-0.1016  	-0.0049  	0.30146  	0.06463  	0.16580  	-0.2668  	-0.0975  	0.26623  	0.12015  	-0.0391  	0.32590  	-0.0274  	0.05106  	-0.0949  	0.24174  	0.08138  	-0.0334  	0.02601  	0.02003  	-0.0468  	0.02154  	0.00330  	0.02242  	-0.0129  	0.03075  	0.02102  	-0.0017  	0.00080  	-0.0056  	0.03286  	-0.0005  	0.21899  	0.17035  	-0.1203  	0.00453  	0.00751  	1.29566  	1.27433  	123.652  	115.631  	
-0.7144  	0.13854  	0.45118  	-0.6008  	-0.6973  	-0.1952  	1.04105  	0.30681  	0.31472  	1.49679  	1.20165  	0.98483  	-0.1163  	-0.9983  	-0.2043  	0.05414  	0.65902  	0.75682  	0.41157  	-0.7271  	-0.2689  	-0.3570  	0.35672  	-0.4009  	-0.1078  	0.32245  	0.50083  	-0.8962  	-0.1497  	-0.1831  	0.32244  	-0.0446  	-0.6237  	-0.2306  	-0.0933  	0.30245  	-0.0717  	0.16065  	-0.3165  	-0.1361  	0.39236  	0.23174  	-0.1133  	0.39513  	-0.0825  	0.07010  	-0.1202  	0.24345  	0.06939  	-0.0340  	0.03221  	0.01979  	-0.0509  	0.04089  	0.01954  	0.02364  	-0.0188  	0.01587  	0.00752  	0.00374  	0.00443  	0.00116  	0.02287  	0.00864  	0.21899  	0.17035  	-0.1203  	0.00453  	0.00751  	1.29566  	1.27433  	123.652  	115.631  	
-1.0622  	0.14723  	0.22372  	-0.7569  	-0.7614  	-0.4232  	1.06578  	0.23851  	0.28872  	1.54584  	1.20375  	0.94436  	-0.0930  	-0.9577  	-0.2008  	-0.1463  	0.68747  	0.65647  	0.39064  	-0.7678  	-0.2644  	-0.3716  	0.37963  	-0.3783  	-0.0957  	0.37781  	0.49111  	-0.8731  	-0.1069  	-0.1739  	0.37298  	-0.1156  	-0.6711  	-0.2651  	-0.1305  	0.33266  	-0.1294  	0.14053  	-0.3513  	-0.1669  	0.41483  	0.26280  	-0.1519  	0.40867  	-0.0889  	0.06471  	-0.1185  	0.22620  	0.06108  	-0.0306  	0.02824  	0.02287  	-0.0553  	0.04661  	0.02084  	0.01213  	-0.0276  	0.02050  	0.00555  	0.00850  	0.00013  	0.00853  	0.02746  	0.01333  	0.21899  	0.17035  	-0.1203  	0.00453  	0.00751  	1.29566  	1.27433  	123.652  	115.631  	
-1.2934  	0.06710  	0.12736  	-0.9295  	-0.8124  	-0.5607  	1.00038  	0.18647  	0.24625  	1.54997  	1.32086  	0.92217  	-0.1342  	-0.9350  	-0.1319  	-0.3184  	0.73312  	0.66163  	0.38733  	-0.7562  	-0.2201  	-0.3664  	0.53822  	-0.3665  	-0.0929  	0.36325  	0.43889  	-0.9455  	-0.1652  	-0.1680  	0.37734  	-0.1142  	-0.6160  	-0.2441  	-0.1801  	0.28532  	-0.0392  	0.14040  	-0.3258  	-0.2115  	0.37349  	0.22828  	-0.1635  	0.36718  	-0.0612  	0.07454  	-0.1077  	0.22411  	0.04889  	-0.0231  	0.01594  	0.02808  	-0.0476  	0.04463  	0.00900  	0.00914  	-0.0334  	0.02092  	0.01455  	0.01835  	0.01381  	0.00848  	0.01192  	0.00379  	0.21899  	0.17035  	-0.1203  	0.00453  	0.00751  	1.29566  	1.27433  	123.652  	115.631  	
-1.2512  	0.06218  	0.13631  	-0.9825  	-0.8391  	-0.4909  	1.00886  	0.22456  	0.30140  	1.61083  	1.35178  	0.92689  	-0.1331  	-0.8259  	-0.1626  	-0.3139  	0.65014  	0.83364  	0.33844  	-0.5372  	-0.1799  	-0.1932  	0.74090  	-0.3870  	-0.1441  	0.29403  	0.46157  	-0.8651  	-0.2673  	-0.1843  	0.28868  	-0.0761  	-0.5391  	-0.1082  	-0.1303  	0.25057  	0.00872  	0.14763  	-0.2325  	-0.1293  	0.31877  	0.09639  	-0.0650  	0.29978  	-0.0203  	0.06146  	-0.0962  	0.20672  	0.06135  	-0.0178  	0.00472  	0.01442  	-0.0509  	0.02533  	0.00360  	0.01609  	-0.0246  	0.02902  	0.01106  	0.00444  	0.00775  	0.02162  	0.02318  	0.00183  	0.21899  	0.17035  	-0.1203  	0.00453  	0.00751  	1.29566  	1.27433  	123.652  	115.631  	
-1.1353  	0.10753  	0.18129  	-1.0460  	-0.8715  	-0.4305  	1.10315  	0.18788  	0.36852  	1.64475  	1.23307  	0.88522  	-0.1771  	-0.7802  	-0.2784  	-0.2069  	0.57348  	0.99261  	0.27356  	-0.2900  	-0.2599  	0.04171  	1.03130  	-0.4042  	-0.0666  	0.19289  	0.52091  	-0.8359  	-0.3540  	-0.1835  	0.17042  	-0.0510  	-0.4408  	0.06389  	-0.0798  	0.24369  	0.07449  	0.15076  	-0.1121  	-0.0008  	0.26239  	-0.0198  	0.07969  	0.25837  	0.02946  	0.02921  	-0.0638  	0.20680  	0.07257  	-0.0079  	0.00595  	0.01846  	-0.0666  	0.01465  	-0.0069  	0.01690  	-0.0223  	0.04191  	0.00721  	-0.0098  	-0.0007  	0.02200  	0.05115  	0.00313  	0.21899  	0.17035  	-0.1203  	0.00453  	0.00751  	1.29566  	1.27433  	123.652  	115.631  	
-0.8679  	0.14009  	0.21473  	-0.5022  	-0.6258  	-0.1964  	1.10225  	0.27262  	0.39676  	1.45409  	1.01175  	1.00785  	-0.1626  	-0.7818  	-0.0540  	-0.1020  	0.53281  	1.04841  	0.26457  	-0.1862  	-0.3846  	0.07051  	0.94621  	-0.4382  	-0.0712  	0.17587  	0.41722  	-0.6440  	-0.2569  	-0.1332  	0.15552  	-0.0256  	-0.4189  	0.07946  	-0.0918  	0.24013  	-0.0056  	0.13482  	-0.0719  	0.02074  	0.25060  	-0.0343  	0.10095  	0.26489  	0.02535  	0.03212  	-0.0668  	0.22274  	0.08642  	-0.0118  	0.01873  	0.01369  	-0.0598  	0.00788  	-0.0069  	0.01686  	-0.0148  	0.04270  	0.01022  	-0.0064  	-0.0063  	0.00786  	0.04044  	0.00428  	0.21899  	0.17035  	-0.1203  	0.00453  	0.00751  	1.29566  	1.27433  	123.652  	115.631  	
-0.5727  	0.24958  	0.25127  	0.02448  	-0.3467  	0.04600  	1.13132  	0.34357  	0.45665  	1.35633  	0.78753  	1.15045  	-0.0296  	-0.4453  	0.27501  	-0.0143  	0.50606  	1.04743  	0.22174  	-0.1407  	-0.4503  	0.09198  	0.76172  	-0.4084  	-0.0352  	0.14714  	0.35819  	-0.5205  	-0.1411  	-0.0546  	0.12910  	-0.0460  	-0.3984  	0.12316  	0.00621  	0.20861  	-0.0809  	0.10099  	-0.0184  	0.08506  	0.17016  	-0.0330  	0.09118  	0.22983  	0.02471  	0.03118  	-0.0856  	0.23323  	0.09383  	-0.0067  	0.03115  	0.01064  	-0.0589  	0.00375  	-0.0049  	0.02785  	-0.0135  	0.04223  	0.00595  	-0.0102  	-0.0081  	0.01115  	0.03920  	0.01069  	0.21899  	0.17035  	-0.1203  	0.00453  	0.00751  	1.29566  	1.27433  	123.652  	115.631  	
-0.4956  	0.23457  	0.15961  	0.12758  	-0.1854  	-0.0079  	1.15971  	0.35501  	0.39318  	1.38197  	0.76916  	1.08379  	0.02207  	-0.3428  	0.46137  	-0.0887  	0.47691  	0.95693  	0.22581  	-0.1995  	-0.4368  	0.16576  	0.68610  	-0.4150  	0.13803  	0.13402  	0.53984  	-0.5892  	-0.1409  	0.01367  	0.07777  	-0.0248  	-0.4228  	0.10889  	0.10558  	0.20958  	-0.0146  	0.11322  	-0.0366  	0.02874  	0.14367  	-0.0020  	0.05168  	0.22438  	0.03721  	0.03402  	-0.0688  	0.22436  	0.11148  	-0.0229  	0.01846  	0.01283  	-0.0634  	-0.0101  	-0.0072  	0.02826  	-0.0259  	0.04521  	0.00765  	-0.0180  	-0.0094  	0.01500  	0.04661  	0.00046  	0.21899  	0.17035  	-0.1203  	0.00453  	0.00751  	1.29566  	1.27433  	123.652  	115.631  	
-0.5458  	0.22915  	0.14186  	0.11930  	-0.2004  	-0.0292  	1.16664  	0.33300  	0.38348  	1.37364  	0.75680  	1.10116  	0.01148  	-0.2723  	0.50807  	-0.0717  	0.50099  	0.95255  	0.21362  	-0.2362  	-0.3718  	0.15300  	0.70478  	-0.3962  	0.17274  	0.11313  	0.56322  	-0.6203  	-0.1434  	0.02478  	0.07322  	-0.0379  	-0.4276  	0.09947  	0.14287  	0.20847  	-0.0095  	0.10058  	-0.0436  	0.02923  	0.09504  	0.00248  	0.03251  	0.21584  	0.04372  	0.03835  	-0.0733  	0.22045  	0.10201  	-0.0313  	0.00838  	0.00852  	-0.0656  	-0.0050  	-0.0021  	0.03014  	-0.0158  	0.04124  	0.00757  	-0.0187  	-0.0059  	0.01070  	0.03719  	0.00118  	0.21899  	0.17035  	-0.1203  	0.00453  	0.00751  	1.29566  	1.27433  	123.652  	115.631  	
-0.5574  	0.24164  	0.22444  	-0.0346  	-0.3472  	0.02027  	1.13080  	0.33933  	0.39013  	1.32856  	0.69540  	1.03681  	0.04716  	-0.3289  	0.56266  	-0.1106  	0.51410  	0.94520  	0.20269  	-0.2618  	-0.3635  	0.16211  	0.80521  	-0.3690  	0.07526  	0.13916  	0.56154  	-0.7008  	-0.2121  	-0.0142  	0.07516  	-0.0389  	-0.4206  	0.09015  	0.09641  	0.16924  	0.01941  	0.10767  	-0.0502  	0.03336  	0.12474  	0.00134  	0.05651  	0.22472  	0.04844  	0.03363  	-0.0722  	0.21226  	0.09534  	-0.0139  	0.01681  	0.01157  	-0.0608  	-0.0033  	-0.0015  	0.03836  	-0.0218  	0.04089  	0.00619  	-0.0140  	0.00131  	0.01368  	0.03476  	0.00028  	0.21899  	0.17035  	-0.1203  	0.00453  	0.00751  	1.29566  	1.27433  	123.652  	115.631  	
-0.4845  	0.23901  	0.36989  	-0.1888  	-0.4975  	0.07286  	1.11665  	0.32204  	0.41524  	1.39016  	0.80953  	0.96106  	-0.0371  	-0.5520  	0.28876  	-0.0029  	0.52153  	1.02256  	0.23837  	-0.2579  	-0.3049  	0.10796  	0.84272  	-0.4024  	0.06116  	0.11956  	0.52517  	-0.7378  	-0.2655  	-0.0815  	0.07452  	0.02469  	-0.4156  	0.09217  	0.04673  	0.22100  	0.04280  	0.16278  	-0.0761  	0.02110  	0.16499  	-0.0113  	0.08956  	0.24905  	0.02204  	0.03023  	-0.0814  	0.21884  	0.09668  	-0.0268  	0.01483  	0.01347  	-0.0603  	0.01600  	0.00092  	0.03826  	-0.0163  	0.03328  	0.01595  	-0.0131  	0.00085  	0.01262  	0.03408  	-0.0043  	0.21899  	0.17035  	-0.1203  	0.00453  	0.00751  	1.29566  	1.27433  	123.652  	115.631  	
-0.6143  	0.16438  	0.38408  	-0.5221  	-0.6468  	-0.1236  	1.15636  	0.23039  	0.37442  	1.51657  	1.14076  	0.96959  	-0.1523  	-0.7373  	-0.1781  	0.07938  	0.48329  	1.05566  	0.24585  	-0.2099  	-0.3830  	0.06341  	0.81037  	-0.3983  	0.00525  	0.13179  	0.46262  	-0.6743  	-0.2815  	-0.1493  	0.09527  	0.00853  	-0.4264  	0.07229  	0.03594  	0.32513  	0.07082  	0.14336  	-0.1164  	0.01736  	0.24794  	-0.0129  	0.09169  	0.25451  	0.02948  	0.02832  	-0.0766  	0.22433  	0.09752  	-0.0209  	0.02210  	0.01302  	-0.0516  	0.00297  	0.00441  	0.02678  	-0.0131  	0.03831  	0.00958  	-0.0100  	-0.0044  	0.00688  	0.05080  	0.00712  	0.21899  	0.17035  	-0.1203  	0.00453  	0.00751  	1.29566  	1.27433  	123.652  	115.631  	
-0.7749  	0.17040  	0.30677  	-0.6290  	-0.7291  	-0.2107  	1.10320  	0.20238  	0.36025  	1.55199  	1.16120  	0.97110  	-0.2099  	-0.8060  	-0.2657  	0.05562  	0.50163  	1.05077  	0.27083  	-0.1884  	-0.3446  	0.04533  	0.83673  	-0.3996  	0.03758  	0.12566  	0.47416  	-0.7033  	-0.2720  	-0.1618  	0.10414  	0.00378  	-0.4657  	0.05850  	-0.0132  	0.33529  	0.05839  	0.15631  	-0.1084  	0.01426  	0.25295  	-0.0299  	0.08486  	0.25123  	0.02717  	0.02862  	-0.0808  	0.20931  	0.08541  	-0.0210  	0.02387  	0.01748  	-0.0509  	0.00465  	0.00275  	0.02173  	-0.0122  	0.03892  	0.00018  	-0.0057  	0.00132  	0.00281  	0.05694  	0.00919  	0.21899  	0.17035  	-0.1203  	0.00453  	0.00751  	1.29566  	1.27433  	123.652  	115.631  	
-1.1858  	0.03978  	0.06583  	-0.7204  	-0.6190  	-0.4273  	1.11663  	0.14421  	0.32690  	1.54923  	1.28181  	0.95995  	-0.2011  	-0.7639  	-0.2126  	-0.1303  	0.52096  	0.96441  	0.23878  	-0.1796  	-0.3247  	0.03974  	0.87397  	-0.3527  	0.04435  	0.15261  	0.49116  	-0.7398  	-0.2937  	-0.1339  	0.11894  	-0.0400  	-0.4264  	0.07772  	0.01979  	0.30616  	0.10861  	0.13693  	-0.1152  	-0.0369  	0.20092  	-0.0018  	0.02945  	0.21947  	0.05384  	0.03915  	-0.0728  	0.19347  	0.07081  	-0.0087  	0.01852  	0.01989  	-0.0523  	0.01085  	-0.0046  	0.02236  	-0.0182  	0.03714  	0.01283  	0.00528  	0.00237  	0.00854  	0.03822  	0.00201  	0.21899  	0.17035  	-0.1203  	0.00453  	0.00751  	1.29566  	1.27433  	123.652  	115.631  	
-1.1613  	0.04632  	0.07764  	-0.8571  	-0.7070  	-0.4414  	1.07785  	0.18148  	0.35035  	1.55089  	1.29594  	0.95000  	-0.1912  	-0.7425  	-0.1294  	-0.2366  	0.53316  	0.99008  	0.25267  	-0.2415  	-0.2313  	0.04030  	0.95630  	-0.3658  	-0.0484  	0.18289  	0.50772  	-0.7542  	-0.3492  	-0.1660  	0.14257  	-0.0420  	-0.4337  	0.08701  	0.03040  	0.22799  	0.10594  	0.14338  	-0.1119  	-0.0266  	0.21599  	-0.0336  	0.03576  	0.22961  	0.03737  	0.03339  	-0.0739  	0.18363  	0.07371  	-0.0088  	0.01622  	0.00927  	-0.0582  	0.01000  	-0.0101  	0.02964  	-0.0197  	0.03825  	0.00905  	-0.0007  	-7.5727  	0.01352  	0.04689  	0.00552  	0.21899  	0.17035  	-0.1203  	0.00453  	0.00751  	1.29566  	1.27433  	123.652  	115.631  	
-1.1388  	0.09499  	0.14770  	-0.9993  	-0.8530  	-0.4091  	1.12987  	0.14887  	0.36517  	1.62447  	1.22854  	0.89240  	-0.1976  	-0.8325  	-0.2959  	-0.2341  	0.55062  	1.04024  	0.25460  	-0.2141  	-0.3467  	0.02807  	0.96072  	-0.4595  	-0.0404  	0.18919  	0.43220  	-0.6980  	-0.2644  	-0.1887  	0.16879  	-0.0511  	-0.4179  	0.08438  	-0.1252  	0.28687  	0.03423  	0.14242  	-0.0651  	-0.0079  	0.26237  	-0.0288  	0.09405  	0.26464  	0.03732  	0.02841  	-0.0718  	0.20516  	0.08303  	-0.0100  	0.01256  	0.01595  	-0.0610  	0.01287  	0.00012  	0.02133  	-0.0183  	0.04610  	0.00675  	-0.0070  	0.00456  	0.01788  	0.04915  	0.00637  	0.21899  	0.17035  	-0.1203  	0.00453  	0.00751  	1.29566  	1.27433  	123.652  	115.631  	
-1.1385  	0.06075  	0.19948  	-0.9949  	-0.8568  	-0.3540  	1.13150  	0.12363  	0.37083  	1.58507  	1.13945  	0.87680  	-0.1824  	-0.8923  	-0.2991  	-0.1774  	0.57279  	1.02712  	0.26324  	-0.2374  	-0.4025  	0.04064  	0.99933  	-0.4824  	-0.0562  	0.21500  	0.44016  	-0.6848  	-0.2427  	-0.1796  	0.20139  	-0.0436  	-0.4323  	0.08171  	-0.1616  	0.27981  	0.02421  	0.14606  	-0.0689  	-0.0113  	0.30873  	-0.0442  	0.11145  	0.27135  	0.03768  	0.02299  	-0.0723  	0.21635  	0.07502  	-0.0089  	0.00562  	0.01807  	-0.0599  	0.00748  	-0.0031  	0.01920  	-0.0228  	0.04047  	0.00121  	-0.0087  	0.00766  	0.02119  	0.05193  	0.01046  	0.21899  	0.17035  	-0.1203  	0.00453  	0.00751  	1.29566  	1.27433  	123.652  	115.631  	
-1.0209  	0.09924  	0.19387  	-0.8228  	-0.8239  	-0.2571  	1.09116  	0.16498  	0.38596  	1.48305  	1.11100  	0.90350  	-0.2112  	-0.9020  	-0.1748  	-0.1206  	0.56940  	1.02168  	0.26984  	-0.2691  	-0.3619  	0.07851  	1.02744  	-0.4513  	-0.0541  	0.20009  	0.46488  	-0.6918  	-0.2874  	-0.1652  	0.15705  	-0.0137  	-0.4451  	0.07324  	-0.1324  	0.24404  	0.06440  	0.16281  	-0.0986  	-0.0164  	0.31017  	-0.0320  	0.10931  	0.26546  	0.02430  	0.03250  	-0.0674  	0.21375  	0.07669  	-0.0155  	0.00200  	0.01714  	-0.0592  	0.01183  	0.00176  	0.01797  	-0.0169  	0.03812  	0.00966  	-0.0115  	0.00382  	0.01560  	0.04228  	0.01598  	0.21899  	0.17035  	-0.1203  	0.00453  	0.00751  	1.29566  	1.27433  	123.652  	115.631  	
-0.6848  	0.22009  	0.42707  	-0.5722  	-0.7338  	-0.0725  	1.06554  	0.37094  	0.43608  	1.46378  	1.10067  	1.03365  	-0.1060  	-0.5938  	0.05239  	0.00777  	0.55885  	0.99297  	0.27978  	-0.2549  	-0.1688  	0.04804  	1.01250  	-0.3797  	-0.1414  	0.16864  	0.49577  	-0.8381  	-0.4544  	-0.1996  	0.17065  	-0.0179  	-0.3698  	0.07304  	-0.0012  	0.14973  	0.18939  	0.19612  	-0.1464  	-0.0174  	0.24229  	-0.0401  	0.10769  	0.25231  	0.02509  	0.03984  	-0.0630  	0.20180  	0.07247  	-0.0085  	-0.0010  	0.02152  	-0.0590  	0.00966  	-0.0097  	0.02601  	-0.0390  	0.04006  	0.00607  	-0.0125  	0.00444  	0.02416  	0.04562  	0.00255  	0.21899  	0.17035  	-0.1203  	0.00453  	0.00751  	1.29566  	1.27433  	123.652  	115.631  	
-0.3075  	0.30365  	0.62649  	-0.4489  	-0.7041  	0.08904  	1.12003  	0.47461  	0.45583  	1.35436  	1.11403  	1.02817  	-0.0811  	-0.4285  	0.17559  	0.08850  	0.53552  	0.92957  	0.28684  	-0.3037  	-0.0346  	0.10272  	1.00225  	-0.3298  	-0.0553  	0.14421  	0.58679  	-0.9461  	-0.5240  	-0.1692  	0.12977  	0.01194  	-0.4209  	0.06722  	0.12625  	0.12801  	0.26892  	0.21993  	-0.1532  	-0.0744  	0.20092  	-0.0263  	0.13413  	0.25742  	0.02206  	0.03770  	-0.0751  	0.23523  	0.10275  	-0.0170  	7.71246  	0.01749  	-0.0503  	0.00926  	-0.0039  	0.03660  	-0.0298  	0.03392  	-0.0002  	-0.0058  	0.00031  	0.02494  	0.04197  	0.00198  	0.21899  	0.17035  	-0.1203  	0.00453  	0.00751  	1.29566  	1.27433  	123.652  	115.631  	
-0.3289  	0.29791  	0.55408  	-0.3147  	-0.5129  	-0.0132  	1.18224  	0.37509  	0.46434  	1.49789  	1.07531  	1.07789  	-0.0880  	-0.4127  	0.19648  	0.11842  	0.52844  	0.90862  	0.25883  	-0.2381  	-0.1193  	0.12801  	0.86409  	-0.2971  	0.12291  	0.08707  	0.66334  	-0.9377  	-0.4453  	-0.0904  	0.04610  	0.02581  	-0.4205  	0.06266  	0.13033  	0.19136  	0.22568  	0.20042  	-0.1081  	0.01688  	0.17613  	-0.0176  	0.10910  	0.26177  	0.02548  	0.02488  	-0.0859  	0.25270  	0.11253  	-0.0217  	0.01544  	0.01380  	-0.0504  	0.01547  	-0.0030  	0.03750  	-0.0229  	0.03323  	0.00429  	1.99899  	-0.0116  	0.01237  	0.04148  	0.00306  	0.21899  	0.17035  	-0.1203  	0.00453  	0.00751  	1.29566  	1.27433  	123.652  	115.631  	
-0.5608  	0.17885  	0.41070  	-0.1247  	-0.4617  	-0.0133  	1.18670  	0.33613  	0.43004  	1.45477  	0.98360  	1.09173  	-0.0752  	-0.3951  	0.26535  	0.09529  	0.54315  	0.92002  	0.27265  	-0.2042  	-0.2082  	0.15296  	0.85151  	-0.2569  	0.09318  	0.11514  	0.71606  	-0.8965  	-0.4061  	-0.0961  	0.05544  	0.01496  	-0.4677  	0.08443  	0.12731  	0.20696  	0.18316  	0.18648  	-0.1445  	0.01594  	0.12310  	-0.0128  	0.05633  	0.25627  	0.02839  	0.03233  	-0.0862  	0.22980  	0.09348  	-0.0099  	0.02810  	0.01344  	-0.0631  	0.01158  	-0.0101  	0.03940  	-0.0186  	0.03616  	0.01433  	-0.0097  	-0.0019  	0.01309  	0.03501  	0.00254  	0.21899  	0.17035  	-0.1203  	0.00453  	0.00751  	1.29566  	1.27433  	123.652  	115.631  	
-0.4920  	0.17697  	0.27548  	-0.1535  	-0.4317  	0.02397  	1.11965  	0.28759  	0.39596  	1.35387  	0.86613  	1.08028  	-0.0155  	-0.3561  	0.51104  	-0.1451  	0.53503  	0.84740  	0.24029  	-0.3183  	-0.2388  	0.16180  	0.95798  	-0.2538  	-0.0800  	0.16521  	0.68034  	-0.8538  	-0.4520  	-0.0815  	0.10769  	-0.0025  	-0.4207  	0.10185  	0.15053  	0.14786  	0.14036  	0.14699  	-0.1604  	-0.0008  	0.09451  	0.00217  	0.04791  	0.23852  	0.02321  	0.03583  	-0.0848  	0.21753  	0.08173  	0.01023  	0.01739  	0.00952  	-0.0560  	0.00341  	-0.0046  	0.04511  	-0.0271  	0.02376  	0.01145  	0.00051  	0.00291  	0.01770  	0.01978  	-0.0043  	0.21899  	0.17035  	-0.1203  	0.00453  	0.00751  	1.29566  	1.27433  	123.652  	115.631  	
-0.2878  	0.30023  	0.52836  	-0.1606  	-0.4142  	0.20260  	1.24561  	0.39915  	0.42206  	1.40503  	0.55742  	0.88492  	0.10807  	-0.0881  	0.63583  	-0.2222  	0.53041  	0.85139  	0.21507  	-0.4982  	-0.2615  	0.22122  	1.00357  	-0.3616  	0.08191  	0.13465  	0.74575  	-0.9401  	-0.3184  	-0.0587  	0.11695  	-0.0258  	-0.4084  	0.07632  	0.09694  	0.15521  	0.07251  	0.15323  	-0.0883  	0.02844  	0.16731  	0.00208  	0.09398  	0.26751  	0.02290  	0.03389  	-0.0964  	0.25649  	0.10887  	-0.0165  	0.00935  	0.02150  	-0.0554  	0.00755  	-0.0010  	0.04665  	-0.0270  	0.03067  	0.00300  	-0.0088  	0.00734  	0.02777  	0.04896  	-0.0021  	0.21899  	0.17035  	-0.1203  	0.00453  	0.00751  	1.29566  	1.27433  	123.652  	115.631  	
-0.3914  	0.30549  	0.47179  	-0.2322  	-0.4807  	-0.0060  	1.26753  	0.42220  	0.42085  	1.46862  	0.72511  	0.76133  	0.08610  	0.06019  	0.51742  	-0.2903  	0.52170  	0.81784  	0.18013  	-0.4827  	-0.2342  	0.22715  	0.90513  	-0.2117  	0.14316  	0.11346  	0.76826  	-0.9635  	-0.3244  	-0.0572  	0.13358  	0.00106  	-0.4206  	0.04619  	0.18560  	0.14017  	0.12191  	0.09702  	-0.1008  	0.04317  	0.11322  	0.03087  	0.05747  	0.23368  	0.00803  	0.03865  	-0.0789  	0.24075  	0.11486  	0.00064  	0.03483  	0.03104  	-0.0729  	0.01112  	-0.0099  	0.02927  	-0.0360  	0.03008  	0.01407  	-0.0045  	-0.0042  	0.04958  	0.05396  	-0.0003  	0.21899  	0.17035  	-0.1203  	0.00453  	0.00751  	1.29566  	1.27433  	123.652  	115.631  	
-1.0162  	0.10704  	0.11560  	-0.7111  	-0.6430  	-0.2444  	1.07596  	0.22584  	0.34918  	1.45467  	1.17388  	0.91605  	-0.2117  	-0.7952  	0.13868  	-0.0810  	0.51885  	0.92514  	0.28148  	-0.3053  	-0.1283  	0.00895  	0.90971  	-0.3993  	-0.1210  	0.14603  	0.59648  	-0.9550  	-0.4973  	-0.1432  	0.17603  	0.02868  	-0.4176  	0.06574  	0.14535  	0.14639  	0.21594  	0.18032  	-0.1946  	-0.0998  	0.25964  	-0.0220  	0.07664  	0.27380  	0.04765  	0.04932  	-0.0591  	0.18399  	0.04051  	0.00374  	0.00151  	0.01309  	-0.0637  	-0.0021  	-0.0016  	0.01978  	-0.0076  	0.04574  	-0.0053  	-0.0020  	0.01098  	0.01254  	0.05173  	0.00629  	0.21899  	0.17035  	-0.1203  	0.00453  	0.00751  	1.29566  	1.27433  	123.652  	115.631  	
-0.7080  	0.08028  	0.32204  	-0.6042  	-0.6853  	-0.0848  	1.06173  	0.15920  	0.38678  	1.41616  	1.10380  	0.89591  	-0.2197  	-0.8615  	-0.1099  	0.03729  	0.58274  	0.98660  	0.29141  	-0.2826  	-0.2752  	0.04841  	0.98259  	-0.3251  	-0.0040  	0.15446  	0.54305  	-0.8043  	-0.4050  	-0.1597  	0.08805  	0.01784  	-0.4543  	0.06041  	0.02568  	0.29210  	0.15881  	0.16534  	-0.1496  	0.00049  	0.25093  	-0.0332  	0.07503  	0.24990  	0.02803  	0.04425  	-0.0681  	0.20702  	0.07862  	0.00967  	0.01424  	0.01876  	-0.0520  	0.01179  	0.00118  	0.02391  	-0.0228  	0.04406  	0.00776  	-0.0095  	-0.0032  	0.00439  	0.04463  	0.00475  	0.21899  	0.17035  	-0.1203  	0.00453  	0.00751  	1.29566  	1.27433  	123.652  	115.631  	
-0.6587  	0.13393  	0.39250  	-0.5115  	-0.6097  	-0.1558  	1.13222  	0.21278  	0.37653  	1.55389  	1.14426  	0.99243  	-0.1976  	-0.8163  	-0.1460  	0.09597  	0.49978  	1.03703  	0.26449  	-0.1616  	-0.3745  	0.05446  	0.85268  	-0.3917  	0.04177  	0.13963  	0.49416  	-0.6637  	-0.3005  	-0.1486  	0.08334  	0.00385  	-0.4497  	0.07117  	0.03045  	0.33448  	0.10481  	0.17299  	-0.1129  	0.01712  	0.23217  	-0.0210  	0.09439  	0.25807  	0.02026  	0.02996  	-0.0674  	0.22575  	0.08907  	-0.0118  	0.02870  	0.01240  	-0.0540  	0.00736  	0.00409  	0.02878  	-0.0106  	0.03856  	0.00310  	-0.0051  	-0.0051  	0.00196  	0.04768  	0.00648  	0.21899  	0.17035  	-0.1203  	0.00453  	0.00751  	1.29566  	1.27433  	123.652  	115.631  	
-0.6038  	0.12920  	0.38162  	-0.5168  	-0.6001  	-0.0600  	1.14936  	0.20815  	0.38975  	1.53872  	1.11935  	1.01238  	-0.1540  	-0.8163  	-0.1134  	0.12111  	0.46207  	1.05226  	0.26100  	-0.1921  	-0.4050  	0.05365  	0.79475  	-0.4252  	0.03433  	0.11471  	0.50037  	-0.6284  	-0.2440  	-0.1297  	0.09604  	0.00939  	-0.4584  	0.09452  	0.03656  	0.34229  	0.06868  	0.18133  	-0.0962  	0.02997  	0.23261  	-0.0239  	0.09353  	0.25161  	0.00922  	0.03220  	-0.0816  	0.21458  	0.08846  	-0.0187  	0.02675  	0.01559  	-0.0546  	0.01022  	0.00255  	0.03321  	-0.0153  	0.03334  	0.01052  	-0.0047  	-0.0043  	0.00268  	0.05463  	0.00669  	0.21899  	0.17035  	-0.1203  	0.00453  	0.00751  	1.29566  	1.27433  	123.652  	115.631  	
-0.6021  	0.12865  	0.37587  	-0.5434  	-0.6181  	-0.0584  	1.14824  	0.19123  	0.37290  	1.50287  	1.07821  	0.95660  	-0.1635  	-0.8033  	-0.1767  	0.09710  	0.47250  	1.03246  	0.25266  	-0.1664  	-0.3744  	0.04384  	0.80862  	-0.4063  	0.02995  	0.12128  	0.51474  	-0.6563  	-0.3066  	-0.1436  	0.10270  	0.02044  	-0.4561  	0.08976  	0.04666  	0.34351  	0.08862  	0.16554  	-0.1020  	0.03361  	0.22623  	-0.0202  	0.09335  	0.25500  	0.03050  	0.03022  	-0.0768  	0.21234  	0.09265  	-0.0107  	0.02642  	0.01412  	-0.0506  	0.00624  	0.00329  	0.02673  	-0.0114  	0.04086  	0.00570  	-0.0097  	-0.0094  	0.00197  	0.05031  	0.00802  	0.21899  	0.17035  	-0.1203  	0.00453  	0.00751  	1.29566  	1.27433  	123.652  	115.631  	
-0.8115  	0.12735  	0.18408  	-0.3571  	-0.4998  	-0.1835  	1.14657  	0.16922  	0.34855  	1.45727  	1.01296  	1.02249  	-0.1755  	-0.6612  	-0.0465  	-0.0476  	0.49214  	1.02700  	0.22001  	-0.1920  	-0.4088  	0.09883  	0.82389  	-0.3627  	0.05694  	0.15047  	0.48731  	-0.5711  	-0.2180  	-0.1022  	0.09075  	-0.0037  	-0.4559  	0.08569  	0.02048  	0.35247  	0.00231  	0.14326  	-0.0845  	0.03120  	0.19421  	-0.0017  	0.08284  	0.23912  	0.02012  	0.02894  	-0.0789  	0.21168  	0.08407  	-0.0309  	0.03104  	0.01793  	-0.0482  	0.00442  	0.00582  	0.01868  	-0.0035  	0.03883  	0.01304  	-0.0069  	-0.0084  	0.00053  	0.04718  	0.01322  	0.21899  	0.17035  	-0.1203  	0.00453  	0.00751  	1.29566  	1.27433  	123.652  	115.631  	
-0.8387  	0.10684  	0.04695  	-0.1914  	-0.3286  	-0.2025  	1.09434  	0.28566  	0.41576  	1.40471  	0.99241  	1.16658  	-0.0753  	-0.4717  	0.20880  	-0.1336  	0.52017  	0.99818  	0.22074  	-0.1815  	-0.3534  	0.10689  	0.80626  	-0.4113  	0.00244  	0.18767  	0.43703  	-0.5116  	-0.1854  	-0.1116  	0.09175  	-0.0303  	-0.3927  	0.10242  	0.05796  	0.22252  	-0.0328  	0.09050  	-0.0644  	-0.0088  	0.16080  	-0.0136  	0.04291  	0.21700  	0.03955  	0.03726  	-0.0642  	0.20022  	0.09082  	-0.0364  	0.01440  	0.01002  	-0.0532  	-0.0009  	-0.0052  	0.02392  	-0.0121  	0.04495  	0.01458  	-0.0096  	-0.0035  	0.00891  	0.03792  	0.01070  	0.21899  	0.17035  	-0.1203  	0.00453  	0.00751  	1.29566  	1.27433  	123.652  	115.631  	
-0.8056  	0.15102  	0.08205  	-0.1071  	-0.3314  	-0.1351  	1.11421  	0.30416  	0.41284  	1.40995  	0.97511  	1.23163  	-0.0176  	-0.3693  	0.31805  	-0.0611  	0.51661  	0.98598  	0.23097  	-0.1908  	-0.3187  	0.10987  	0.80592  	-0.4105  	0.00222  	0.16305  	0.47021  	-0.5842  	-0.2456  	-0.1068  	0.11953  	-0.0470  	-0.3797  	0.09657  	0.08939  	0.18353  	-0.0051  	0.10134  	-0.0915  	-0.0029  	0.15467  	-0.0061  	0.04303  	0.23067  	0.03441  	0.03616  	-0.0693  	0.20508  	0.08948  	-0.0166  	0.01033  	0.00821  	-0.0613  	0.00193  	-0.0100  	0.02861  	-0.0091  	0.04558  	0.01311  	-0.0142  	-0.0022  	0.01492  	0.03568  	0.00665  	0.21899  	0.17035  	-0.1203  	0.00453  	0.00751  	1.29566  	1.27433  	123.652  	115.631  	
-0.9393  	0.14781  	0.15399  	-0.4913  	-0.5617  	-0.2161  	1.08463  	0.25967  	0.39977  	1.51003  	1.07299  	1.07696  	-0.1499  	-0.6680  	0.11181  	-0.0811  	0.52158  	1.03241  	0.27731  	-0.1934  	-0.2801  	0.07421  	0.92746  	-0.4036  	-0.0356  	0.15907  	0.40038  	-0.6676  	-0.3170  	-0.1473  	0.14186  	-0.0204  	-0.4345  	0.08410  	-0.0288  	0.19320  	0.03886  	0.14318  	-0.0937  	-0.0062  	0.22983  	-0.0354  	0.08112  	0.22998  	0.04627  	0.04308  	-0.0775  	0.19412  	0.07823  	-0.0152  	0.00743  	0.01820  	-0.0592  	0.00857  	-0.0057  	0.01398  	-0.0052  	0.05066  	0.01652  	-0.0041  	-0.0068  	0.00936  	0.04280  	0.00820  	0.21899  	0.17035  	-0.1203  	0.00453  	0.00751  	1.29566  	1.27433  	123.652  	115.631  	
-0.9281  	0.12290  	0.21107  	-0.7853  	-0.7766  	-0.2103  	1.11423  	0.21451  	0.39335  	1.48070  	1.10784  	0.88787  	-0.2097  	-0.8797  	-0.0755  	-0.1125  	0.54832  	1.03245  	0.27910  	-0.2409  	-0.2947  	0.08453  	0.98917  	-0.4150  	-0.0015  	0.17446  	0.52724  	-0.7025  	-0.3055  	-0.1470  	0.12315  	-0.0204  	-0.4566  	0.07594  	-0.0994  	0.24840  	0.07700  	0.16550  	-0.0996  	0.01307  	0.27691  	-0.0299  	0.10018  	0.25936  	0.02425  	0.02985  	-0.0724  	0.19767  	0.07187  	-0.0127  	0.00571  	0.01509  	-0.0607  	0.01780  	-0.0042  	0.01708  	-0.0137  	0.03596  	0.01068  	-0.0073  	-0.0047  	0.01385  	0.04824  	0.01434  	0.21899  	0.17035  	-0.1203  	0.00453  	0.00751  	1.29566  	1.27433  	123.652  	115.631  	
-0.8492  	0.11286  	0.24311  	-0.6800  	-0.7292  	-0.1418  	1.08779  	0.22733  	0.38151  	1.44326  	1.10712  	0.94715  	-0.2038  	-0.8569  	-0.1519  	-0.0621  	0.55231  	1.00601  	0.25700  	-0.2537  	-0.3307  	0.04227  	0.95866  	-0.3950  	-0.0397  	0.17555  	0.51377  	-0.7097  	-0.2914  	-0.1645  	0.12095  	-0.0009  	-0.4285  	0.06597  	-0.0301  	0.27963  	0.06846  	0.15113  	-0.1121  	-0.0007  	0.27289  	-0.0256  	0.10713  	0.26768  	0.03110  	0.03725  	-0.0715  	0.20428  	0.07406  	-0.0147  	0.00535  	0.01851  	-0.0566  	0.00741  	-0.0007  	0.01664  	-0.0123  	0.04472  	0.00762  	-0.0157  	0.00016  	0.00733  	0.05456  	0.00797  	0.21899  	0.17035  	-0.1203  	0.00453  	0.00751  	1.29566  	1.27433  	123.652  	115.631  	
-0.7188  	0.17254  	0.37419  	-0.6014  	-0.6850  	-0.1671  	1.09612  	0.22582  	0.39692  	1.53792  	1.16788  	1.00992  	-0.2038  	-0.8395  	-0.1431  	0.04249  	0.49979  	1.02689  	0.25011  	-0.1765  	-0.3365  	0.04575  	0.90124  	-0.4278  	-0.0545  	0.15552  	0.44106  	-0.6976  	-0.3124  	-0.1678  	0.13183  	0.01010  	-0.4319  	0.07510  	0.00325  	0.27103  	0.10826  	0.17123  	-0.1161  	-0.0066  	0.26563  	-0.0332  	0.09397  	0.24974  	0.01588  	0.03622  	-0.0686  	0.21632  	0.08446  	-0.0163  	0.02404  	0.01678  	-0.0533  	0.00562  	0.00211  	0.02652  	-0.0136  	0.03647  	0.00783  	-0.0107  	-0.0006  	0.00794  	0.04958  	0.00940  	0.21899  	0.17035  	-0.1203  	0.00453  	0.00751  	1.29566  	1.27433  	123.652  	115.631  	
-0.7304  	0.15353  	0.37435  	-0.6171  	-0.7138  	-0.1669  	1.10018  	0.23368  	0.39480  	1.54174  	1.14102  	0.98382  	-0.1789  	-0.7928  	-0.1494  	0.05456  	0.48702  	1.01936  	0.25472  	-0.1968  	-0.3519  	0.03573  	0.88194  	-0.4406  	-0.0563  	0.15342  	0.45254  	-0.7008  	-0.3109  	-0.1681  	0.12110  	0.01793  	-0.4340  	0.07657  	0.03205  	0.30437  	0.09167  	0.16970  	-0.1175  	-0.0057  	0.24740  	-0.0254  	0.09352  	0.24394  	0.01558  	0.02924  	-0.0674  	0.21017  	0.08807  	-0.0184  	0.02251  	0.01359  	-0.0564  	0.00839  	0.00389  	0.02142  	-0.0139  	0.03977  	0.00731  	-0.0155  	-0.0060  	0.01485  	0.05484  	0.01280  	0.21899  	0.17035  	-0.1203  	0.00453  	0.00751  	1.29566  	1.27433  	123.652  	115.631  	
-0.8230  	0.13924  	0.27457  	-0.6572  	-0.7743  	-0.1704  	1.12557  	0.21483  	0.35957  	1.46984  	1.16180  	0.92570  	-0.2015  	-0.7698  	-0.0978  	-0.0557  	0.52616  	0.99505  	0.24507  	-0.2400  	-0.3047  	0.06997  	0.94414  	-0.4131  	-0.0773  	0.17020  	0.48171  	-0.7435  	-0.3345  	-0.1679  	0.14364  	-0.0041  	-0.4497  	0.07216  	0.03599  	0.28789  	0.13038  	0.16427  	-0.1440  	-0.0170  	0.23237  	-0.0111  	0.07996  	0.24742  	0.02819  	0.02931  	-0.0580  	0.19904  	0.08515  	-0.0119  	0.01489  	0.01340  	-0.0525  	0.01064  	0.00557  	0.02135  	-0.0150  	0.04398  	0.00609  	-0.0126  	-0.0007  	0.01653  	0.05236  	0.01238  	0.21899  	0.17035  	-0.1203  	0.00453  	0.00751  	1.29566  	1.27433  	123.652  	115.631  	
-0.7925  	0.14906  	0.27946  	-0.6065  	-0.7138  	-0.1939  	1.09987  	0.23906  	0.37192  	1.40507  	1.13955  	0.92902  	-0.1922  	-0.7189  	0.04323  	-0.0772  	0.52735  	0.97531  	0.24152  	-0.2822  	-0.2302  	0.06107  	0.97916  	-0.3896  	-0.0812  	0.18095  	0.50439  	-0.8273  	-0.4121  	-0.1673  	0.14758  	0.01410  	-0.4307  	0.07567  	0.06729  	0.21402  	0.17100  	0.18687  	-0.1728  	-0.0599  	0.24144  	0.00035  	0.07469  	0.23918  	0.03345  	0.03517  	-0.0641  	0.19354  	0.07330  	-0.0054  	0.00691  	0.01265  	-0.0499  	0.00946  	0.00087  	0.01977  	-0.0147  	0.04300  	0.00637  	-0.0175  	-0.0037  	0.02217  	0.04846  	0.00862  	0.21899  	0.17035  	-0.1203  	0.00453  	0.00751  	1.29566  	1.27433  	123.652  	115.631  	
-0.5818  	0.21774  	0.37760  	-0.4584  	-0.6706  	-0.0755  	1.11836  	0.33877  	0.43079  	1.33011  	1.12893  	0.97116  	-0.1335  	-0.5437  	0.23858  	-0.0593  	0.54224  	0.93965  	0.23813  	-0.3334  	-0.0940  	0.07266  	0.97370  	-0.3229  	-0.0874  	0.14721  	0.55482  	-0.9323  	-0.4890  	-0.1758  	0.13086  	0.01927  	-0.4042  	0.07489  	0.13414  	0.11895  	0.23210  	0.22440  	-0.2020  	-0.0482  	0.21808  	-0.0242  	0.07025  	0.24365  	0.02102  	0.03828  	-0.0635  	0.18440  	0.07418  	-0.0060  	-0.0023  	0.02192  	-0.0529  	0.01366  	-0.0004  	0.02075  	-0.0304  	0.03670  	0.00735  	-0.0130  	0.00574  	0.02250  	0.04036  	0.00195  	0.21899  	0.17035  	-0.1203  	0.00453  	0.00751  	1.29566  	1.27433  	123.652  	115.631  	
-0.3825  	0.32290  	0.51243  	-0.3728  	-0.6927  	0.06547  	1.12644  	0.47075  	0.51504  	1.29004  	1.15568  	1.02691  	-0.0952  	-0.4142  	0.29503  	0.02836  	0.55171  	0.88342  	0.24285  	-0.3817  	0.06529  	0.09661  	1.04277  	-0.2874  	-0.1319  	0.13625  	0.65040  	-1.0516  	-0.6275  	-0.1852  	0.12208  	0.04144  	-0.3879  	0.05910  	0.19384  	0.05422  	0.33124  	0.24735  	-0.2255  	-0.0870  	0.18062  	-0.0273  	0.08173  	0.24025  	0.01688  	0.03746  	-0.0732  	0.20988  	0.08405  	0.00082  	-0.0051  	0.01754  	-0.0551  	0.01376  	-0.0063  	0.04099  	-0.0310  	0.03779  	0.00304  	-0.0079  	0.00497  	0.02703  	0.03577  	0.00144  	0.21899  	0.17035  	-0.1203  	0.00453  	0.00751  	1.29566  	1.27433  	123.652  	115.631  	
-0.3381  	0.31551  	0.54291  	-0.3672  	-0.6882  	0.10139  	1.12866  	0.49210  	0.51707  	1.29499  	1.17775  	1.04082  	-0.0920  	-0.3962  	0.30191  	0.06312  	0.56642  	0.86662  	0.24098  	-0.3970  	0.06068  	0.10338  	1.06469  	-0.2529  	-0.1265  	0.13312  	0.67244  	-1.0709  	-0.6475  	-0.1786  	0.11779  	0.04878  	-0.3875  	0.06408  	0.19919  	0.05619  	0.35066  	0.25952  	-0.2136  	-0.0994  	0.16431  	-0.0248  	0.08603  	0.24121  	0.01444  	0.03652  	-0.0755  	0.21546  	0.08848  	-0.0078  	-0.0042  	0.02141  	-0.0527  	0.01693  	-0.0050  	0.04012  	-0.0323  	0.03946  	0.00325  	-0.0043  	0.00533  	0.02375  	0.04228  	0.00664  	0.21899  	0.17035  	-0.1203  	0.00453  	0.00751  	1.29566  	1.27433  	123.652  	115.631  	
-0.3381  	0.31551  	0.54291  	-0.3672  	-0.6882  	0.10139  	1.12866  	0.49210  	0.51707  	1.29499  	1.17775  	1.04082  	-0.0920  	-0.3962  	0.30191  	0.06312  	0.56642  	0.86662  	0.24098  	-0.3970  	0.06068  	0.10338  	1.06469  	-0.2529  	-0.1265  	0.13312  	0.67244  	-1.0709  	-0.6475  	-0.1786  	0.11779  	0.04878  	-0.3875  	0.06408  	0.19919  	0.05619  	0.35066  	0.25952  	-0.2136  	-0.0994  	0.16431  	-0.0248  	0.08603  	0.24121  	0.01444  	0.03652  	-0.0755  	0.21546  	0.08848  	-0.0078  	-0.0042  	0.02141  	-0.0527  	0.01693  	-0.0050  	0.04012  	-0.0323  	0.03946  	0.00325  	-0.0043  	0.00533  	0.02375  	0.04228  	0.00664  	0.21899  	0.17035  	-0.1203  	0.00453  	0.00751  	1.29566  	1.27433  	123.652  	115.631  	
-0.3661  	0.31360  	0.52750  	-0.3775  	-0.6937  	0.07675  	1.12087  	0.47821  	0.51666  	1.30889  	1.18893  	1.06463  	-0.1038  	-0.4106  	0.28211  	0.05267  	0.56980  	0.87711  	0.23219  	-0.3838  	0.04691  	0.09366  	1.06266  	-0.2767  	-0.1365  	0.14059  	0.63386  	-1.0283  	-0.6255  	-0.1893  	0.12632  	0.03554  	-0.3785  	0.06468  	0.17436  	0.05455  	0.33858  	0.25446  	-0.2150  	-0.1039  	0.19179  	-0.0359  	0.08917  	0.24254  	0.01638  	0.03634  	-0.0738  	0.21092  	0.08354  	-0.0039  	-0.0061  	0.02181  	-0.0530  	0.01511  	-0.0062  	0.03692  	-0.0327  	0.03892  	0.00630  	-0.0048  	0.00501  	0.02591  	0.03944  	0.00361  	0.21899  	0.17035  	-0.1203  	0.00453  	0.00751  	1.29566  	1.27433  	123.652  	115.631  	
-1.4520  	0.02117  	-0.0875  	-1.0890  	-0.8214  	-0.5295  	1.10675  	0.13673  	0.37435  	1.57052  	1.43187  	0.99645  	-0.2322  	-0.8462  	-0.5458  	-0.0636  	0.50151  	1.02589  	0.25167  	-0.1875  	-0.4454  	0.04255  	0.94654  	-0.4545  	-0.2926  	0.27262  	0.19667  	-0.5342  	-0.3318  	-0.2903  	0.21444  	-0.0380  	-0.3793  	0.07057  	-0.1713  	0.29099  	-0.0311  	0.10925  	-0.0663  	-0.1004  	0.31347  	-0.0218  	0.04847  	0.23289  	-0.0020  	0.03674  	-0.0655  	0.23436  	0.09476  	-0.0084  	-0.0158  	0.00841  	-0.0649  	0.00433  	0.00504  	0.01077  	-0.0184  	0.05082  	0.00218  	-0.0085  	0.01454  	0.02191  	0.04768  	0.01460  	0.21899  	0.17035  	-0.1203  	0.00453  	0.00751  	1.29566  	1.27433  	123.652  	115.631  	
-1.5076  	-0.0483  	-0.0954  	-1.2304  	-0.8008  	-0.6774  	1.12775  	0.20127  	0.36683  	1.67597  	1.58129  	0.90280  	-0.2306  	-0.8808  	-0.5148  	-0.3187  	0.50501  	0.95980  	0.24517  	-0.1978  	-0.3174  	0.06118  	0.96167  	-0.4133  	-0.1482  	0.23721  	0.31924  	-0.6690  	-0.3623  	-0.2856  	0.16146  	-0.0748  	-0.4017  	0.07529  	-0.0967  	0.23722  	0.04206  	0.12356  	-0.0796  	-0.0606  	0.23273  	-0.0231  	0.05792  	0.19921  	0.04389  	0.01270  	-0.0677  	0.21365  	0.07017  	-0.0009  	-0.0130  	0.01441  	-0.0640  	0.01544  	-0.0033  	0.00314  	-0.0138  	0.03739  	-0.0010  	0.00108  	9.56654  	0.01774  	0.05593  	0.01651  	0.21899  	0.17035  	-0.1203  	0.00453  	0.00751  	1.29566  	1.27433  	123.652  	115.631  	
-1.1334  	0.08949  	0.13236  	-0.9978  	-0.8632  	-0.5667  	1.01918  	0.24039  	0.35631  	1.57082  	1.32876  	0.90997  	-0.1515  	-0.7126  	-0.1718  	-0.2507  	0.59245  	0.96654  	0.30458  	-0.2721  	-0.2678  	0.09450  	0.98129  	-0.3260  	-0.0737  	0.19246  	0.51381  	-0.8629  	-0.4018  	-0.1812  	0.23217  	-0.0491  	-0.4088  	0.08226  	-0.0401  	0.22334  	0.08853  	0.14650  	-0.0957  	-0.0491  	0.26061  	-0.0142  	0.06549  	0.21855  	0.02940  	0.03157  	-0.0774  	0.22579  	0.05852  	-0.0295  	-0.0018  	0.01939  	-0.0643  	0.00933  	-0.0043  	0.01214  	-0.0279  	0.04038  	0.01868  	-0.0102  	0.00163  	0.02313  	0.04702  	0.01017  	0.21899  	0.17035  	-0.1203  	0.00453  	0.00751  	1.29566  	1.27433  	123.652  	115.631  	
-0.7906  	0.12772  	0.27776  	-0.8662  	-0.8162  	-0.1660  	1.04384  	0.29613  	0.41174  	1.43959  	1.14482  	0.86819  	-0.1330  	-0.7649  	-0.2458  	-0.0335  	0.60240  	1.00785  	0.31700  	-0.3052  	-0.2613  	0.04262  	1.03137  	-0.3942  	-0.0710  	0.16696  	0.49064  	-0.8186  	-0.3999  	-0.1679  	0.10318  	0.00622  	-0.4168  	0.06511  	-0.0262  	0.19576  	0.13912  	0.20077  	-0.1411  	-0.0542  	0.32463  	-0.0350  	0.12311  	0.23433  	0.03041  	0.04870  	-0.0733  	0.22179  	0.07944  	-0.0017  	0.00269  	0.01587  	-0.0683  	0.01070  	-0.0103  	0.01619  	-0.0280  	0.04002  	0.02001  	-0.0234  	-0.0039  	0.01609  	0.05920  	0.00303  	0.21899  	0.17035  	-0.1203  	0.00453  	0.00751  	1.29566  	1.27433  	123.652  	115.631  	
-0.6940  	0.16101  	0.38472  	-0.5797  	-0.7032  	-0.1404  	1.09123  	0.24774  	0.39164  	1.53590  	1.13309  	1.01671  	-0.1638  	-0.8247  	-0.1823  	0.03461  	0.53977  	1.03970  	0.28516  	-0.2036  	-0.3634  	0.05382  	0.88760  	-0.4496  	-0.0311  	0.16665  	0.40776  	-0.6773  	-0.2912  	-0.1605  	0.11806  	-0.0088  	-0.4496  	0.06890  	-0.0487  	0.27177  	0.06763  	0.18266  	-0.0915  	-0.0015  	0.28717  	-0.0328  	0.12115  	0.25372  	0.01376  	0.03337  	-0.0667  	0.22050  	0.08727  	-0.0034  	0.02457  	0.01614  	-0.0549  	0.00543  	0.00240  	0.02333  	-0.0156  	0.02988  	0.00648  	-0.0122  	-0.0052  	0.00881  	0.04639  	0.00470  	0.21899  	0.17035  	-0.1203  	0.00453  	0.00751  	1.29566  	1.27433  	123.652  	115.631  	
-0.8108  	0.10568  	0.25324  	-0.5254  	-0.6923  	-0.1818  	1.07158  	0.16582  	0.32638  	1.48315  	1.15069  	0.96154  	-0.2359  	-0.8159  	-0.0530  	-0.0147  	0.52299  	0.99288  	0.25350  	-0.2468  	-0.2906  	0.08632  	0.90202  	-0.3537  	-0.0001  	0.12801  	0.54026  	-0.7531  	-0.3278  	-0.1441  	0.11124  	0.02553  	-0.4666  	0.05945  	0.04985  	0.31654  	0.13811  	0.15773  	-0.1519  	-0.0199  	0.21784  	-0.0216  	0.07502  	0.23730  	0.02315  	0.03574  	-0.0663  	0.19753  	0.08698  	-0.0067  	0.02895  	0.01417  	-0.0488  	0.00943  	-0.0006  	0.03108  	-0.0088  	0.04413  	0.01129  	-0.0017  	-0.0027  	0.00390  	0.05251  	0.00969  	0.21899  	0.17035  	-0.1203  	0.00453  	0.00751  	1.29566  	1.27433  	123.652  	115.631  	
-0.7761  	0.11697  	0.22695  	-0.6123  	-0.7197  	-0.1394  	1.09829  	0.16399  	0.33975  	1.46210  	1.17519  	0.93124  	-0.2384  	-0.8022  	-0.0949  	-0.0294  	0.53001  	0.97140  	0.24765  	-0.2811  	-0.2576  	0.08044  	0.93147  	-0.3670  	-0.0191  	0.14007  	0.53627  	-0.7762  	-0.3771  	-0.1526  	0.11817  	0.02187  	-0.4727  	0.07800  	0.06914  	0.29931  	0.16818  	0.17070  	-0.1512  	-0.0313  	0.21939  	-0.0261  	0.07219  	0.24058  	0.03343  	0.02735  	-0.0660  	0.19125  	0.07884  	-0.0166  	0.01538  	0.01749  	-0.0570  	0.00510  	0.00316  	0.03002  	-0.0142  	0.04582  	0.00918  	-0.0135  	-0.0046  	0.00644  	0.05189  	0.00601  	0.21899  	0.17035  	-0.1203  	0.00453  	0.00751  	1.29566  	1.27433  	123.652  	115.631  	
-0.7087  	0.13029  	0.33565  	-0.5909  	-0.6854  	-0.1478  	1.12471  	0.19194  	0.39271  	1.53104  	1.18939  	0.98699  	-0.2113  	-0.8325  	-0.1699  	0.10593  	0.49166  	1.05063  	0.26689  	-0.1845  	-0.3626  	0.05564  	0.84935  	-0.4005  	-0.0163  	0.13851  	0.46276  	-0.6754  	-0.3331  	-0.1638  	0.10532  	0.02439  	-0.4490  	0.08160  	0.05419  	0.32396  	0.10669  	0.17137  	-0.1334  	0.00702  	0.24442  	-0.0188  	0.08033  	0.24148  	0.02642  	0.03275  	-0.0739  	0.20230  	0.08728  	-0.0155  	0.02332  	0.01456  	-0.0525  	0.00512  	0.00602  	0.03240  	-0.0156  	0.03991  	0.01209  	-0.0056  	-0.0013  	0.00520  	0.04418  	0.00889  	0.21899  	0.17035  	-0.1203  	0.00453  	0.00751  	1.29566  	1.27433  	123.652  	115.631  	
-0.7137  	0.13730  	0.38763  	-0.6925  	-0.7514  	-0.2010  	1.13025  	0.18954  	0.34787  	1.56956  	1.13167  	0.92374  	-0.2081  	-0.8752  	-0.2613  	0.10088  	0.48333  	1.05844  	0.24280  	-0.2079  	-0.4602  	0.04022  	0.83060  	-0.4636  	-0.0206  	0.15387  	0.43006  	-0.6634  	-0.2610  	-0.1508  	0.12482  	0.02169  	-0.4430  	0.07726  	-0.0175  	0.36321  	0.05473  	0.15263  	-0.0914  	0.02150  	0.28212  	-0.0281  	0.09305  	0.24813  	0.01759  	0.03157  	-0.0767  	0.20625  	0.10040  	-0.0107  	0.01989  	0.01143  	-0.0533  	0.00773  	0.00251  	0.02403  	-0.0157  	0.03660  	0.00222  	-0.0112  	-0.0053  	0.01024  	0.05177  	0.00896  	0.21899  	0.17035  	-0.1203  	0.00453  	0.00751  	1.29566  	1.27433  	123.652  	115.631  	
-1.0347  	0.08256  	0.13417  	-0.7185  	-0.7276  	-0.3684  	1.15389  	0.14304  	0.35739  	1.57141  	1.16773  	0.91170  	-0.1524  	-0.8001  	-0.2889  	-0.0405  	0.50059  	0.99497  	0.22874  	-0.2044  	-0.4288  	0.07047  	0.84578  	-0.3936  	0.05040  	0.17612  	0.44835  	-0.6615  	-0.2466  	-0.1357  	0.14401  	-0.0146  	-0.4672  	0.06451  	0.01191  	0.38720  	0.03812  	0.14611  	-0.0886  	-0.0048  	0.25772  	-0.0082  	0.07528  	0.24108  	0.02903  	0.02292  	-0.0710  	0.20038  	0.08891  	-0.0162  	0.01808  	0.01960  	-0.0612  	0.00821  	0.00957  	0.01831  	-0.0237  	0.04275  	0.00624  	-0.0077  	-0.0057  	0.00970  	0.05853  	0.00996  	0.21899  	0.17035  	-0.1203  	0.00453  	0.00751  	1.29566  	1.27433  	123.652  	115.631  	
-1.1464  	0.00817  	0.05201  	-0.7623  	-0.6684  	-0.3851  	1.10377  	0.16939  	0.34115  	1.50685  	1.20763  	0.98462  	-0.1814  	-0.7078  	-0.0767  	-0.2447  	0.55307  	1.00039  	0.24505  	-0.2481  	-0.3112  	0.01575  	0.94896  	-0.3527  	-0.0014  	0.17082  	0.50916  	-0.7138  	-0.3106  	-0.1472  	0.13124  	-0.0406  	-0.4354  	0.07774  	0.00693  	0.26811  	0.07245  	0.13159  	-0.0995  	-0.0357  	0.20002  	-0.0114  	0.04648  	0.23474  	0.04133  	0.03582  	-0.0695  	0.18815  	0.07694  	-0.0118  	0.01272  	0.01116  	-0.0590  	0.01349  	-0.0052  	0.02601  	-0.0213  	0.04058  	0.00980  	-0.0079  	-7.3656  	0.00828  	0.04522  	0.00446  	0.21899  	0.17035  	-0.1203  	0.00453  	0.00751  	1.29566  	1.27433  	123.652  	115.631  	
-0.9839  	0.12332  	0.16581  	-0.7325  	-0.7263  	-0.2756  	1.07815  	0.23762  	0.34100  	1.43580  	1.18027  	0.94282  	-0.2005  	-0.7529  	-0.0203  	-0.1775  	0.57765  	0.98135  	0.28100  	-0.2747  	-0.2146  	0.08789  	0.99854  	-0.3665  	-0.0158  	0.16033  	0.56445  	-0.8325  	-0.3576  	-0.1384  	0.12205  	-0.0099  	-0.4431  	0.06131  	-0.0316  	0.23079  	0.12752  	0.16582  	-0.1411  	-0.0245  	0.24238  	-0.0251  	0.06077  	0.25069  	0.03977  	0.03310  	-0.0666  	0.18381  	0.06809  	-0.0089  	-0.0008  	0.01073  	-0.0578  	0.01021  	-0.0027  	0.02527  	-0.0198  	0.03589  	0.01230  	-0.0063  	-0.0014  	0.01838  	0.03983  	0.00230  	0.21899  	0.17035  	-0.1203  	0.00453  	0.00751  	1.29566  	1.27433  	123.652  	115.631  	
-0.7697  	0.12825  	0.26287  	-0.5654  	-0.6752  	-0.1332  	1.04422  	0.29094  	0.37058  	1.43581  	1.06932  	0.94807  	-0.1971  	-0.8545  	-0.0861  	-0.0094  	0.55184  	1.05315  	0.28855  	-0.2148  	-0.3068  	0.03935  	0.94474  	-0.3872  	-0.0122  	0.17844  	0.52635  	-0.7143  	-0.3089  	-0.1512  	0.09757  	-0.0113  	-0.4451  	0.05135  	-0.0300  	0.26817  	0.08600  	0.16307  	-0.1045  	-0.0097  	0.23911  	-0.0347  	0.10129  	0.27448  	0.03529  	0.03286  	-0.0713  	0.20599  	0.08398  	-0.0149  	0.00971  	0.01577  	-0.0536  	0.00900  	0.00516  	0.02088  	-0.0151  	0.04516  	0.01324  	-0.0130  	-0.0104  	0.00829  	0.03813  	0.00235  	0.21899  	0.17035  	-0.1203  	0.00453  	0.00751  	1.29566  	1.27433  	123.652  	115.631  	
-0.6835  	0.17385  	0.38292  	-0.5633  	-0.6614  	-0.1101  	1.05789  	0.23850  	0.37499  	1.54109  	1.16034  	1.00256  	-0.2181  	-0.8258  	-0.1536  	0.08969  	0.52373  	1.01373  	0.27824  	-0.2096  	-0.2575  	0.04740  	0.91534  	-0.3779  	-0.0281  	0.14890  	0.48321  	-0.7530  	-0.3273  	-0.1661  	0.11541  	-0.0017  	-0.4511  	0.06002  	0.01003  	0.30025  	0.13584  	0.17643  	-0.1225  	0.01286  	0.24572  	-0.0413  	0.09326  	0.27350  	0.02202  	0.04011  	-0.0702  	0.21839  	0.07884  	-0.0112  	0.02127  	0.01273  	-0.0505  	0.00248  	0.00329  	0.02488  	-0.0149  	0.03888  	0.00911  	-0.0033  	-0.0028  	0.00018  	0.04978  	0.00882  	0.21899  	0.17035  	-0.1203  	0.00453  	0.00751  	1.29566  	1.27433  	123.652  	115.631  	
-0.6850  	0.15359  	0.37292  	-0.5950  	-0.6845  	-0.1026  	1.08980  	0.20695  	0.38193  	1.56637  	1.22222  	1.00401  	-0.2242  	-0.8901  	-0.2044  	0.13258  	0.49042  	1.03994  	0.27564  	-0.2154  	-0.3407  	0.04636  	0.87530  	-0.3905  	-0.0108  	0.12905  	0.50342  	-0.7031  	-0.3019  	-0.1620  	0.10178  	0.02668  	-0.4478  	0.07836  	0.03612  	0.33279  	0.10343  	0.18511  	-0.1093  	0.00976  	0.24330  	-0.0183  	0.09297  	0.24782  	0.01457  	0.03640  	-0.0805  	0.20958  	0.08862  	-0.0088  	0.02281  	0.01366  	-0.0515  	0.01441  	0.00452  	0.03087  	-0.0166  	0.03525  	0.00800  	-0.0091  	-0.0023  	0.00799  	0.04625  	0.00833  	0.21899  	0.17035  	-0.1203  	0.00453  	0.00751  	1.29566  	1.27433  	123.652  	115.631  	
-0.7897  	0.09250  	0.24931  	-0.6463  	-0.7347  	-0.1182  	1.09276  	0.15495  	0.34126  	1.50065  	1.22194  	0.95490  	-0.2230  	-0.8670  	-0.1548  	0.01552  	0.52520  	1.00377  	0.26164  	-0.2982  	-0.3030  	0.06113  	0.93120  	-0.3812  	-0.0037  	0.13806  	0.51789  	-0.7246  	-0.3287  	-0.1512  	0.11668  	0.02253  	-0.4765  	0.07262  	0.03966  	0.32098  	0.13485  	0.17543  	-0.1489  	-0.0111  	0.23415  	-0.0149  	0.08755  	0.24198  	0.02346  	0.03030  	-0.0669  	0.19140  	0.08394  	-0.0145  	0.02165  	0.01467  	-0.0550  	0.00985  	0.00655  	0.02493  	-0.0141  	0.04409  	0.01195  	-0.0038  	-0.0050  	0.00710  	0.05072  	0.00830  	0.21899  	0.17035  	-0.1203  	0.00453  	0.00751  	1.29566  	1.27433  	123.652  	115.631  	
-0.8338  	0.08518  	0.19690  	-0.6665  	-0.7403  	-0.1659  	1.07661  	0.14490  	0.32799  	1.46790  	1.25388  	0.95252  	-0.2399  	-0.8753  	-0.1643  	-0.0192  	0.55008  	0.97695  	0.25889  	-0.2930  	-0.2847  	0.04366  	0.94552  	-0.3631  	-0.0515  	0.13865  	0.49971  	-0.7347  	-0.3677  	-0.1573  	0.11838  	0.03213  	-0.4775  	0.06820  	0.06250  	0.30381  	0.15369  	0.17344  	-0.1595  	-0.0253  	0.24054  	-0.0233  	0.07498  	0.23300  	0.03388  	0.03058  	-0.0619  	0.18403  	0.08413  	-0.0119  	0.01879  	0.01698  	-0.0581  	0.00656  	0.00408  	0.02747  	-0.0159  	0.04644  	0.01368  	-0.0074  	-0.0034  	0.00725  	0.04682  	0.00496  	0.21899  	0.17035  	-0.1203  	0.00453  	0.00751  	1.29566  	1.27433  	123.652  	115.631  	
-0.7921  	0.10054  	0.26748  	-0.6316  	-0.7092  	-0.1819  	1.10076  	0.17943  	0.35545  	1.51084  	1.22886  	0.96205  	-0.2127  	-0.8237  	-0.1741  	0.02066  	0.52538  	0.99264  	0.25434  	-0.2433  	-0.3097  	0.03109  	0.91447  	-0.3670  	-0.0435  	0.14550  	0.49182  	-0.7238  	-0.3769  	-0.1587  	0.12124  	0.02571  	-0.4639  	0.07059  	0.05941  	0.30165  	0.14847  	0.16876  	-0.1580  	-0.0278  	0.22907  	-0.0145  	0.06694  	0.23084  	0.02978  	0.03042  	-0.0642  	0.19368  	0.08624  	-0.0128  	0.01572  	0.01485  	-0.0560  	0.00524  	0.00364  	0.02334  	-0.0141  	0.04481  	0.00875  	-0.0115  	-0.0053  	0.00645  	0.05087  	0.00787  	0.21899  	0.17035  	-0.1203  	0.00453  	0.00751  	1.29566  	1.27433  	123.652  	115.631  	
-0.7688  	0.10865  	0.33073  	-0.6173  	-0.6991  	-0.1864  	1.08377  	0.21750  	0.37581  	1.57910  	1.26797  	1.00069  	-0.2202  	-0.8538  	-0.2376  	0.10170  	0.48915  	1.00746  	0.27141  	-0.2331  	-0.3167  	0.03422  	0.89636  	-0.3678  	-0.0245  	0.14750  	0.49643  	-0.7442  	-0.3870  	-0.1627  	0.10557  	0.03631  	-0.4531  	0.06728  	0.06221  	0.31303  	0.14941  	0.18470  	-0.1578  	-0.0178  	0.22819  	-0.0122  	0.07863  	0.23216  	0.02106  	0.03244  	-0.0693  	0.20098  	0.08984  	-0.0147  	0.01736  	0.01160  	-0.0541  	0.01118  	0.00164  	0.02332  	-0.0163  	0.04103  	0.00969  	-0.0119  	-0.0058  	0.00389  	0.04933  	0.00532  	0.21899  	0.17035  	-0.1203  	0.00453  	0.00751  	1.29566  	1.27433  	123.652  	115.631  	
-0.7377  	0.13993  	0.32534  	-0.6029  	-0.7143  	-0.1589  	1.09970  	0.22652  	0.36872  	1.52899  	1.25025  	0.97529  	-0.2160  	-0.7489  	-0.1654  	0.04194  	0.49646  	0.98703  	0.25905  	-0.2606  	-0.2755  	0.05084  	0.92777  	-0.3613  	-0.0693  	0.15012  	0.52076  	-0.7796  	-0.3900  	-0.1749  	0.11306  	0.02540  	-0.4418  	0.06796  	0.08812  	0.28996  	0.16094  	0.17179  	-0.1613  	-0.0255  	0.21872  	-0.0050  	0.08325  	0.23440  	0.03020  	0.03399  	-0.0681  	0.20223  	0.08884  	-0.0083  	0.01763  	0.01106  	-0.0560  	0.00897  	0.00446  	0.02396  	-0.0127  	0.04141  	0.00531  	-0.0122  	-0.0055  	0.01473  	0.05024  	0.00922  	0.21899  	0.17035  	-0.1203  	0.00453  	0.00751  	1.29566  	1.27433  	123.652  	115.631  	
-0.7170  	0.17764  	0.38014  	-0.6774  	-0.7705  	-0.1818  	1.10193  	0.23734  	0.39314  	1.53635  	1.25533  	0.98172  	-0.1976  	-0.7796  	-0.2908  	0.06638  	0.48203  	1.02845  	0.26519  	-0.2086  	-0.3359  	0.04020  	0.89825  	-0.4399  	-0.0763  	0.15565  	0.44092  	-0.7120  	-0.3800  	-0.2001  	0.13043  	0.02620  	-0.4216  	0.06011  	0.03555  	0.29249  	0.13968  	0.15595  	-0.1262  	-0.0137  	0.25698  	-0.0364  	0.10408  	0.23307  	0.03172  	0.03513  	-0.0661  	0.22144  	0.09764  	0.00013  	0.02629  	0.00737  	-0.0573  	0.00390  	0.00138  	0.02307  	-0.0174  	0.04668  	0.00020  	-0.0073  	-0.0056  	0.01336  	0.04960  	0.01038  	0.21899  	0.17035  	-0.1203  	0.00453  	0.00751  	1.29566  	1.27433  	123.652  	115.631  	
-0.8093  	0.13760  	0.25684  	-0.7169  	-0.7314  	-0.2751  	1.12424  	0.14947  	0.34922  	1.67664  	1.18685  	1.03188  	-0.1682  	-0.7202  	-0.3099  	-0.0338  	0.48810  	1.05718  	0.24947  	-0.1883  	-0.4667  	0.02614  	0.85530  	-0.4555  	-0.0130  	0.16135  	0.38232  	-0.5936  	-0.2595  	-0.1476  	0.12680  	0.02225  	-0.4510  	0.05252  	-0.0464  	0.33082  	0.02242  	0.13917  	-0.0735  	0.00768  	0.27679  	-0.0151  	0.11085  	0.22788  	0.03596  	0.02166  	-0.0666  	0.21464  	0.09542  	-0.0097  	0.01971  	0.01071  	-0.0552  	0.00867  	0.00521  	0.01227  	-0.0065  	0.03506  	0.01088  	-0.0086  	-0.0064  	0.01901  	0.05749  	0.00939  	0.21899  	0.17035  	-0.1203  	0.00453  	0.00751  	1.29566  	1.27433  	123.652  	115.631  	
-1.0683  	0.09915  	0.21242  	-0.6709  	-0.6998  	-0.4198  	1.08055  	0.24960  	0.35595  	1.53197  	1.24240  	0.95876  	-0.1389  	-0.7343  	-0.1342  	-0.1888  	0.63099  	0.84130  	0.33971  	-0.4675  	-0.2574  	-0.1901  	0.60802  	-0.3561  	-0.0429  	0.24994  	0.48203  	-0.8363  	-0.2742  	-0.1906  	0.25290  	-0.0565  	-0.5266  	-0.1013  	-0.0513  	0.29187  	-0.0181  	0.13668  	-0.2531  	-0.1226  	0.31216  	0.11605  	-0.0596  	0.29100  	-0.0439  	0.04767  	-0.0881  	0.22180  	0.07207  	-0.0284  	0.02223  	0.01613  	-0.0601  	0.03253  	0.00331  	0.02483  	-0.0146  	0.02076  	0.01913  	0.00396  	0.00100  	0.02332  	0.03377  	0.01012  	0.21899  	0.17035  	-0.1203  	0.00453  	0.00751  	1.29566  	1.27433  	123.652  	115.631  	
-1.1307  	0.10329  	0.21805  	-0.9244  	-0.8708  	-0.4916  	1.01959  	0.29135  	0.31479  	1.57660  	1.32281  	0.90777  	-0.0987  	-0.8277  	-0.0964  	-0.3548  	0.70644  	0.68285  	0.40412  	-0.7479  	-0.1312  	-0.3306  	0.51584  	-0.3906  	-0.1470  	0.36814  	0.46825  	-1.0017  	-0.2531  	-0.2170  	0.36628  	-0.1227  	-0.6107  	-0.2319  	-0.1733  	0.23415  	-0.0442  	0.16695  	-0.3322  	-0.1937  	0.39424  	0.22592  	-0.1492  	0.36860  	-0.0793  	0.07149  	-0.1128  	0.23527  	0.05092  	-0.0288  	0.00659  	0.02499  	-0.0511  	0.05051  	0.00341  	0.01686  	-0.0246  	0.01589  	0.01002  	0.00921  	0.00749  	0.01381  	0.01287  	0.00346  	0.21899  	0.17035  	-0.1203  	0.00453  	0.00751  	1.29566  	1.27433  	123.652  	115.631  	
-1.1438  	0.09675  	0.21625  	-0.9072  	-0.7752  	-0.5168  	1.05174  	0.32054  	0.30131  	1.53063  	1.31486  	0.92079  	-0.1105  	-0.9259  	-0.2055  	-0.2802  	0.71558  	0.67843  	0.42293  	-0.8060  	-0.1601  	-0.4256  	0.46169  	-0.3654  	-0.1970  	0.38959  	0.48492  	-0.9645  	-0.2175  	-0.2264  	0.37688  	-0.1255  	-0.6297  	-0.2654  	-0.1794  	0.20711  	-0.0993  	0.15026  	-0.3632  	-0.2078  	0.41513  	0.26412  	-0.1703  	0.39236  	-0.0865  	0.07085  	-0.1156  	0.23453  	0.03250  	-0.0258  	0.01334  	0.03012  	-0.0600  	0.04613  	0.00336  	0.01232  	-0.0219  	0.02041  	0.00606  	0.00603  	0.00907  	0.00985  	0.01027  	0.00433  	0.21899  	0.17035  	-0.1203  	0.00453  	0.00751  	1.29566  	1.27433  	123.652  	115.631  	
-0.6444  	0.17003  	0.38797  	-0.3637  	-0.4532  	-0.2077  	1.05345  	0.51272  	0.35383  	1.33550  	1.18481  	1.10548  	0.06101  	-0.6039  	0.40349  	-0.1483  	0.72352  	0.69620  	0.38301  	-0.7183  	-0.0157  	-0.4097  	0.41521  	-0.2308  	-0.3409  	0.39122  	0.51325  	-0.9326  	-0.3670  	-0.2412  	0.37762  	-0.0790  	-0.5205  	-0.2394  	-0.0125  	0.08537  	-0.0215  	0.15945  	-0.3536  	-0.1479  	0.34379  	0.23547  	-0.1438  	0.36650  	-0.0791  	0.06429  	-0.0910  	0.23346  	0.05330  	-0.0317  	0.01520  	0.02239  	-0.0731  	0.02543  	0.00502  	0.01090  	-0.0221  	0.01203  	0.00417  	0.00480  	0.00867  	0.01478  	0.00491  	-0.0014  	0.21899  	0.17035  	-0.1203  	0.00453  	0.00751  	1.29566  	1.27433  	123.652  	115.631  	
-0.2065  	0.29607  	0.63376  	-0.1357  	-0.4657  	0.12913  	1.19348  	0.44153  	0.42611  	1.42121  	0.62289  	0.96449  	0.11861  	-0.1662  	0.73674  	-0.2793  	0.61352  	0.71296  	0.28474  	-0.6696  	-0.1718  	-0.0440  	0.75120  	-0.3005  	-0.0922  	0.25567  	0.61742  	-1.0511  	-0.2592  	-0.1190  	0.25027  	-0.0508  	-0.4876  	-0.0881  	0.02867  	0.10817  	0.02205  	0.14523  	-0.2157  	-0.0730  	0.25015  	0.13259  	-0.0310  	0.34192  	-0.0458  	0.06140  	-0.1125  	0.27054  	0.08522  	-0.0093  	0.01793  	0.01929  	-0.0602  	0.01897  	-0.0025  	0.04614  	-0.0318  	0.02358  	0.00820  	0.00308  	0.00305  	0.02951  	0.01993  	0.00021  	0.21899  	0.17035  	-0.1203  	0.00453  	0.00751  	1.29566  	1.27433  	123.652  	115.631  	
-0.2207  	0.38066  	0.50091  	-0.0499  	-0.4131  	0.18373  	1.25932  	0.44027  	0.47219  	1.36159  	0.45973  	0.85830  	0.10952  	-0.0643  	0.64810  	-0.2572  	0.52366  	0.84408  	0.20573  	-0.5879  	-0.3111  	0.33032  	1.09192  	-0.3983  	0.12488  	0.11305  	0.65200  	-0.8911  	-0.1491  	0.00931  	0.13762  	-0.0235  	-0.4346  	0.06110  	0.01262  	0.11861  	0.09034  	0.08638  	-0.0415  	0.00579  	0.17537  	-0.0010  	0.12685  	0.26937  	0.00909  	0.02990  	-0.1096  	0.26448  	0.11471  	-0.0119  	0.02325  	0.02162  	-0.0575  	8.17924  	-0.0111  	0.05406  	-0.0236  	0.01991  	-0.0023  	-0.0011  	0.00073  	0.03645  	0.03851  	0.00831  	0.21899  	0.17035  	-0.1203  	0.00453  	0.00751  	1.29566  	1.27433  	123.652  	115.631  	
-0.5609  	0.36100  	0.37564  	-0.1710  	-0.4599  	-0.0667  	1.19767  	0.38476  	0.41600  	1.47612  	0.61931  	0.67145  	0.09407  	0.00494  	0.53400  	-0.2923  	0.49037  	0.76541  	0.14728  	-0.4894  	-0.2451  	0.23590  	0.86023  	-0.1357  	0.19010  	0.08446  	0.86161  	-1.0601  	-0.2725  	0.03513  	0.13248  	-0.0292  	-0.4920  	0.04484  	0.21249  	0.16720  	0.11317  	0.08702  	-0.1082  	0.02418  	0.12407  	0.06632  	0.04324  	0.20561  	0.00485  	0.04439  	-0.1069  	0.23408  	0.10373  	-0.0051  	0.03055  	0.01377  	-0.0582  	0.01041  	-0.0128  	0.05477  	-0.0210  	0.03467  	0.01483  	0.01716  	-0.0042  	0.04787  	0.02510  	0.01082  	0.21899  	0.17035  	-0.1203  	0.00453  	0.00751  	1.29566  	1.27433  	123.652  	115.631  	
-0.8985  	0.17133  	0.10819  	-0.5100  	-0.4943  	-0.2588  	1.12148  	0.24477  	0.39127  	1.48875  	1.04297  	1.06880  	-0.1323  	-0.6222  	0.29291  	-0.1536  	0.50391  	0.92950  	0.23632  	-0.2576  	-0.1990  	0.03969  	0.89641  	-0.2601  	-0.1218  	0.15666  	0.57850  	-0.8817  	-0.4984  	-0.1454  	0.16046  	0.05991  	-0.4402  	0.07338  	0.12002  	0.13237  	0.15495  	0.17117  	-0.1908  	-0.0028  	0.15490  	-0.0072  	0.02062  	0.24073  	0.02274  	0.03785  	-0.0774  	0.18678  	0.06810  	0.01309  	0.01424  	0.01928  	-0.0605  	0.01160  	-0.0081  	0.01864  	-0.0076  	0.04371  	0.01076  	-0.0187  	0.00296  	0.01271  	0.05212  	-0.0012  	0.21899  	0.17035  	-0.1203  	0.00453  	0.00751  	1.29566  	1.27433  	123.652  	115.631  	
-0.7047  	0.09505  	0.30473  	-0.6378  	-0.6700  	-0.0562  	1.06627  	0.18525  	0.38325  	1.39456  	1.09589  	0.91937  	-0.1886  	-0.8295  	-0.0825  	0.01266  	0.55803  	0.98952  	0.30125  	-0.2833  	-0.2767  	0.06005  	0.96968  	-0.3505  	0.01646  	0.14873  	0.55419  	-0.8174  	-0.3811  	-0.1538  	0.08680  	0.02657  	-0.4579  	0.06717  	0.00729  	0.28841  	0.16412  	0.18358  	-0.1484  	-0.0200  	0.24829  	-0.0283  	0.08201  	0.25129  	0.02134  	0.04126  	-0.0694  	0.20672  	0.07616  	-0.0026  	0.00040  	0.01876  	-0.0542  	0.01333  	-0.0027  	0.02057  	-0.0184  	0.04474  	0.01184  	-0.0164  	-0.0021  	0.00334  	0.03962  	0.00202  	0.21899  	0.17035  	-0.1203  	0.00453  	0.00751  	1.29566  	1.27433  	123.652  	115.631  	
-0.6639  	0.13547  	0.35542  	-0.5337  	-0.6452  	-0.1146  	1.09344  	0.21772  	0.38920  	1.52135  	1.13639  	0.98705  	-0.1922  	-0.8271  	-0.1619  	0.08938  	0.51634  	1.03257  	0.27051  	-0.1998  	-0.3237  	0.04296  	0.90041  	-0.3870  	-0.0004  	0.13427  	0.48890  	-0.7000  	-0.3422  	-0.1471  	0.09654  	0.01740  	-0.4430  	0.06897  	0.04315  	0.30653  	0.12589  	0.17480  	-0.1243  	0.00248  	0.23314  	-0.0328  	0.08798  	0.24992  	0.02087  	0.03618  	-0.0689  	0.21733  	0.08343  	-0.0154  	0.02832  	0.01653  	-0.0499  	0.00521  	-0.0005  	0.03087  	-0.0138  	0.04053  	0.00838  	-0.0031  	-0.0021  	-0.0032  	0.04653  	0.00294  	0.21899  	0.17035  	-0.1203  	0.00453  	0.00751  	1.29566  	1.27433  	123.652  	115.631  	
-0.6488  	0.13355  	0.36889  	-0.5291  	-0.6373  	-0.0922  	1.10581  	0.23534  	0.39328  	1.53484  	1.16386  	0.99321  	-0.1624  	-0.8461  	-0.1366  	0.10728  	0.47945  	1.04645  	0.27393  	-0.1699  	-0.3641  	0.03935  	0.84446  	-0.4052  	0.02003  	0.11850  	0.48453  	-0.6602  	-0.3004  	-0.1510  	0.10055  	0.02196  	-0.4459  	0.08382  	0.05300  	0.32492  	0.08308  	0.19008  	-0.1125  	0.00448  	0.22389  	-0.0306  	0.08437  	0.23451  	0.01004  	0.03419  	-0.0741  	0.21161  	0.08793  	-0.0142  	0.02732  	0.01673  	-0.0506  	0.00983  	0.00123  	0.02934  	-0.0129  	0.03706  	0.01423  	-0.0060  	-0.0021  	-0.0021  	0.04904  	0.00401  	0.21899  	0.17035  	-0.1203  	0.00453  	0.00751  	1.29566  	1.27433  	123.652  	115.631  	
-0.6807  	0.11246  	0.33783  	-0.6082  	-0.6813  	-0.0906  	1.13497  	0.19964  	0.37781  	1.52801  	1.15185  	0.97045  	-0.1650  	-0.8139  	-0.1606  	0.08612  	0.48993  	1.03001  	0.26894  	-0.2133  	-0.3642  	0.04446  	0.85392  	-0.3894  	-0.0073  	0.12629  	0.51031  	-0.6814  	-0.3105  	-0.1526  	0.10771  	0.01334  	-0.4462  	0.07786  	0.05698  	0.32148  	0.10119  	0.17286  	-0.1256  	0.01990  	0.22610  	-0.0061  	0.07979  	0.24215  	0.01667  	0.03718  	-0.0727  	0.20585  	0.08670  	-0.0093  	0.01777  	0.01682  	-0.0550  	0.00611  	0.00091  	0.02893  	-0.0146  	0.03659  	0.00874  	-0.0084  	-0.0054  	0.00350  	0.05051  	0.00617  	0.21899  	0.17035  	-0.1203  	0.00453  	0.00751  	1.29566  	1.27433  	123.652  	115.631  	
-0.6893  	0.15144  	0.33343  	-0.5929  	-0.6685  	-0.1206  	1.15423  	0.19545  	0.35803  	1.45047  	1.11516  	0.92126  	-0.1748  	-0.7535  	-0.0563  	-0.0100  	0.49599  	0.98724  	0.22664  	-0.2237  	-0.3032  	0.05944  	0.92224  	-0.3500  	-0.0433  	0.14673  	0.51184  	-0.7274  	-0.3356  	-0.1951  	0.12160  	0.01933  	-0.4509  	0.07049  	0.06533  	0.29261  	0.12720  	0.17487  	-0.1387  	0.02541  	0.23159  	-0.0082  	0.07210  	0.24761  	0.02125  	0.03377  	-0.0688  	0.20488  	0.08520  	-0.0107  	0.01729  	0.01589  	-0.0483  	0.00528  	0.00241  	0.01924  	-0.0124  	0.03948  	0.00792  	-0.0131  	-0.0082  	0.00749  	0.04703  	0.01248  	0.21899  	0.17035  	-0.1203  	0.00453  	0.00751  	1.29566  	1.27433  	123.652  	115.631  	
-0.7093  	0.18088  	0.33702  	-0.5365  	-0.7309  	-0.1202  	1.15162  	0.22291  	0.37907  	1.39291  	1.08345  	0.92668  	-0.1937  	-0.6986  	0.10741  	-0.1103  	0.52267  	0.96467  	0.21952  	-0.2826  	-0.2216  	0.10242  	0.98594  	-0.3709  	-0.0356  	0.17120  	0.53415  	-0.8547  	-0.3944  	-0.1544  	0.14570  	0.02947  	-0.4338  	0.08193  	0.09030  	0.23325  	0.17021  	0.18289  	-0.1666  	-0.0217  	0.22360  	-0.0179  	0.06671  	0.25433  	0.02960  	0.02869  	-0.0632  	0.19752  	0.07825  	-0.0144  	0.00400  	0.01722  	-0.0526  	0.01259  	0.00037  	0.01961  	-0.0165  	0.04302  	-0.0003  	-0.0125  	0.00125  	0.01541  	0.04200  	0.01294  	0.21899  	0.17035  	-0.1203  	0.00453  	0.00751  	1.29566  	1.27433  	123.652  	115.631  	
-0.5450  	0.23910  	0.38904  	-0.4025  	-0.6646  	-0.0200  	1.11813  	0.36363  	0.44920  	1.32755  	1.10636  	0.98605  	-0.0954  	-0.5012  	0.28377  	-0.0492  	0.56788  	0.92008  	0.23689  	-0.3483  	-0.0688  	0.08508  	0.97040  	-0.2900  	-0.0532  	0.14958  	0.60403  	-0.9527  	-0.4928  	-0.1594  	0.12729  	0.03229  	-0.3954  	0.06881  	0.16218  	0.12426  	0.23876  	0.21095  	-0.2023  	-0.0571  	0.19247  	-0.0119  	0.07015  	0.24258  	0.02358  	0.03520  	-0.0655  	0.18338  	0.07851  	-0.0038  	-0.0045  	0.01734  	-0.0526  	0.01367  	0.00072  	0.02366  	-0.0269  	0.04001  	0.00184  	-0.0134  	0.00509  	0.02457  	0.04203  	0.00470  	0.21899  	0.17035  	-0.1203  	0.00453  	0.00751  	1.29566  	1.27433  	123.652  	115.631  	
-0.4094  	0.29292  	0.46774  	-0.3529  	-0.6920  	0.05312  	1.12721  	0.45748  	0.50407  	1.27655  	1.14120  	0.99276  	-0.0921  	-0.4315  	0.31700  	0.00237  	0.55783  	0.88253  	0.24305  	-0.3936  	0.03395  	0.10153  	1.02873  	-0.2768  	-0.0920  	0.12946  	0.65719  	-1.0518  	-0.6096  	-0.1769  	0.11927  	0.04622  	-0.3940  	0.05894  	0.19930  	0.06725  	0.32936  	0.24258  	-0.2299  	-0.0861  	0.17696  	-0.0302  	0.07658  	0.24474  	0.01962  	0.03582  	-0.0732  	0.20028  	0.08267  	-0.0016  	-0.0073  	0.01510  	-0.0545  	0.01455  	-0.0051  	0.03603  	-0.0294  	0.03860  	0.00120  	-0.0088  	0.00452  	0.02540  	0.03825  	0.00152  	0.21899  	0.17035  	-0.1203  	0.00453  	0.00751  	1.29566  	1.27433  	123.652  	115.631  	
-0.3393  	0.31636  	0.54458  	-0.3709  	-0.6918  	0.09928  	1.12780  	0.49201  	0.51818  	1.29494  	1.17921  	1.04052  	-0.0916  	-0.3962  	0.29821  	0.06300  	0.56542  	0.86607  	0.24147  	-0.3993  	0.06347  	0.10340  	1.06458  	-0.2534  	-0.1275  	0.13289  	0.67319  	-1.0726  	-0.6495  	-0.1797  	0.11843  	0.04885  	-0.3871  	0.06414  	0.19942  	0.05597  	0.35244  	0.25988  	-0.2145  	-0.0995  	0.16567  	-0.0245  	0.08596  	0.24117  	0.01413  	0.03637  	-0.0755  	0.21539  	0.08822  	-0.0074  	-0.0042  	0.02131  	-0.0525  	0.01739  	-0.0052  	0.04040  	-0.0326  	0.03936  	0.00358  	-0.0038  	0.00547  	0.02368  	0.04209  	0.00665  	0.21899  	0.17035  	-0.1203  	0.00453  	0.00751  	1.29566  	1.27433  	123.652  	115.631  	
-0.3381  	0.31551  	0.54291  	-0.3672  	-0.6882  	0.10139  	1.12866  	0.49210  	0.51707  	1.29499  	1.17775  	1.04082  	-0.0920  	-0.3962  	0.30191  	0.06312  	0.56642  	0.86662  	0.24098  	-0.3970  	0.06068  	0.10338  	1.06469  	-0.2529  	-0.1265  	0.13312  	0.67244  	-1.0709  	-0.6475  	-0.1786  	0.11779  	0.04878  	-0.3875  	0.06408  	0.19919  	0.05619  	0.35066  	0.25952  	-0.2136  	-0.0994  	0.16431  	-0.0248  	0.08603  	0.24121  	0.01444  	0.03652  	-0.0755  	0.21546  	0.08848  	-0.0078  	-0.0042  	0.02141  	-0.0527  	0.01693  	-0.0050  	0.04012  	-0.0323  	0.03946  	0.00325  	-0.0043  	0.00533  	0.02375  	0.04228  	0.00664  	0.21899  	0.17035  	-0.1203  	0.00453  	0.00751  	1.29566  	1.27433  	123.652  	115.631  	
-0.3381  	0.31551  	0.54291  	-0.3672  	-0.6882  	0.10139  	1.12866  	0.49210  	0.51707  	1.29499  	1.17775  	1.04082  	-0.0920  	-0.3962  	0.30191  	0.06312  	0.56642  	0.86662  	0.24098  	-0.3970  	0.06068  	0.10338  	1.06469  	-0.2529  	-0.1265  	0.13312  	0.67244  	-1.0709  	-0.6475  	-0.1786  	0.11779  	0.04878  	-0.3875  	0.06408  	0.19919  	0.05619  	0.35066  	0.25952  	-0.2136  	-0.0994  	0.16431  	-0.0248  	0.08603  	0.24121  	0.01444  	0.03652  	-0.0755  	0.21546  	0.08848  	-0.0078  	-0.0042  	0.02141  	-0.0527  	0.01693  	-0.0050  	0.04012  	-0.0323  	0.03946  	0.00325  	-0.0043  	0.00533  	0.02375  	0.04228  	0.00664  	0.21899  	0.17035  	-0.1203  	0.00453  	0.00751  	1.29566  	1.27433  	123.652  	115.631  	
-0.3205  	0.30233  	0.52637  	-0.1826  	-0.5089  	0.15730  	1.17145  	0.43165  	0.45208  	1.35034  	0.89379  	0.97890  	0.02664  	-0.2608  	0.32232  	-0.0019  	0.53898  	0.90932  	0.23157  	-0.3497  	-0.1655  	0.12886  	0.91294  	-0.3113  	0.04656  	0.09880  	0.66058  	-0.8819  	-0.4143  	-0.0880  	0.09611  	0.01444  	-0.4016  	0.06734  	0.13861  	0.14308  	0.17117  	0.16209  	-0.1342  	-0.0266  	0.17007  	-0.0062  	0.08660  	0.25038  	0.01773  	0.04164  	-0.0864  	0.23824  	0.10278  	-0.0101  	0.01448  	0.01568  	-0.0591  	0.00547  	-0.0067  	0.04276  	-0.0273  	0.03552  	0.00542  	-0.0090  	0.00080  	0.02184  	0.04358  	-0.0036  	0.21899  	0.17035  	-0.1203  	0.00453  	0.00751  	1.29566  	1.27433  	123.652  	115.631  	
-0.4200  	0.26274  	0.38232  	-0.2252  	-0.5234  	-0.0013  	1.17917  	0.38859  	0.45818  	1.41894  	0.86796  	0.97345  	-0.0093  	-0.3397  	0.33333  	-0.0561  	0.52586  	0.97027  	0.22465  	-0.2801  	-0.2695  	0.10861  	0.89239  	-0.3783  	0.01743  	0.14650  	0.56389  	-0.8029  	-0.2831  	-0.0983  	0.09475  	0.00988  	-0.3937  	0.07861  	0.06266  	0.17018  	0.08937  	0.16500  	-0.0876  	0.00643  	0.20500  	-0.0169  	0.09773  	0.25522  	0.02648  	0.03292  	-0.0722  	0.23817  	0.09958  	-0.0159  	0.00605  	0.02226  	-0.0637  	0.00518  	-0.0003  	0.02950  	-0.0263  	0.03468  	0.00960  	-0.0114  	0.00378  	0.01648  	0.04682  	0.00094  	0.21899  	0.17035  	-0.1203  	0.00453  	0.00751  	1.29566  	1.27433  	123.652  	115.631  	
-0.4747  	0.27841  	0.29780  	-0.1197  	-0.4027  	-0.0795  	1.18517  	0.32829  	0.46377  	1.42245  	0.78291  	1.06803  	0.01568  	-0.3251  	0.31735  	-0.0692  	0.48822  	0.97896  	0.17589  	-0.1792  	-0.3583  	0.08910  	0.78648  	-0.3938  	0.01319  	0.14592  	0.50074  	-0.6596  	-0.2207  	-0.0674  	0.07444  	-0.0087  	-0.3949  	0.09278  	0.04534  	0.16024  	0.01226  	0.12975  	-0.0542  	0.03483  	0.19217  	0.00696  	0.08580  	0.24419  	0.03790  	0.03828  	-0.0771  	0.22980  	0.10183  	-0.0169  	0.01312  	0.01895  	-0.0677  	-0.0080  	-0.0077  	0.03669  	-0.0172  	0.03381  	0.00846  	-0.0150  	0.00355  	0.02074  	0.04461  	0.00351  	0.21899  	0.17035  	-0.1203  	0.00453  	0.00751  	1.29566  	1.27433  	123.652  	115.631  	
-0.5953  	0.20310  	0.13763  	0.10948  	-0.1999  	-0.0758  	1.15598  	0.29627  	0.40818  	1.40175  	0.82402  	1.14455  	0.00438  	-0.3112  	0.35703  	-0.0269  	0.45675  	0.99403  	0.20387  	-0.1255  	-0.4310  	0.11405  	0.65560  	-0.3632  	0.12733  	0.14145  	0.50559  	-0.5397  	-0.1621  	-0.0014  	0.07670  	-0.0634  	-0.4319  	0.11289  	0.12287  	0.23782  	-0.0366  	0.08659  	-0.0260  	0.04839  	0.09846  	0.03013  	0.04317  	0.20796  	0.03176  	0.03301  	-0.0851  	0.22561  	0.09707  	-0.0110  	0.02095  	0.01315  	-0.0578  	0.00982  	-0.0059  	0.03647  	-0.0068  	0.04128  	0.01194  	-0.0110  	-0.0148  	0.00822  	0.02742  	0.00534  	0.21899  	0.17035  	-0.1203  	0.00453  	0.00751  	1.29566  	1.27433  	123.652  	115.631  	
-0.6185  	0.19241  	0.14951  	0.08317  	-0.2664  	0.01666  	1.12670  	0.29606  	0.42877  	1.37094  	0.72820  	1.15526  	0.01769  	-0.3133  	0.39430  	-0.0179  	0.49620  	1.00989  	0.25737  	-0.2042  	-0.4705  	0.11914  	0.73092  	-0.4465  	0.09455  	0.15040  	0.47653  	-0.5264  	-0.1197  	0.00601  	0.09712  	-0.0395  	-0.4020  	0.11480  	0.07423  	0.19588  	-0.0497  	0.10444  	-0.0358  	0.02931  	0.12609  	-0.0214  	0.05773  	0.23386  	0.03169  	0.03511  	-0.0720  	0.21723  	0.09525  	-0.0145  	0.01145  	0.00709  	-0.0622  	0.00690  	-0.0009  	0.03457  	-0.0136  	0.03436  	0.01253  	-0.0097  	-0.0105  	0.00539  	0.03415  	-0.0021  	0.21899  	0.17035  	-0.1203  	0.00453  	0.00751  	1.29566  	1.27433  	123.652  	115.631  	
-0.6369  	0.20346  	0.13892  	-0.0700  	-0.3099  	-0.0135  	1.12968  	0.26572  	0.40931  	1.43446  	0.80384  	1.12460  	-0.0148  	-0.4379  	0.18860  	-0.0760  	0.48510  	1.05609  	0.20315  	-0.1708  	-0.4826  	0.07880  	0.73456  	-0.4675  	0.05998  	0.13899  	0.42942  	-0.4840  	-0.1226  	-0.0356  	0.08429  	-0.0383  	-0.4032  	0.10445  	0.02201  	0.23203  	-0.0861  	0.07188  	-0.0147  	0.05996  	0.15904  	-0.0298  	0.04713  	0.22140  	0.03205  	0.03618  	-0.0703  	0.22407  	0.09463  	-0.0006  	0.03712  	0.00508  	-0.0636  	0.00414  	-0.0035  	0.02803  	-0.0186  	0.03249  	0.01041  	-0.0048  	-0.0166  	0.00850  	0.04979  	0.00916  	0.21899  	0.17035  	-0.1203  	0.00453  	0.00751  	1.29566  	1.27433  	123.652  	115.631  	
-1.0862  	0.05753  	-0.0015  	-0.6757  	-0.5878  	-0.4580  	1.13932  	0.20640  	0.36328  	1.53264  	1.20527  	1.06732  	-0.1366  	-0.6872  	-0.2223  	-0.1299  	0.46773  	1.09019  	0.23794  	-0.1188  	-0.4656  	0.04122  	0.83987  	-0.4038  	-0.0502  	0.16186  	0.35196  	-0.5495  	-0.1729  	-0.1397  	0.14846  	-0.0709  	-0.4117  	0.09581  	-0.0111  	0.26152  	-0.0394  	0.09943  	-0.0612  	-0.0008  	0.20235  	-0.0015  	0.04952  	0.22096  	0.02904  	0.03104  	-0.0821  	0.22121  	0.08080  	-0.0083  	0.01384  	0.01539  	-0.0572  	-0.0027  	-0.0064  	0.02508  	-0.0157  	0.04812  	0.00251  	-0.0028  	-0.0009  	0.01712  	0.03923  	0.00865  	0.21899  	0.17035  	-0.1203  	0.00453  	0.00751  	1.29566  	1.27433  	123.652  	115.631  	
-1.1943  	0.00547  	0.00186  	-0.7255  	-0.6119  	-0.5011  	1.12349  	0.20199  	0.35855  	1.56959  	1.26106  	1.04486  	-0.1630  	-0.7092  	-0.1765  	-0.1743  	0.50535  	1.03624  	0.24688  	-0.1791  	-0.3422  	0.05105  	0.92264  	-0.3904  	-0.0966  	0.19472  	0.41750  	-0.6812  	-0.2984  	-0.1552  	0.15923  	-0.0592  	-0.4175  	0.09417  	-0.0060  	0.22239  	0.02826  	0.12392  	-0.0990  	0.00945  	0.19626  	-0.0065  	0.03623  	0.22805  	0.04016  	0.02591  	-0.0661  	0.19676  	0.07937  	0.00047  	0.01718  	0.01265  	-0.0566  	0.00958  	-0.0050  	0.02428  	-0.0228  	0.03580  	0.00659  	-0.0018  	-0.0033  	0.01993  	0.04271  	0.00197  	0.21899  	0.17035  	-0.1203  	0.00453  	0.00751  	1.29566  	1.27433  	123.652  	115.631  	
-1.0729  	0.09271  	0.13571  	-0.9084  	-0.7969  	-0.4054  	1.08369  	0.26460  	0.34667  	1.55721  	1.25239  	0.92302  	-0.1682  	-0.7422  	-0.1513  	-0.2379  	0.55854  	1.01068  	0.26915  	-0.2398  	-0.2520  	0.07531  	0.98206  	-0.3782  	-0.0603  	0.18940  	0.49029  	-0.7619  	-0.3315  	-0.1877  	0.16466  	-0.0606  	-0.4313  	0.05950  	-0.0603  	0.23101  	0.08616  	0.13666  	-0.0842  	-0.0222  	0.24455  	-0.0323  	0.06123  	0.23987  	0.03737  	0.03338  	-0.0651  	0.19341  	0.08222  	-0.0126  	0.00511  	0.01765  	-0.0566  	0.00773  	-0.0027  	0.01388  	-0.0215  	0.03514  	0.01128  	-0.0061  	-0.0025  	0.01763  	0.03884  	0.00411  	0.21899  	0.17035  	-0.1203  	0.00453  	0.00751  	1.29566  	1.27433  	123.652  	115.631  	
-0.9407  	0.16377  	0.25450  	-0.8000  	-0.8131  	-0.2657  	1.08554  	0.26606  	0.38042  	1.51384  	1.15205  	0.93212  	-0.2080  	-0.7862  	-0.1156  	-0.1310  	0.55802  	1.03916  	0.29639  	-0.2663  	-0.2641  	0.09067  	1.01477  	-0.3906  	-0.0496  	0.16124  	0.51055  	-0.8171  	-0.3264  	-0.1513  	0.14540  	-0.0152  	-0.4375  	0.05937  	-0.1029  	0.21720  	0.10894  	0.17278  	-0.1038  	-0.0040  	0.30180  	-0.0467  	0.09840  	0.26018  	0.02255  	0.02818  	-0.0636  	0.20882  	0.07957  	-0.0118  	0.01084  	0.01617  	-0.0614  	0.00423  	-0.0121  	0.01668  	-0.0202  	0.03787  	0.00320  	-0.0065  	0.00185  	0.01876  	0.04787  	0.00655  	0.21899  	0.17035  	-0.1203  	0.00453  	0.00751  	1.29566  	1.27433  	123.652  	115.631  	
-0.8650  	0.11334  	0.25132  	-0.6468  	-0.7084  	-0.1487  	1.07402  	0.25461  	0.38602  	1.45870  	1.07544  	1.00576  	-0.1735  	-0.8050  	-0.1204  	-0.0839  	0.55563  	1.02825  	0.26873  	-0.2440  	-0.3809  	0.04916  	0.94669  	-0.4303  	-0.0439  	0.19012  	0.47103  	-0.6834  	-0.2500  	-0.1714  	0.13889  	-0.0176  	-0.4267  	0.06876  	-0.0618  	0.26953  	0.04557  	0.15140  	-0.0903  	0.00350  	0.28258  	-0.0383  	0.11383  	0.26396  	0.02920  	0.03040  	-0.0682  	0.21479  	0.07978  	-0.0150  	0.00624  	0.01546  	-0.0608  	0.00259  	-0.0012  	0.01637  	-0.0141  	0.04303  	0.00574  	-0.0186  	0.00148  	0.01132  	0.05633  	0.00582  	0.21899  	0.17035  	-0.1203  	0.00453  	0.00751  	1.29566  	1.27433  	123.652  	115.631  	
-0.7280  	0.17433  	0.37117  	-0.6477  	-0.6912  	-0.1457  	1.08814  	0.21852  	0.38172  	1.54644  	1.14876  	1.04601  	-0.1918  	-0.7956  	-0.1353  	0.05480  	0.49899  	1.02812  	0.25789  	-0.1988  	-0.3670  	0.05696  	0.88239  	-0.4742  	-0.1093  	0.16395  	0.36844  	-0.6796  	-0.3039  	-0.1780  	0.13523  	0.00750  	-0.4191  	0.06834  	-0.0166  	0.27223  	0.08051  	0.14771  	-0.0975  	0.00653  	0.29554  	-0.0318  	0.12005  	0.25994  	0.01752  	0.03104  	-0.0712  	0.22240  	0.08895  	-0.0249  	0.01812  	0.01540  	-0.0519  	0.00343  	0.00709  	0.02016  	-0.0115  	0.03595  	0.00400  	-0.0130  	-0.0008  	0.01425  	0.04829  	0.01297  	0.21899  	0.17035  	-0.1203  	0.00453  	0.00751  	1.29566  	1.27433  	123.652  	115.631  	
-0.7932  	0.16559  	0.37457  	-0.7005  	-0.7850  	-0.2343  	1.11731  	0.18453  	0.35417  	1.60003  	1.13759  	0.95295  	-0.2009  	-0.7878  	-0.2775  	0.01458  	0.47829  	1.04521  	0.24359  	-0.2106  	-0.4108  	0.05075  	0.85650  	-0.4206  	-0.0020  	0.15530  	0.44445  	-0.7058  	-0.2627  	-0.1710  	0.12592  	0.01997  	-0.4508  	0.06933  	-0.0328  	0.32787  	0.05249  	0.16124  	-0.1152  	0.00871  	0.28880  	-0.0324  	0.11660  	0.25943  	0.02669  	0.01941  	-0.0703  	0.21483  	0.09299  	-0.0252  	0.01939  	0.00727  	-0.0501  	0.00707  	0.00840  	0.01296  	-0.0116  	0.03680  	0.00428  	-0.0100  	-0.0060  	0.00846  	0.06362  	0.01244  	0.21899  	0.17035  	-0.1203  	0.00453  	0.00751  	1.29566  	1.27433  	123.652  	115.631  	
-1.2091  	0.04089  	0.07083  	-0.8305  	-0.7476  	-0.4203  	1.12627  	0.14031  	0.28217  	1.55297  	1.30750  	0.89962  	-0.2297  	-0.7852  	-0.2579  	-0.1100  	0.53635  	0.96651  	0.25892  	-0.2059  	-0.3252  	0.05643  	0.89678  	-0.3323  	0.09019  	0.14353  	0.50289  	-0.7399  	-0.3274  	-0.1347  	0.14657  	-0.0210  	-0.4571  	0.06335  	0.01980  	0.35593  	0.09960  	0.13083  	-0.1188  	-0.0518  	0.22940  	-0.0017  	0.03825  	0.21729  	0.04207  	0.03221  	-0.0710  	0.19625  	0.06600  	0.00961  	0.02452  	0.02689  	-0.0538  	0.00212  	-0.0028  	0.02652  	-0.0216  	0.04098  	0.01351  	0.00542  	0.00202  	0.01856  	0.04829  	0.00391  	0.21899  	0.17035  	-0.1203  	0.00453  	0.00751  	1.29566  	1.27433  	123.652  	115.631  	
-1.0477  	0.06224  	0.15873  	-0.7714  	-0.7622  	-0.3596  	1.08142  	0.27553  	0.36219  	1.48344  	1.30491  	1.00624  	-0.1680  	-0.6594  	-0.0419  	-0.2232  	0.55464  	0.94400  	0.21892  	-0.2762  	-0.1939  	0.00607  	0.98681  	-0.3380  	-0.0933  	0.17199  	0.55539  	-0.8226  	-0.4314  	-0.1812  	0.14519  	-0.0186  	-0.4193  	0.05221  	0.02094  	0.18783  	0.14407  	0.15187  	-0.1274  	-0.0407  	0.18979  	-0.0138  	0.04883  	0.22323  	0.03601  	0.04113  	-0.0651  	0.19040  	0.07272  	0.00064  	0.00234  	0.01294  	-0.0621  	0.00962  	-0.0107  	0.01741  	-0.0274  	0.03690  	0.00796  	-0.0105  	0.00151  	0.01883  	0.04778  	0.00967  	0.21899  	0.17035  	-0.1203  	0.00453  	0.00751  	1.29566  	1.27433  	123.652  	115.631  	
-0.7245  	0.13741  	0.27880  	-0.3844  	-0.4963  	-0.1057  	1.12107  	0.31960  	0.40708  	1.42940  	1.02093  	1.15958  	-0.0962  	-0.5442  	0.08178  	-0.0513  	0.50934  	1.04433  	0.22050  	-0.1655  	-0.3369  	0.05836  	0.85228  	-0.3480  	-0.0595  	0.16155  	0.44863  	-0.6170  	-0.2929  	-0.1134  	0.12148  	-0.0340  	-0.3900  	0.08327  	0.02043  	0.21850  	0.00940  	0.11722  	-0.0961  	0.00132  	0.18916  	-0.0075  	0.07352  	0.23753  	0.04499  	0.03427  	-0.0642  	0.21397  	0.09090  	-0.0152  	0.01365  	0.00780  	-0.0611  	0.00510  	-0.0158  	0.01872  	-0.0113  	0.04232  	0.00608  	-0.0170  	-0.0089  	0.00321  	0.03786  	0.00156  	0.21899  	0.17035  	-0.1203  	0.00453  	0.00751  	1.29566  	1.27433  	123.652  	115.631  	
-0.6563  	0.21694  	0.22750  	-0.0511  	-0.3363  	0.00670  	1.11813  	0.32217  	0.45564  	1.37574  	0.85831  	1.19308  	-0.0211  	-0.4593  	0.21555  	-0.0101  	0.49328  	1.09048  	0.20376  	-0.1190  	-0.4632  	0.05876  	0.75580  	-0.3983  	-0.0456  	0.15727  	0.32271  	-0.4908  	-0.1536  	-0.0745  	0.13902  	-0.0493  	-0.3852  	0.11140  	0.00337  	0.21012  	-0.1097  	0.07777  	-0.0080  	0.07807  	0.18845  	-0.0144  	0.07412  	0.21932  	0.02610  	0.03597  	-0.0780  	0.22609  	0.08736  	-0.0084  	0.02485  	0.00556  	-0.0628  	0.00651  	-0.0052  	0.02103  	-0.0075  	0.04522  	0.00808  	-0.0104  	-0.0086  	0.00256  	0.03888  	0.01086  	0.21899  	0.17035  	-0.1203  	0.00453  	0.00751  	1.29566  	1.27433  	123.652  	115.631  	
-0.6309  	0.21603  	0.15177  	0.07876  	-0.1846  	-0.0539  	1.17776  	0.30985  	0.39861  	1.43118  	0.84065  	1.16399  	0.03278  	-0.3777  	0.31496  	-0.0356  	0.47589  	1.03536  	0.20000  	-0.1014  	-0.4333  	0.08106  	0.63614  	-0.4394  	0.11744  	0.13001  	0.39774  	-0.4284  	-0.1036  	0.01083  	0.09941  	-0.0382  	-0.4119  	0.10224  	0.06881  	0.22792  	-0.0826  	0.06946  	-0.0057  	0.05692  	0.14952  	0.00255  	0.05142  	0.19501  	0.02287  	0.04111  	-0.0807  	0.21642  	0.10320  	-0.0105  	0.02811  	0.00732  	-0.0651  	-0.0036  	-0.0037  	0.03590  	-0.0095  	0.03733  	0.01006  	-0.0140  	-0.0098  	0.01640  	0.03254  	0.00814  	0.21899  	0.17035  	-0.1203  	0.00453  	0.00751  	1.29566  	1.27433  	123.652  	115.631  	
-0.6980  	0.16255  	0.12577  	0.01437  	-0.2326  	-0.1265  	1.16017  	0.32581  	0.37240  	1.43757  	0.85092  	1.20198  	0.03109  	-0.3119  	0.34274  	-0.0681  	0.47933  	1.01467  	0.20052  	-0.1419  	-0.4180  	0.08718  	0.68493  	-0.4309  	0.10371  	0.13489  	0.45676  	-0.5272  	-0.1541  	-0.0155  	0.09137  	-0.0504  	-0.4094  	0.11377  	0.11517  	0.20521  	-0.0528  	0.08398  	-0.0318  	0.03088  	0.12257  	0.01099  	0.04008  	0.22102  	0.03762  	0.03973  	-0.0826  	0.20972  	0.09591  	-0.0090  	0.02530  	0.01093  	-0.0666  	-0.0015  	0.00019  	0.03840  	-0.0104  	0.03690  	0.01277  	-0.0145  	-0.0073  	0.02461  	0.02568  	0.00144  	0.21899  	0.17035  	-0.1203  	0.00453  	0.00751  	1.29566  	1.27433  	123.652  	115.631  	
-0.6426  	0.26118  	0.26499  	-0.3753  	-0.4768  	-0.1025  	1.14519  	0.35931  	0.40354  	1.36890  	0.82327  	0.95780  	-0.0396  	-0.4573  	0.37532  	-0.1520  	0.55147  	0.95938  	0.22629  	-0.2733  	-0.2997  	0.12504  	0.90752  	-0.3504  	-0.0033  	0.13600  	0.57481  	-0.7813  	-0.2752  	-0.0726  	0.10516  	-0.0463  	-0.4329  	0.09080  	0.11635  	0.20130  	0.07178  	0.14425  	-0.0921  	0.02899  	0.16026  	-0.0267  	0.05955  	0.24643  	0.01931  	0.02815  	-0.0764  	0.21535  	0.09278  	-0.0125  	0.02017  	0.01009  	-0.0577  	0.00820  	0.00578  	0.04042  	-0.0159  	0.03494  	0.00968  	8.80286  	-0.0009  	0.01751  	0.03755  	0.00322  	0.21899  	0.17035  	-0.1203  	0.00453  	0.00751  	1.29566  	1.27433  	123.652  	115.631  	
-0.5182  	0.27206  	0.42926  	-0.3134  	-0.5730  	0.03315  	1.09731  	0.38678  	0.43039  	1.37243  	0.88046  	0.98076  	-0.0366  	-0.4463  	0.36529  	-0.1030  	0.57168  	0.93642  	0.25294  	-0.3436  	-0.1743  	0.11154  	0.98386  	-0.3124  	-0.0471  	0.14695  	0.60193  	-0.8786  	-0.3992  	-0.1326  	0.11245  	0.00789  	-0.4152  	0.07063  	0.11189  	0.15602  	0.15075  	0.17459  	-0.1218  	-0.0181  	0.16513  	-0.0245  	0.08693  	0.25613  	0.02197  	0.03640  	-0.0781  	0.20576  	0.08961  	-0.0103  	0.01552  	0.01764  	-0.0547  	0.00973  	-0.0006  	0.03911  	-0.0240  	0.03608  	0.01281  	-0.0129  	0.00356  	0.02307  	0.03684  	0.00258  	0.21899  	0.17035  	-0.1203  	0.00453  	0.00751  	1.29566  	1.27433  	123.652  	115.631  	
-0.4286  	0.26200  	0.42823  	-0.3053  	-0.5286  	0.04002  	1.14679  	0.37311  	0.42480  	1.43121  	0.93778  	1.03503  	-0.0661  	-0.4876  	0.20778  	-0.0014  	0.49755  	0.97484  	0.25598  	-0.2855  	-0.1786  	0.11313  	0.90606  	-0.3796  	-0.0090  	0.11344  	0.56687  	-0.8493  	-0.3495  	-0.1326  	0.09734  	0.01773  	-0.4016  	0.07201  	0.07310  	0.18998  	0.14701  	0.19212  	-0.1217  	-0.0064  	0.22403  	-0.0245  	0.10372  	0.26445  	0.02268  	0.02994  	-0.0719  	0.23458  	0.09442  	-0.0128  	0.00489  	0.01492  	-0.0563  	0.00835  	-0.0004  	0.03532  	-0.0187  	0.03532  	0.00881  	-0.0110  	0.00112  	0.01384  	0.04567  	-0.0006  	0.21899  	0.17035  	-0.1203  	0.00453  	0.00751  	1.29566  	1.27433  	123.652  	115.631  	
-0.4383  	0.24051  	0.47531  	-0.5058  	-0.6487  	-0.0301  	1.15926  	0.31699  	0.45151  	1.49481  	1.06759  	1.02208  	-0.0682  	-0.5781  	-0.0420  	0.08915  	0.49644  	1.00879  	0.25743  	-0.2229  	-0.2714  	0.05998  	0.85423  	-0.3992  	-0.0135  	0.13309  	0.45076  	-0.7422  	-0.3419  	-0.1502  	0.11832  	0.00100  	-0.3837  	0.07472  	0.04066  	0.23757  	0.11231  	0.17716  	-0.1198  	-0.0082  	0.25809  	-0.0305  	0.11345  	0.25322  	0.01740  	0.02847  	-0.0686  	0.22465  	0.09721  	-0.0219  	0.01157  	0.01661  	-0.0535  	0.00546  	-0.0062  	0.02710  	-0.0210  	0.03627  	0.01006  	-0.0163  	-0.0051  	0.01508  	0.05201  	0.00514  	0.21899  	0.17035  	-0.1203  	0.00453  	0.00751  	1.29566  	1.27433  	123.652  	115.631  	
-0.8187  	0.16478  	0.27513  	-0.7581  	-0.7805  	-0.2154  	1.12387  	0.26090  	0.37695  	1.52414  	1.21624  	0.91759  	-0.1520  	-0.6676  	-0.2643  	0.02717  	0.51292  	1.03248  	0.27276  	-0.1789  	-0.2927  	0.02139  	0.81562  	-0.3318  	0.04577  	0.12930  	0.50243  	-0.8145  	-0.3319  	-0.1810  	0.11652  	-0.0129  	-0.4191  	0.06586  	0.05438  	0.31277  	0.10710  	0.17416  	-0.1020  	0.02023  	0.24404  	-0.0279  	0.07608  	0.23467  	0.03013  	0.03467  	-0.0737  	0.21132  	0.08008  	-0.0190  	0.01838  	0.01107  	-0.0540  	0.00701  	-0.0045  	0.02270  	-0.0168  	0.03727  	0.00298  	-0.0119  	4.59998  	0.00742  	0.04952  	0.00557  	0.21899  	0.17035  	-0.1203  	0.00453  	0.00751  	1.29566  	1.27433  	123.652  	115.631  	
-1.3481  	-0.0126  	0.02752  	-1.0033  	-0.7626  	-0.4548  	1.10120  	0.17524  	0.35891  	1.56286  	1.42810  	0.93356  	-0.2275  	-0.7886  	-0.2346  	-0.2570  	0.53549  	0.94978  	0.22723  	-0.2333  	-0.2382  	0.05889  	0.98854  	-0.3012  	-0.1155  	0.18048  	0.49056  	-0.8050  	-0.4162  	-0.2029  	0.15223  	-0.0326  	-0.4131  	0.07116  	0.01768  	0.20371  	0.11152  	0.14179  	-0.1344  	-0.0472  	0.19897  	0.00390  	0.02291  	0.21107  	0.03928  	0.03636  	-0.0694  	0.18136  	0.07701  	-0.0073  	0.00629  	0.01622  	-0.0539  	0.00818  	-0.0060  	0.01901  	-0.0250  	0.04014  	0.01302  	-0.0067  	0.00753  	0.01983  	0.03127  	-0.0012  	0.21899  	0.17035  	-0.1203  	0.00453  	0.00751  	1.29566  	1.27433  	123.652  	115.631  	
-1.4651  	-0.0447  	0.00195  	-1.1851  	-0.8315  	-0.6297  	1.08802  	0.22432  	0.36925  	1.63870  	1.54481  	0.91711  	-0.2469  	-0.8491  	-0.3787  	-0.2985  	0.52119  	0.93718  	0.23963  	-0.2387  	-0.2154  	0.06890  	1.04155  	-0.3464  	-0.1816  	0.19759  	0.46629  	-0.8420  	-0.4402  	-0.2390  	0.16858  	-0.0399  	-0.3963  	0.06553  	0.00470  	0.16756  	0.14715  	0.16649  	-0.1188  	-0.0541  	0.22347  	-0.0019  	0.02443  	0.22121  	0.03094  	0.02847  	-0.0747  	0.18795  	0.07344  	-0.0104  	-0.0084  	0.01801  	-0.0610  	0.00922  	-0.0064  	0.01731  	-0.0231  	0.04076  	0.00353  	-0.0101  	0.01300  	0.02878  	0.04442  	0.00818  	0.21899  	0.17035  	-0.1203  	0.00453  	0.00751  	1.29566  	1.27433  	123.652  	115.631  	
-1.2859  	0.02044  	0.07672  	-1.0496  	-0.8471  	-0.5857  	1.03901  	0.36134  	0.39758  	1.63327  	1.48789  	0.89781  	-0.2248  	-0.7584  	-0.3499  	-0.2951  	0.55965  	0.91610  	0.31366  	-0.2453  	-0.1678  	0.05156  	1.02821  	-0.2874  	-0.1267  	0.18452  	0.50087  	-0.8365  	-0.4180  	-0.2143  	0.15624  	-0.0374  	-0.4173  	0.06688  	0.00869  	0.15096  	0.14740  	0.14714  	-0.1126  	-0.0465  	0.20882  	-0.0042  	0.02505  	0.23158  	0.02858  	0.04083  	-0.0713  	0.19484  	0.06402  	-0.0076  	-0.0044  	0.01210  	-0.0688  	0.00386  	-0.0155  	0.02018  	-0.0248  	0.04249  	0.00714  	-0.0140  	0.00885  	0.01854  	0.03801  	0.00236  	0.21899  	0.17035  	-0.1203  	0.00453  	0.00751  	1.29566  	1.27433  	123.652  	115.631  	
-0.9141  	0.17558  	0.27088  	-0.7080  	-0.7556  	-0.3702  	1.04186  	0.37386  	0.43076  	1.55196  	1.20444  	1.05481  	-0.1254  	-0.4866  	0.06967  	-0.2022  	0.57670  	0.96608  	0.24965  	-0.2337  	-0.1622  	0.06419  	0.94646  	-0.2659  	-0.0505  	0.14830  	0.58873  	-0.8952  	-0.4521  	-0.1902  	0.17577  	-0.0480  	-0.4145  	0.06531  	-0.0088  	0.16119  	0.12044  	0.16670  	-0.1174  	0.03225  	0.20100  	-0.0323  	0.04737  	0.23485  	0.01478  	0.04236  	-0.0768  	0.22206  	0.07145  	-0.0060  	0.02031  	0.01781  	-0.0765  	0.01027  	-0.0135  	0.02555  	-0.0316  	0.03076  	0.01424  	-0.0063  	0.00806  	0.03163  	0.03165  	0.00307  	0.21899  	0.17035  	-0.1203  	0.00453  	0.00751  	1.29566  	1.27433  	123.652  	115.631  	
-0.5247  	0.24277  	0.38632  	-0.5445  	-0.6472  	-0.0601  	1.08249  	0.36787  	0.49322  	1.46108  	0.95828  	1.00421  	0.01670  	-0.3974  	0.27712  	-0.1027  	0.54566  	0.92548  	0.23140  	-0.3313  	-0.1958  	0.12459  	1.03399  	-0.3919  	-0.1038  	0.20271  	0.51295  	-0.9381  	-0.4609  	-0.1486  	0.18116  	-0.0362  	-0.3700  	0.07559  	0.05110  	0.10791  	0.16002  	0.17732  	-0.1703  	0.00786  	0.26112  	-0.0306  	0.13901  	0.26453  	0.02513  	0.03509  	-0.0627  	0.22805  	0.09856  	0.01528  	-0.0096  	0.01327  	-0.0681  	0.00995  	-0.0110  	0.03544  	-0.0349  	0.02482  	0.00488  	0.00389  	-0.0020  	0.01778  	0.05035  	-0.0029  	0.21899  	0.17035  	-0.1203  	0.00453  	0.00751  	1.29566  	1.27433  	123.652  	115.631  	
-0.4458  	0.26063  	0.46739  	-0.3602  	-0.6121  	0.02061  	1.12477  	0.38688  	0.47745  	1.40062  	0.89617  	0.96539  	-0.0061  	-0.5122  	0.25055  	-0.0539  	0.52275  	0.94673  	0.26093  	-0.3237  	-0.1665  	0.14857  	0.95327  	-0.3759  	-0.0472  	0.13930  	0.50212  	-0.8956  	-0.3958  	-0.1539  	0.11926  	0.00271  	-0.4088  	0.06834  	0.04845  	0.15652  	0.15769  	0.19731  	-0.1114  	-0.0221  	0.22058  	-0.0368  	0.12046  	0.24692  	0.00592  	0.03349  	-0.0734  	0.22250  	0.09389  	-0.0119  	0.00994  	0.01047  	-0.0561  	0.00559  	0.00174  	0.04032  	-0.0263  	0.04060  	0.00496  	-0.0107  	1.43796  	0.02238  	0.04737  	0.01001  	0.21899  	0.17035  	-0.1203  	0.00453  	0.00751  	1.29566  	1.27433  	123.652  	115.631  	
-0.4464  	0.19050  	0.45092  	-0.3211  	-0.5839  	-0.0071  	1.14959  	0.31036  	0.41980  	1.45708  	1.04141  	1.00549  	-0.0772  	-0.6387  	0.05383  	0.05004  	0.50101  	0.97776  	0.27657  	-0.2042  	-0.2406  	0.09008  	0.81868  	-0.3387  	0.05047  	0.11535  	0.58247  	-0.7582  	-0.3882  	-0.1300  	0.08485  	0.02438  	-0.4193  	0.08257  	0.09366  	0.25692  	0.15263  	0.17873  	-0.1263  	0.01031  	0.19287  	-0.0171  	0.10004  	0.26273  	0.02739  	0.02437  	-0.0751  	0.22900  	0.09729  	-0.0183  	0.01119  	0.01806  	-0.0566  	0.01197  	-0.0036  	0.03144  	-0.0134  	0.03252  	0.00846  	-0.0029  	-0.0040  	0.00314  	0.05042  	0.00359  	0.21899  	0.17035  	-0.1203  	0.00453  	0.00751  	1.29566  	1.27433  	123.652  	115.631  	
-0.5367  	0.21367  	0.34093  	-0.1610  	-0.4510  	0.03480  	1.13402  	0.29079  	0.38983  	1.39188  	0.90462  	1.00426  	-0.1125  	-0.5684  	0.17684  	-0.0080  	0.51392  	0.94610  	0.23733  	-0.2224  	-0.2752  	0.10783  	0.84653  	-0.3405  	0.11598  	0.11577  	0.62891  	-0.7389  	-0.3159  	-0.0820  	0.06626  	0.01041  	-0.4545  	0.08832  	0.08510  	0.24484  	0.11973  	0.16621  	-0.0975  	0.00630  	0.15098  	-0.0048  	0.07680  	0.24717  	0.02629  	0.03592  	-0.0867  	0.22275  	0.09612  	-0.0154  	0.02896  	0.01515  	-0.0554  	0.01187  	0.00072  	0.03467  	-0.0102  	0.03809  	0.01453  	-0.0062  	-0.0064  	0.00793  	0.05273  	0.00417  	0.21899  	0.17035  	-0.1203  	0.00453  	0.00751  	1.29566  	1.27433  	123.652  	115.631  	
-0.5359  	0.19239  	0.32912  	-0.1263  	-0.5143  	0.05751  	1.12692  	0.28191  	0.38734  	1.33352  	0.82591  	0.97219  	-0.1206  	-0.5531  	0.33225  	-0.0745  	0.57343  	0.93280  	0.23524  	-0.3162  	-0.2242  	0.12403  	0.94258  	-0.3419  	0.09225  	0.11522  	0.63491  	-0.8329  	-0.3453  	-0.0756  	0.08957  	0.03170  	-0.4591  	0.08563  	0.10167  	0.22021  	0.14173  	0.17135  	-0.1135  	0.00873  	0.13989  	-0.0171  	0.06839  	0.25893  	0.01656  	0.03926  	-0.0871  	0.21252  	0.08887  	-0.0058  	0.01731  	0.01634  	-0.0513  	0.01232  	-0.0078  	0.04045  	-0.0167  	0.03662  	0.02060  	-0.0104  	-0.0016  	0.01522  	0.04221  	-0.0010  	0.21899  	0.17035  	-0.1203  	0.00453  	0.00751  	1.29566  	1.27433  	123.652  	115.631  	
-0.5419  	0.19625  	0.41492  	-0.1966  	-0.5105  	0.04394  	1.14256  	0.33121  	0.41047  	1.36743  	0.91943  	0.98407  	-0.1383  	-0.5881  	0.21248  	0.04179  	0.51629  	0.96048  	0.24731  	-0.2873  	-0.2251  	0.14594  	0.89856  	-0.3084  	0.06674  	0.11332  	0.60031  	-0.8454  	-0.3248  	-0.1067  	0.06458  	0.02592  	-0.4395  	0.08496  	0.08913  	0.23467  	0.15442  	0.17321  	-0.1178  	0.02790  	0.16978  	-0.0185  	0.07907  	0.26875  	0.01840  	0.03100  	-0.0844  	0.21588  	0.09807  	-0.0154  	0.01887  	0.01514  	-0.0503  	0.01032  	-0.0008  	0.03161  	-0.0193  	0.03527  	0.01315  	-0.0077  	-0.0041  	0.00157  	0.02843  	-0.0007  	0.21899  	0.17035  	-0.1203  	0.00453  	0.00751  	1.29566  	1.27433  	123.652  	115.631  	
-0.5435  	0.14536  	0.45257  	-0.3947  	-0.5604  	-0.0881  	1.09573  	0.32017  	0.35994  	1.48914  	1.12639  	0.99156  	-0.1286  	-0.8099  	-0.0488  	0.09684  	0.55027  	0.86522  	0.34056  	-0.4835  	-0.2292  	-0.1220  	0.59079  	-0.3314  	0.01678  	0.20322  	0.59769  	-0.8749  	-0.2694  	-0.1651  	0.19975  	-0.0060  	-0.5537  	-0.1000  	0.02661  	0.29293  	0.06458  	0.18444  	-0.2525  	-0.0637  	0.26841  	0.12609  	-0.0303  	0.33574  	-0.0387  	0.05467  	-0.0977  	0.23654  	0.07777  	-0.0373  	0.02940  	0.02124  	-0.0525  	0.02344  	0.01149  	0.02574  	-0.0117  	0.02442  	0.01743  	0.00429  	-0.0037  	-0.0031  	0.03343  	0.00271  	0.21899  	0.17035  	-0.1203  	0.00453  	0.00751  	1.29566  	1.27433  	123.652  	115.631  	
-0.5835  	0.14634  	0.45695  	-0.5009  	-0.6035  	-0.1182  	1.10543  	0.32198  	0.34182  	1.46648  	1.10741  	0.95540  	-0.0807  	-0.8498  	-0.0479  	0.00674  	0.62240  	0.71897  	0.37646  	-0.6929  	-0.2192  	-0.3305  	0.38007  	-0.3708  	-0.0765  	0.29751  	0.58377  	-0.8838  	-0.1777  	-0.1749  	0.31442  	-0.0549  	-0.6179  	-0.2154  	-0.0580  	0.28801  	-0.0413  	0.16884  	-0.3219  	-0.1188  	0.35120  	0.23778  	-0.1124  	0.40629  	-0.0847  	0.07099  	-0.1188  	0.25096  	0.06382  	-0.0372  	0.03258  	0.02586  	-0.0503  	0.03861  	0.01633  	0.02554  	-0.0181  	0.01485  	0.01014  	0.00848  	-0.0008  	0.00294  	0.01852  	0.00742  	0.21899  	0.17035  	-0.1203  	0.00453  	0.00751  	1.29566  	1.27433  	123.652  	115.631  	
-0.6634  	0.17702  	0.41562  	-0.5161  	-0.6396  	-0.1550  	1.10272  	0.30729  	0.31068  	1.36172  	1.06377  	0.92175  	-0.0771  	-0.8146  	0.07578  	-0.1458  	0.68502  	0.66185  	0.36876  	-0.7781  	-0.1701  	-0.3846  	0.39768  	-0.3724  	-0.1312  	0.34996  	0.55511  	-0.9301  	-0.1394  	-0.2038  	0.35432  	-0.0797  	-0.6522  	-0.2525  	-0.0760  	0.25241  	-0.0594  	0.17744  	-0.3756  	-0.1485  	0.39858  	0.25545  	-0.1558  	0.41970  	-0.0956  	0.07258  	-0.1205  	0.24655  	0.05031  	-0.0412  	0.03020  	0.02739  	-0.0469  	0.04068  	0.01706  	0.01879  	-0.0173  	0.01715  	0.00611  	0.00496  	0.00259  	-0.0002  	0.01461  	0.01095  	0.21899  	0.17035  	-0.1203  	0.00453  	0.00751  	1.29566  	1.27433  	123.652  	115.631  	
-0.7071  	0.17815  	0.37695  	-0.4865  	-0.6646  	-0.1995  	1.08581  	0.34190  	0.33569  	1.31360  	1.07567  	0.94999  	-0.0962  	-0.7885  	0.23399  	-0.2258  	0.68370  	0.66221  	0.34470  	-0.7559  	-0.1103  	-0.3053  	0.50927  	-0.3559  	-0.1230  	0.35503  	0.55113  	-0.9720  	-0.2076  	-0.1774  	0.33793  	-0.0623  	-0.5985  	-0.2246  	-0.0351  	0.19136  	-0.0132  	0.18062  	-0.3649  	-0.1666  	0.37239  	0.23253  	-0.1488  	0.38789  	-0.0794  	0.06805  	-0.1076  	0.23173  	0.04948  	-0.0357  	0.01924  	0.02424  	-0.0511  	0.04304  	0.01125  	0.01468  	-0.0152  	0.02270  	0.00538  	0.00119  	0.00523  	0.00663  	0.02024  	0.01265  	0.21899  	0.17035  	-0.1203  	0.00453  	0.00751  	1.29566  	1.27433  	123.652  	115.631  	
-0.6074  	0.23382  	0.39740  	-0.3837  	-0.6543  	-0.0825  	1.07598  	0.39606  	0.40511  	1.30579  	1.08657  	1.00043  	-0.0646  	-0.5765  	0.38106  	-0.1522  	0.65985  	0.76177  	0.29780  	-0.6043  	-0.0173  	-0.1377  	0.70790  	-0.2973  	-0.1056  	0.25472  	0.60541  	-1.0013  	-0.3797  	-0.1802  	0.24073  	-0.0254  	-0.5009  	-0.0886  	0.08052  	0.10867  	0.14456  	0.19876  	-0.3107  	-0.1333  	0.26932  	0.12511  	-0.0495  	0.32327  	-0.0344  	0.05715  	-0.0879  	0.19685  	0.05967  	-0.0237  	-0.0005  	0.02310  	-0.0507  	0.03166  	0.00881  	0.02126  	-0.0278  	0.02849  	0.00708  	-0.0035  	0.00919  	0.02162  	0.02370  	0.00937  	0.21899  	0.17035  	-0.1203  	0.00453  	0.00751  	1.29566  	1.27433  	123.652  	115.631  	
-0.3904  	0.30356  	0.49383  	-0.3462  	-0.6809  	0.07077  	1.12272  	0.47315  	0.51039  	1.27213  	1.11946  	0.99853  	-0.0898  	-0.4150  	0.34694  	0.01381  	0.56015  	0.88407  	0.25183  	-0.3914  	0.05905  	0.10926  	1.03343  	-0.2746  	-0.0972  	0.12785  	0.67349  	-1.0688  	-0.6239  	-0.1786  	0.11429  	0.04783  	-0.3960  	0.06000  	0.20415  	0.06120  	0.34466  	0.25057  	-0.2273  	-0.0809  	0.17234  	-0.0272  	0.07944  	0.24171  	0.01994  	0.03655  	-0.0739  	0.20734  	0.08421  	-0.0031  	-0.0057  	0.01766  	-0.0552  	0.01375  	-0.0055  	0.04026  	-0.0285  	0.03810  	0.00269  	-0.0057  	0.00501  	0.02300  	0.03668  	0.00190  	0.21899  	0.17035  	-0.1203  	0.00453  	0.00751  	1.29566  	1.27433  	123.652  	115.631  	
-0.3381  	0.31551  	0.54291  	-0.3672  	-0.6882  	0.10139  	1.12866  	0.49210  	0.51707  	1.29499  	1.17775  	1.04082  	-0.0920  	-0.3962  	0.30191  	0.06312  	0.56642  	0.86662  	0.24098  	-0.3970  	0.06068  	0.10338  	1.06469  	-0.2529  	-0.1265  	0.13312  	0.67244  	-1.0709  	-0.6475  	-0.1786  	0.11779  	0.04878  	-0.3875  	0.06408  	0.19919  	0.05619  	0.35066  	0.25952  	-0.2136  	-0.0994  	0.16431  	-0.0248  	0.08603  	0.24121  	0.01444  	0.03652  	-0.0755  	0.21546  	0.08848  	-0.0078  	-0.0042  	0.02141  	-0.0527  	0.01693  	-0.0050  	0.04012  	-0.0323  	0.03946  	0.00325  	-0.0043  	0.00533  	0.02375  	0.04228  	0.00664  	0.21899  	0.17035  	-0.1203  	0.00453  	0.00751  	1.29566  	1.27433  	123.652  	115.631  	
-0.6605  	0.24422  	0.34026  	-0.5008  	-0.6985  	-0.1409  	1.09602  	0.31091  	0.44951  	1.42621  	1.18019  	1.06173  	-0.0929  	-0.5554  	0.06347  	-0.0109  	0.52969  	1.00994  	0.20862  	-0.2269  	-0.1740  	0.04275  	0.94569  	-0.3960  	-0.1224  	0.17797  	0.44768  	-0.7391  	-0.4036  	-0.1911  	0.15880  	-0.0254  	-0.3626  	0.08084  	0.04784  	0.16061  	0.11922  	0.17443  	-0.1116  	-0.0260  	0.24574  	-0.0208  	0.08839  	0.23122  	0.02419  	0.03410  	-0.0593  	0.20997  	0.07419  	-0.0021  	0.01080  	0.01721  	-0.0478  	0.01010  	-0.0031  	0.02952  	-0.0261  	0.04153  	0.01070  	-0.0110  	0.00510  	0.02596  	0.03845  	0.01434  	0.21899  	0.17035  	-0.1203  	0.00453  	0.00751  	1.29566  	1.27433  	123.652  	115.631  	
-1.0782  	0.05040  	0.08744  	-0.8226  	-0.7601  	-0.4092  	1.10196  	0.12159  	0.35485  	1.61580  	1.19365  	1.04099  	-0.1595  	-0.8224  	-0.3176  	-0.0466  	0.55016  	1.04169  	0.22778  	-0.2238  	-0.5172  	0.03820  	0.95194  	-0.5481  	-0.1546  	0.25231  	0.26692  	-0.5165  	-0.2548  	-0.2088  	0.22273  	-0.0371  	-0.4279  	0.07484  	-0.1438  	0.29118  	-0.0816  	0.12524  	-0.0312  	-0.0508  	0.31552  	-0.0444  	0.12298  	0.25330  	0.01893  	0.02237  	-0.0682  	0.21842  	0.08674  	-0.0104  	0.00772  	0.01535  	-0.0563  	0.00100  	0.00801  	0.02317  	-0.0125  	0.04623  	0.00460  	-0.0066  	0.00812  	0.02793  	0.05251  	0.01861  	0.21899  	0.17035  	-0.1203  	0.00453  	0.00751  	1.29566  	1.27433  	123.652  	115.631  	
-1.1628  	0.00253  	0.04211  	-0.9636  	-0.8034  	-0.4774  	1.09860  	0.08389  	0.32694  	1.61003  	1.24474  	0.94909  	-0.2142  	-0.9593  	-0.4140  	-0.0807  	0.53527  	1.06630  	0.24149  	-0.2154  	-0.4855  	0.03103  	0.96474  	-0.5540  	-0.0999  	0.23322  	0.29261  	-0.5485  	-0.2286  	-0.1872  	0.21507  	-0.0456  	-0.4322  	0.07557  	-0.1511  	0.33204  	-0.0489  	0.12739  	-0.0550  	-0.0392  	0.31268  	-0.0402  	0.11748  	0.26703  	0.02913  	0.02417  	-0.0738  	0.21164  	0.07761  	-0.0124  	0.00518  	0.01890  	-0.0611  	0.00112  	0.00818  	0.01939  	-0.0184  	0.04323  	0.00845  	-0.0070  	-0.0014  	0.02627  	0.05441  	0.01622  	0.21899  	0.17035  	-0.1203  	0.00453  	0.00751  	1.29566  	1.27433  	123.652  	115.631  	
-1.1399  	0.04841  	0.09270  	-0.9374  	-0.8256  	-0.4193  	1.11130  	0.11388  	0.31564  	1.60651  	1.23637  	0.90886  	-0.2488  	-0.9427  	-0.3406  	-0.1181  	0.55012  	1.03434  	0.26910  	-0.2655  	-0.4111  	0.06733  	0.97910  	-0.4647  	-0.0543  	0.20312  	0.41950  	-0.6745  	-0.2633  	-0.1764  	0.17351  	-0.0352  	-0.4556  	0.07395  	-0.1192  	0.30312  	0.02406  	0.14047  	-0.0966  	-0.0392  	0.31586  	-0.0310  	0.09375  	0.27061  	0.03468  	0.03243  	-0.0722  	0.20757  	0.07759  	-0.0074  	0.01029  	0.01921  	-0.0657  	0.00208  	-0.0034  	0.01743  	-0.0182  	0.04192  	0.00847  	-0.0130  	0.00192  	0.01798  	0.04866  	0.01022  	0.21899  	0.17035  	-0.1203  	0.00453  	0.00751  	1.29566  	1.27433  	123.652  	115.631  	
-1.0986  	0.07187  	0.14568  	-0.8996  	-0.8352  	-0.4036  	1.12707  	0.13696  	0.34345  	1.56870  	1.21730  	0.88652  	-0.2520  	-0.9564  	-0.3515  	-0.1238  	0.53073  	1.04975  	0.27519  	-0.2551  	-0.4052  	0.07185  	1.00022  	-0.4745  	-0.0667  	0.19512  	0.42245  	-0.6719  	-0.2750  	-0.1863  	0.15189  	-0.0308  	-0.4627  	0.07794  	-0.1342  	0.29367  	0.05224  	0.15652  	-0.1067  	-0.0337  	0.32067  	-0.0287  	0.09709  	0.27156  	0.02832  	0.03185  	-0.0651  	0.21225  	0.08493  	-0.0110  	0.00728  	0.01746  	-0.0637  	0.01110  	-0.0008  	0.01431  	-0.0167  	0.04379  	0.00925  	-0.0158  	-8.9585  	0.01645  	0.05068  	0.01106  	0.21899  	0.17035  	-0.1203  	0.00453  	0.00751  	1.29566  	1.27433  	123.652  	115.631  	
-1.0965  	0.10921  	0.18831  	-0.8460  	-0.7997  	-0.4106  	1.07609  	0.17804  	0.34716  	1.54105  	1.20457  	0.91294  	-0.2586  	-0.8679  	-0.2660  	-0.1256  	0.53867  	1.01277  	0.27823  	-0.2981  	-0.3360  	0.09277  	1.03915  	-0.4195  	-0.0715  	0.18606  	0.46045  	-0.7405  	-0.3022  	-0.1535  	0.15225  	-0.0270  	-0.4605  	0.07574  	-0.0908  	0.26331  	0.08203  	0.15239  	-0.1232  	-0.0287  	0.30066  	-0.0253  	0.08043  	0.26670  	0.02689  	0.03269  	-0.0641  	0.20327  	0.08045  	-0.0080  	0.00970  	0.01484  	-0.0621  	0.01389  	-0.0053  	0.01396  	-0.0167  	0.04388  	0.00983  	-0.0154  	-0.0020  	0.01754  	0.05100  	0.00839  	0.21899  	0.17035  	-0.1203  	0.00453  	0.00751  	1.29566  	1.27433  	123.652  	115.631  	
-1.0074  	0.11161  	0.19336  	-0.7510  	-0.7305  	-0.3071  	1.07100  	0.21355  	0.36836  	1.50545  	1.14487  	0.96478  	-0.2167  	-0.8042  	-0.1969  	-0.0780  	0.54879  	1.00326  	0.26265  	-0.2855  	-0.3356  	0.05445  	0.99335  	-0.3783  	-0.0739  	0.18925  	0.47560  	-0.6982  	-0.2962  	-0.1568  	0.16827  	-0.0207  	-0.4451  	0.06672  	-0.0692  	0.26145  	0.06331  	0.13638  	-0.1082  	-0.0223  	0.27496  	-0.0309  	0.07548  	0.25443  	0.02367  	0.02763  	-0.0681  	0.20168  	0.07220  	-0.0035  	0.00958  	0.01126  	-0.0557  	0.00710  	-0.0035  	0.01515  	-0.0113  	0.04140  	0.00458  	-0.0123  	-6.7561  	0.02198  	0.05608  	0.01366  	0.21899  	0.17035  	-0.1203  	0.00453  	0.00751  	1.29566  	1.27433  	123.652  	115.631  	
-0.7634  	0.14420  	0.30899  	-0.5961  	-0.6615  	-0.1030  	1.08392  	0.26910  	0.39290  	1.47379  	1.09184  	1.02092  	-0.1460  	-0.7388  	-0.1796  	0.03642  	0.52104  	1.00213  	0.26681  	-0.2266  	-0.3461  	0.04353  	0.87516  	-0.4103  	-0.0810  	0.16672  	0.46960  	-0.7068  	-0.3341  	-0.1767  	0.12861  	-0.0054  	-0.4214  	0.06515  	0.02218  	0.28112  	0.09322  	0.14237  	-0.1091  	-0.0107  	0.25091  	-0.0305  	0.07697  	0.24828  	0.02033  	0.03853  	-0.0733  	0.22181  	0.08110  	-0.0117  	0.01167  	0.01615  	-0.0548  	0.00429  	-0.0005  	0.01924  	-0.0151  	0.03282  	0.00160  	-0.0142  	-0.0046  	0.00958  	0.04600  	0.01550  	0.21899  	0.17035  	-0.1203  	0.00453  	0.00751  	1.29566  	1.27433  	123.652  	115.631  	
-0.3532  	0.25504  	0.57229  	-0.3043  	-0.5100  	-0.0738  	1.14336  	0.35671  	0.42633  	1.47067  	0.96146  	1.00233  	-0.0574  	-0.5627  	0.16404  	0.01779  	0.48366  	0.96116  	0.24397  	-0.2273  	-0.2492  	0.05474  	0.81069  	-0.3318  	-0.0145  	0.10542  	0.58816  	-0.8282  	-0.3734  	-0.1524  	0.11579  	0.03825  	-0.4009  	0.08169  	0.14274  	0.22368  	0.15354  	0.16370  	-0.1378  	0.03888  	0.19745  	-0.0141  	0.07946  	0.24471  	0.01453  	0.02864  	-0.0674  	0.22957  	0.10313  	-0.0266  	0.03717  	0.01691  	-0.0477  	0.00965  	-0.0156  	0.04673  	-0.0203  	0.03954  	0.00458  	0.00191  	0.00712  	0.02115  	0.04792  	-0.0024  	0.21899  	0.17035  	-0.1203  	0.00453  	0.00751  	1.29566  	1.27433  	123.652  	115.631  	
-0.3877  	0.26149  	0.46629  	-0.1082  	-0.4025  	-0.0006  	1.16239  	0.30382  	0.40402  	1.46303  	0.79877  	0.93416  	0.01801  	-0.3711  	0.40429  	-0.0962  	0.51517  	0.87332  	0.25926  	-0.2836  	-0.2729  	0.14707  	0.79734  	-0.3207  	0.10977  	0.11030  	0.67133  	-0.9105  	-0.3491  	-0.0313  	0.08491  	0.02365  	-0.4206  	0.09222  	0.16151  	0.22656  	0.14967  	0.17171  	-0.1434  	0.00678  	0.18443  	0.02269  	0.08412  	0.24531  	0.01395  	0.03555  	-0.0809  	0.25327  	0.10138  	-0.0171  	0.01355  	0.02144  	-0.0561  	0.00876  	-0.0053  	0.04077  	-0.0175  	0.03510  	0.00086  	-0.0082  	-0.0074  	0.01303  	0.03337  	-0.0025  	0.21899  	0.17035  	-0.1203  	0.00453  	0.00751  	1.29566  	1.27433  	123.652  	115.631  	
-0.5089  	0.22556  	0.17767  	0.14259  	-0.2171  	0.01334  	1.13524  	0.28401  	0.37758  	1.33907  	0.73736  	1.09150  	0.02126  	-0.2699  	0.55070  	-0.1414  	0.52683  	0.87073  	0.21733  	-0.3014  	-0.3336  	0.16061  	0.82942  	-0.3558  	0.15595  	0.12514  	0.68326  	-0.6944  	-0.2373  	0.01548  	0.06366  	0.00115  	-0.4326  	0.09517  	0.17302  	0.20311  	0.01943  	0.12274  	-0.0890  	0.01169  	0.11030  	0.02119  	0.05285  	0.22782  	0.02910  	0.03625  	-0.0819  	0.21569  	0.09266  	-0.0183  	0.02169  	0.01016  	-0.0562  	-0.0019  	-0.0097  	0.04143  	-0.0118  	0.04137  	0.01906  	-0.0125  	-0.0073  	0.01422  	0.03716  	-0.0020  	0.21899  	0.17035  	-0.1203  	0.00453  	0.00751  	1.29566  	1.27433  	123.652  	115.631  	
-0.5577  	0.25702  	0.26462  	0.00476  	-0.3808  	0.09554  	1.12118  	0.34624  	0.40444  	1.32675  	0.69897  	1.09424  	0.00358  	-0.3951  	0.43028  	-0.0597  	0.54714  	0.97111  	0.24010  	-0.2540  	-0.3223  	0.17027  	0.84046  	-0.3972  	0.08009  	0.12795  	0.57145  	-0.6474  	-0.2020  	-0.0551  	0.05994  	-0.0162  	-0.4085  	0.09263  	0.05448  	0.16430  	0.01243  	0.14773  	-0.0567  	0.05029  	0.15419  	-0.0206  	0.06816  	0.24723  	0.03369  	0.02859  	-0.0782  	0.22030  	0.09506  	-0.0200  	0.01756  	0.01148  	-0.0622  	0.00114  	-0.0054  	0.03545  	-0.0156  	0.03870  	0.00883  	-0.0138  	-0.0054  	0.01892  	0.04177  	0.00397  	0.21899  	0.17035  	-0.1203  	0.00453  	0.00751  	1.29566  	1.27433  	123.652  	115.631  	
-0.6344  	0.18220  	0.31507  	-0.3105  	-0.4695  	0.00454  	1.17653  	0.27765  	0.38549  	1.42438  	0.90936  	0.99580  	-0.0988  	-0.5836  	0.09703  	0.00321  	0.49026  	1.03461  	0.24923  	-0.1952  	-0.3693  	0.11336  	0.82638  	-0.3741  	0.07606  	0.14293  	0.51114  	-0.6574  	-0.2318  	-0.0989  	0.08480  	-0.0059  	-0.4199  	0.09699  	0.03119  	0.24134  	0.03895  	0.15851  	-0.0804  	0.02909  	0.21219  	-0.0203  	0.09012  	0.25750  	0.01813  	0.03684  	-0.0741  	0.22035  	0.08845  	-0.0226  	0.02579  	0.01216  	-0.0587  	0.00424  	0.00132  	0.03015  	-0.0101  	0.04300  	0.01273  	-0.0087  	-0.0051  	0.00508  	0.04249  	0.00545  	0.21899  	0.17035  	-0.1203  	0.00453  	0.00751  	1.29566  	1.27433  	123.652  	115.631  	
-0.8445  	0.12428  	0.20622  	-0.3801  	-0.5264  	-0.1562  	1.14537  	0.24278  	0.35746  	1.46712  	1.06589  	0.97716  	-0.1658  	-0.7112  	0.03117  	-0.0785  	0.51482  	1.01245  	0.26236  	-0.2274  	-0.3199  	0.04883  	0.84062  	-0.3411  	0.06783  	0.11813  	0.57250  	-0.6717  	-0.3071  	-0.1048  	0.08182  	-0.0010  	-0.4653  	0.06620  	0.02063  	0.25699  	0.03544  	0.14085  	-0.1078  	0.02289  	0.18101  	-0.0059  	0.04407  	0.24465  	0.03548  	0.02940  	-0.0885  	0.20972  	0.07889  	-0.0100  	0.01837  	0.01840  	-0.0529  	0.00988  	-0.0056  	0.02342  	-0.0058  	0.03980  	0.01831  	-0.0061  	-0.0087  	0.01015  	0.04611  	0.00880  	0.21899  	0.17035  	-0.1203  	0.00453  	0.00751  	1.29566  	1.27433  	123.652  	115.631  	
-0.6601  	0.20514  	0.26835  	-0.1735  	-0.4488  	0.02858  	1.11773  	0.30540  	0.38653  	1.34544  	0.81108  	1.05550  	-0.0841  	-0.5331  	0.32119  	-0.0664  	0.55980  	0.96928  	0.25821  	-0.2667  	-0.3180  	0.10916  	0.88866  	-0.3639  	0.11437  	0.13495  	0.60450  	-0.7002  	-0.2465  	-0.0240  	0.10376  	-0.0157  	-0.4497  	0.08106  	0.02863  	0.21730  	0.05164  	0.15288  	-0.0942  	0.00876  	0.14611  	-0.0144  	0.06603  	0.23489  	0.03077  	0.03108  	-0.0762  	0.21743  	0.08817  	-0.0293  	0.01399  	0.01506  	-0.0578  	0.00313  	-0.0051  	0.02671  	-0.0070  	0.04015  	0.01662  	-0.0049  	-0.0066  	0.00420  	0.04355  	0.00099  	0.21899  	0.17035  	-0.1203  	0.00453  	0.00751  	1.29566  	1.27433  	123.652  	115.631  	
-0.5513  	0.22936  	0.35397  	-0.2653  	-0.4967  	0.08704  	1.11515  	0.34328  	0.40603  	1.34410  	0.87591  	1.04303  	-0.0757  	-0.5523  	0.18207  	0.00624  	0.54314  	0.97473  	0.25858  	-0.2320  	-0.2973  	0.13020  	0.89767  	-0.3686  	0.09874  	0.14399  	0.58695  	-0.7106  	-0.3003  	-0.0764  	0.10253  	-0.0119  	-0.4317  	0.09158  	0.02246  	0.22157  	0.08679  	0.16348  	-0.0946  	0.00949  	0.17516  	-0.0167  	0.09142  	0.26506  	0.01386  	0.02802  	-0.0724  	0.23428  	0.08194  	-0.0164  	0.01980  	0.01615  	-0.0583  	0.00651  	-0.0083  	0.03772  	-0.0063  	0.04501  	0.01132  	-0.0121  	-0.0079  	0.00401  	0.03234  	-0.0027  	0.21899  	0.17035  	-0.1203  	0.00453  	0.00751  	1.29566  	1.27433  	123.652  	115.631  	
-0.4926  	0.18237  	0.38283  	-0.1577  	-0.4501  	0.08742  	1.11332  	0.34232  	0.40258  	1.39201  	0.98499  	1.02747  	-0.0878  	-0.5774  	0.12245  	0.12342  	0.48706  	0.94795  	0.23964  	-0.2200  	-0.2642  	0.09019  	0.80206  	-0.3171  	0.07680  	0.11497  	0.59118  	-0.7537  	-0.3389  	-0.1013  	0.06897  	0.01995  	-0.4373  	0.07303  	0.10696  	0.21394  	0.11103  	0.17306  	-0.0893  	0.02826  	0.15725  	-0.0046  	0.08555  	0.23962  	0.02086  	0.03980  	-0.0843  	0.22092  	0.08916  	-0.0091  	0.02257  	0.01410  	-0.0588  	0.01115  	0.00188  	0.03726  	-0.0125  	0.03563  	0.01529  	-0.0052  	-0.0048  	0.00305  	0.03556  	0.00100  	0.21899  	0.17035  	-0.1203  	0.00453  	0.00751  	1.29566  	1.27433  	123.652  	115.631  	
-0.5108  	0.21172  	0.31009  	-0.0186  	-0.3412  	0.06563  	1.12594  	0.30670  	0.38230  	1.38171  	0.78445  	1.03271  	-0.0503  	-0.4909  	0.31227  	-0.0209  	0.51465  	0.93759  	0.23186  	-0.2406  	-0.3511  	0.12168  	0.78225  	-0.3325  	0.09941  	0.11549  	0.61561  	-0.7061  	-0.2844  	-0.0497  	0.07050  	-0.0009  	-0.4438  	0.08666  	0.10437  	0.22373  	0.04557  	0.13848  	-0.0797  	0.04603  	0.11797  	0.00616  	0.06976  	0.24071  	0.02726  	0.04170  	-0.0890  	0.21749  	0.09440  	-0.0148  	0.02581  	0.01342  	-0.0538  	0.00873  	-0.0057  	0.03306  	-0.0086  	0.03667  	0.01107  	-0.0010  	-0.0126  	0.01095  	0.04722  	0.00840  	0.21899  	0.17035  	-0.1203  	0.00453  	0.00751  	1.29566  	1.27433  	123.652  	115.631  	
-0.4663  	0.25062  	0.32927  	0.04991  	-0.3389  	0.12805  	1.12249  	0.35672  	0.43085  	1.34103  	0.67443  	1.06263  	0.03324  	-0.3000  	0.56043  	-0.0827  	0.52955  	0.94166  	0.22659  	-0.2367  	-0.3302  	0.15014  	0.81933  	-0.4191  	0.09905  	0.12967  	0.60107  	-0.7236  	-0.2341  	-0.0336  	0.06402  	-0.0309  	-0.3992  	0.10315  	0.09684  	0.19731  	0.03441  	0.13328  	-0.0576  	0.02465  	0.14342  	0.00019  	0.07129  	0.24203  	0.03350  	0.04182  	-0.0794  	0.23584  	0.10577  	-0.0108  	0.02376  	0.01670  	-0.0568  	0.00824  	-0.0038  	0.04201  	-0.0278  	0.03195  	0.01728  	-0.0024  	-0.0078  	0.01680  	0.03264  	0.00107  	0.21899  	0.17035  	-0.1203  	0.00453  	0.00751  	1.29566  	1.27433  	123.652  	115.631  	
-0.3241  	0.28330  	0.43529  	-0.1578  	-0.4603  	0.01221  	1.18343  	0.32077  	0.45234  	1.41834  	0.78352  	0.90600  	0.02203  	-0.3074  	0.43294  	-0.1481  	0.51544  	0.91557  	0.23756  	-0.3609  	-0.2697  	0.16116  	0.93570  	-0.3730  	0.03668  	0.11420  	0.62615  	-0.8937  	-0.3304  	-0.0692  	0.10284  	-0.0095  	-0.3951  	0.07904  	0.12637  	0.17992  	0.11617  	0.16331  	-0.1162  	0.01290  	0.17113  	-0.0111  	0.08442  	0.26521  	0.01660  	0.03489  	-0.0795  	0.23474  	0.10804  	-0.0175  	0.01352  	0.01724  	-0.0530  	0.01206  	-0.0007  	0.03923  	-0.0318  	0.03565  	0.00805  	0.00198  	-0.0015  	0.01776  	0.03403  	-0.0019  	0.21899  	0.17035  	-0.1203  	0.00453  	0.00751  	1.29566  	1.27433  	123.652  	115.631  	
-0.5295  	0.23500  	0.41930  	-0.3095  	-0.5258  	0.08183  	1.15645  	0.33850  	0.39138  	1.35699  	1.01596  	0.96603  	-0.0974  	-0.5071  	0.11609  	-0.0109  	0.53786  	0.93463  	0.24440  	-0.2706  	-0.1715  	0.11057  	0.93059  	-0.2907  	0.04076  	0.11849  	0.60452  	-0.8214  	-0.3727  	-0.1594  	0.09292  	0.01114  	-0.4149  	0.05547  	0.07831  	0.16419  	0.19098  	0.19087  	-0.1446  	-0.0045  	0.21064  	-0.0253  	0.10913  	0.25734  	0.02098  	0.02992  	-0.0673  	0.21893  	0.10113  	-0.0248  	0.00080  	0.01309  	-0.0592  	0.00721  	-0.0032  	0.02825  	-0.0237  	0.03488  	0.00624  	-0.0048  	-0.0003  	0.01567  	0.04429  	0.00544  	0.21899  	0.17035  	-0.1203  	0.00453  	0.00751  	1.29566  	1.27433  	123.652  	115.631  	
-0.7897  	0.13982  	0.30168  	-0.5281  	-0.6211  	-0.0243  	1.09113  	0.25331  	0.39578  	1.38878  	1.04423  	0.96415  	-0.1679  	-0.7222  	-0.0330  	-0.0343  	0.52124  	0.96175  	0.29060  	-0.2932  	-0.2793  	0.09969  	0.94217  	-0.3508  	0.03451  	0.13549  	0.62376  	-0.8272  	-0.3710  	-0.1159  	0.09845  	-0.0042  	-0.4517  	0.07917  	0.05577  	0.25672  	0.14859  	0.19586  	-0.1279  	-0.0370  	0.21578  	-0.0170  	0.07933  	0.25662  	0.01611  	0.03521  	-0.0743  	0.20162  	0.08055  	-0.0112  	0.01076  	0.01743  	-0.0527  	0.01085  	-0.0050  	0.02293  	-0.0136  	0.04496  	0.01394  	-0.0155  	-0.0057  	0.00917  	0.03779  	0.00513  	0.21899  	0.17035  	-0.1203  	0.00453  	0.00751  	1.29566  	1.27433  	123.652  	115.631  	
-0.9128  	0.11551  	0.18660  	-0.5246  	-0.6355  	-0.1750  	1.08921  	0.21987  	0.34187  	1.44170  	1.07347  	0.93505  	-0.2057  	-0.7433  	-0.0090  	-0.1184  	0.53327  	0.97948  	0.24180  	-0.3155  	-0.2940  	0.11571  	0.91193  	-0.3729  	0.06489  	0.15120  	0.58359  	-0.7457  	-0.3272  	-0.1113  	0.11896  	0.00476  	-0.4706  	0.05650  	-0.0103  	0.27836  	0.08446  	0.14434  	-0.1160  	0.01293  	0.20947  	-0.0086  	0.05810  	0.24549  	0.02818  	0.03185  	-0.0816  	0.19385  	0.07362  	-0.0083  	0.01475  	0.01364  	-0.0551  	0.01033  	-0.0002  	0.02484  	-0.0075  	0.04193  	0.01260  	-0.0060  	-0.0059  	0.01568  	0.04949  	0.00767  	0.21899  	0.17035  	-0.1203  	0.00453  	0.00751  	1.29566  	1.27433  	123.652  	115.631  	
-0.7102  	0.15502  	0.30962  	-0.3311  	-0.5173  	-0.1696  	1.08259  	0.22113  	0.29233  	1.50428  	1.04305  	1.05387  	-0.1149  	-0.8297  	-0.0608  	0.00308  	0.59706  	0.85487  	0.31159  	-0.4698  	-0.3954  	-0.1681  	0.54191  	-0.3932  	-0.0012  	0.24330  	0.48452  	-0.7122  	-0.1899  	-0.1091  	0.20746  	-0.0460  	-0.5693  	-0.0964  	-0.0610  	0.33153  	-0.0763  	0.13598  	-0.2101  	-0.0679  	0.28155  	0.11703  	-0.0311  	0.32481  	-0.0274  	0.05489  	-0.0987  	0.23488  	0.07976  	-0.0294  	0.03808  	0.02072  	-0.0544  	0.01752  	0.01221  	0.02115  	-0.0091  	0.03437  	0.01389  	-0.0014  	-0.0121  	-0.0023  	0.03285  	0.00236  	0.21899  	0.17035  	-0.1203  	0.00453  	0.00751  	1.29566  	1.27433  	123.652  	115.631  	
-0.6563  	0.14494  	0.38876  	-0.3389  	-0.5102  	-0.1905  	1.08251  	0.28757  	0.29263  	1.49201  	1.11993  	1.10424  	-0.0803  	-0.9255  	-0.0898  	0.03793  	0.65967  	0.73132  	0.39954  	-0.6869  	-0.3197  	-0.3768  	0.28543  	-0.3417  	-0.0363  	0.30940  	0.54535  	-0.8129  	-0.1419  	-0.1417  	0.29141  	-0.0573  	-0.6522  	-0.2418  	-0.0950  	0.32567  	-0.1044  	0.15464  	-0.3084  	-0.1304  	0.34012  	0.23934  	-0.1361  	0.39363  	-0.0660  	0.06860  	-0.1254  	0.25243  	0.07471  	-0.0333  	0.03934  	0.02248  	-0.0473  	0.04040  	0.01884  	0.02412  	-0.0108  	0.02019  	0.01334  	0.01180  	-0.0024  	-0.0029  	0.02314  	0.00680  	0.21899  	0.17035  	-0.1203  	0.00453  	0.00751  	1.29566  	1.27433  	123.652  	115.631  	
-0.5290  	0.19182  	0.46065  	-0.2048  	-0.5023  	-0.0628  	1.02760  	0.35514  	0.33900  	1.34960  	1.00472  	1.04715  	-0.0508  	-0.7809  	0.20308  	-0.0684  	0.73010  	0.61203  	0.40103  	-0.7448  	-0.0672  	-0.3978  	0.30018  	-0.2858  	-0.1353  	0.32963  	0.59746  	-0.9719  	-0.2300  	-0.1425  	0.28932  	-0.0479  	-0.6412  	-0.2794  	-0.0046  	0.20990  	-0.0464  	0.15624  	-0.3717  	-0.1621  	0.28921  	0.27403  	-0.1690  	0.40139  	-0.0866  	0.07694  	-0.1282  	0.24932  	0.06777  	-0.0480  	0.04171  	0.01994  	-0.0541  	0.03679  	0.00492  	0.02778  	-0.0184  	0.01563  	0.01263  	0.01282  	0.00164  	0.00080  	0.00771  	0.00424  	0.21899  	0.17035  	-0.1203  	0.00453  	0.00751  	1.29566  	1.27433  	123.652  	115.631  	
-0.3197  	0.32326  	0.54879  	-0.1719  	-0.4469  	0.05130  	1.10687  	0.51688  	0.37769  	1.32250  	0.98097  	1.04408  	0.03068  	-0.4980  	0.49480  	-0.0761  	0.69122  	0.60765  	0.38807  	-0.7520  	0.02694  	-0.2779  	0.42746  	-0.2719  	-0.1411  	0.30348  	0.67888  	-1.0598  	-0.3104  	-0.1914  	0.27907  	-0.0454  	-0.5825  	-0.2291  	0.06733  	0.12117  	0.05795  	0.18315  	-0.3721  	-0.1373  	0.26601  	0.23540  	-0.1336  	0.40930  	-0.0826  	0.06873  	-0.1198  	0.28275  	0.08040  	-0.0466  	0.02652  	0.02457  	-0.0594  	0.03258  	0.01282  	0.04296  	-0.0174  	0.00789  	0.00932  	0.01601  	0.00976  	0.00313  	0.01346  	0.00763  	0.21899  	0.17035  	-0.1203  	0.00453  	0.00751  	1.29566  	1.27433  	123.652  	115.631  	
-0.2385  	0.31899  	0.63773  	-0.3714  	-0.6271  	0.01769  	1.12788  	0.52663  	0.44561  	1.34304  	1.18126  	1.12604  	-0.0515  	-0.5047  	0.19906  	0.10747  	0.60174  	0.75210  	0.35099  	-0.5376  	0.00571  	-0.1419  	0.64386  	-0.3552  	-0.1228  	0.22366  	0.62829  	-1.0368  	-0.4521  	-0.2005  	0.23231  	-0.0237  	-0.4939  	-0.0924  	0.06555  	0.12770  	0.18645  	0.22125  	-0.2584  	-0.1566  	0.26650  	0.10552  	-0.0038  	0.34672  	-0.0355  	0.05278  	-0.1099  	0.27068  	0.08852  	-0.0286  	0.01026  	0.02167  	-0.0468  	0.02711  	0.00500  	0.03941  	-0.0289  	0.02400  	0.00344  	-0.0019  	0.00279  	0.00960  	0.03196  	0.00149  	0.21899  	0.17035  	-0.1203  	0.00453  	0.00751  	1.29566  	1.27433  	123.652  	115.631  	
-0.3810  	0.32402  	0.54215  	-0.2793  	-0.5489  	0.01244  	1.16512  	0.39717  	0.47820  	1.48052  	1.07579  	1.10929  	-0.0740  	-0.3380  	0.21958  	0.13333  	0.56555  	0.89552  	0.25323  	-0.2548  	-0.0993  	0.09275  	0.85374  	-0.3486  	0.07388  	0.09987  	0.65057  	-0.9370  	-0.4376  	-0.1188  	0.07705  	0.01929  	-0.4031  	0.07395  	0.13924  	0.19131  	0.20671  	0.18921  	-0.1069  	0.01516  	0.17015  	-0.0337  	0.10061  	0.26360  	0.03328  	0.02891  	-0.0781  	0.23618  	0.11577  	-0.0144  	0.01164  	0.01445  	-0.0566  	0.01696  	-0.0022  	0.03830  	-0.0233  	0.03798  	0.00329  	0.00385  	-0.0027  	0.01263  	0.05466  	0.00749  	0.21899  	0.17035  	-0.1203  	0.00453  	0.00751  	1.29566  	1.27433  	123.652  	115.631  	
-0.6923  	0.14563  	0.28811  	-0.1301  	-0.4318  	-0.1675  	1.21551  	0.32598  	0.38370  	1.51124  	1.13015  	1.19902  	-0.0839  	-0.3532  	0.19458  	0.01936  	0.52209  	0.98195  	0.21520  	-0.1260  	-0.2332  	0.09445  	0.81429  	-0.2748  	-0.0022  	0.09514  	0.59859  	-0.7705  	-0.3594  	-0.1328  	0.06916  	-0.0157  	-0.4086  	0.06801  	0.09413  	0.19276  	0.13606  	0.16544  	-0.1536  	0.02387  	0.13172  	-0.0232  	0.02646  	0.22718  	0.03094  	0.02612  	-0.0725  	0.22066  	0.08403  	-0.0193  	0.01372  	0.00768  	-0.0642  	0.00071  	-0.0004  	0.03464  	-0.0200  	0.03018  	-0.0018  	-0.0141  	-0.0051  	0.02074  	0.03979  	0.00536  	0.21899  	0.17035  	-0.1203  	0.00453  	0.00751  	1.29566  	1.27433  	123.652  	115.631  	
-0.8881  	0.07829  	0.13794  	-0.4386  	-0.4490  	-0.2324  	1.13133  	0.21655  	0.37098  	1.39070  	1.20496  	1.15233  	-0.1559  	-0.5639  	0.18217  	-0.1742  	0.53257  	0.94953  	0.19489  	-0.2242  	-0.2117  	0.02962  	0.82481  	-0.2778  	-0.0929  	0.15452  	0.55213  	-0.7572  	-0.4406  	-0.1354  	0.15399  	-0.0132  	-0.4037  	0.09645  	0.15777  	0.16140  	0.13993  	0.13705  	-0.1474  	-0.0184  	0.14140  	0.00728  	0.01174  	0.22462  	0.04398  	0.04857  	-0.0733  	0.17565  	0.07366  	-0.0117  	0.00467  	0.01024  	-0.0708  	0.00518  	-0.0075  	0.02523  	-0.0214  	0.04604  	-0.0024  	-0.0173  	0.00680  	0.01834  	0.02833  	-0.0033  	0.21899  	0.17035  	-0.1203  	0.00453  	0.00751  	1.29566  	1.27433  	123.652  	115.631  	
-0.3657  	0.23992  	0.39403  	-0.3038  	-0.4926  	-0.0595  	1.20481  	0.35276  	0.40059  	1.47163  	0.73651  	0.97711  	0.06285  	-0.2214  	0.55497  	-0.2738  	0.54381  	0.84517  	0.18731  	-0.3543  	-0.2467  	0.22379  	0.91048  	-0.2343  	-0.0222  	0.15948  	0.71146  	-0.9777  	-0.4091  	-0.1067  	0.14241  	-0.0443  	-0.3987  	0.06880  	0.11415  	0.12383  	0.11696  	0.12430  	-0.0939  	0.01790  	0.12636  	0.00326  	0.07091  	0.25317  	0.03813  	0.02909  	-0.0725  	0.22486  	0.09870  	-0.0137  	0.00235  	0.02376  	-0.0545  	0.00815  	-0.0102  	0.03687  	-0.0339  	0.03536  	0.01246  	0.00410  	0.00064  	0.02327  	0.01866  	0.00325  	0.21899  	0.17035  	-0.1203  	0.00453  	0.00751  	1.29566  	1.27433  	123.652  	115.631  	
-0.3247  	0.26383  	0.56978  	-0.3112  	-0.5262  	0.08881  	1.22409  	0.49822  	0.47078  	1.36571  	0.56557  	0.80453  	0.09487  	-0.0990  	0.49739  	-0.2401  	0.55983  	0.88254  	0.22589  	-0.5592  	-0.1846  	0.23296  	1.11446  	-0.3730  	0.09625  	0.14427  	0.76182  	-1.0084  	-0.3141  	-0.0667  	0.20671  	-0.0386  	-0.4268  	0.08343  	0.05835  	0.10274  	0.08306  	0.15503  	-0.0893  	-0.0202  	0.18720  	-0.0101  	0.11771  	0.27579  	0.01518  	0.01709  	-0.0936  	0.26089  	0.12755  	-0.0026  	0.00785  	0.02312  	-0.0575  	0.01452  	-0.0014  	0.04262  	-0.0288  	0.04002  	-0.0007  	-0.0091  	0.00325  	0.03291  	0.04832  	0.00460  	0.21899  	0.17035  	-0.1203  	0.00453  	0.00751  	1.29566  	1.27433  	123.652  	115.631  	
-0.9549  	0.14856  	0.05829  	-0.8026  	-0.6175  	-0.3809  	1.12264  	0.15339  	0.39238  	1.51746  	1.16073  	0.97499  	-0.1430  	-0.5464  	0.02564  	-0.2524  	0.52733  	0.91627  	0.22728  	-0.2909  	-0.1960  	-0.0202  	0.93358  	-0.2765  	-0.1601  	0.22079  	0.62312  	-0.9146  	-0.4950  	-0.1379  	0.18270  	0.02543  	-0.4145  	0.06533  	0.05786  	0.16731  	0.13397  	0.15317  	-0.1927  	0.01224  	0.17726  	0.00330  	0.03430  	0.26934  	0.04952  	0.03450  	-0.0475  	0.17779  	0.10123  	0.01322  	0.00914  	0.00847  	-0.0771  	0.01960  	-0.0210  	0.00929  	-0.0150  	0.04073  	0.02145  	-0.0126  	-0.0115  	0.00150  	0.04738  	-0.0124  	0.21899  	0.17035  	-0.1203  	0.00453  	0.00751  	1.29566  	1.27433  	123.652  	115.631  	
-1.2983  	0.01901  	0.07936  	-1.0323  	-0.7503  	-0.5400  	1.11036  	0.23179  	0.37660  	1.54225  	1.33954  	0.95218  	-0.2533  	-0.7647  	-0.3148  	-0.2479  	0.52352  	0.99582  	0.26480  	-0.2942  	-0.1953  	0.06273  	0.95880  	-0.2900  	-0.2408  	0.18751  	0.50686  	-0.8757  	-0.3813  	-0.2281  	0.15885  	-0.0210  	-0.3980  	0.06430  	-0.0062  	0.18981  	0.12581  	0.15474  	-0.1260  	0.00165  	0.24219  	0.00420  	0.02575  	0.24663  	0.03230  	0.04275  	-0.0571  	0.18324  	0.06119  	-0.0059  	-0.0003  	0.01665  	-0.0585  	0.00538  	-0.0075  	0.01945  	-0.0201  	0.04781  	0.00581  	-0.0067  	0.00712  	0.02543  	0.03120  	-0.0023  	0.21899  	0.17035  	-0.1203  	0.00453  	0.00751  	1.29566  	1.27433  	123.652  	115.631  	
-1.2329  	0.07934  	0.04191  	-0.9430  	-0.7365  	-0.5129  	1.10355  	0.20776  	0.34796  	1.59220  	1.33129  	0.97076  	-0.1861  	-0.7742  	-0.3941  	-0.1991  	0.52759  	1.01000  	0.24564  	-0.2254  	-0.3175  	0.01423  	0.95643  	-0.3992  	-0.1306  	0.19217  	0.43456  	-0.7142  	-0.2857  	-0.2028  	0.16505  	-0.0443  	-0.4273  	0.07832  	-0.0457  	0.24477  	0.03946  	0.13128  	-0.0733  	0.00124  	0.24243  	-0.0003  	0.04848  	0.22726  	0.02811  	0.02623  	-0.0652  	0.21910  	0.07372  	-0.0037  	0.00656  	0.01441  	-0.0608  	0.01321  	-0.0025  	0.02235  	-0.0153  	0.03846  	0.00708  	-0.0017  	0.00855  	0.02456  	0.04404  	0.00387  	0.21899  	0.17035  	-0.1203  	0.00453  	0.00751  	1.29566  	1.27433  	123.652  	115.631  	
-1.3248  	0.01527  	0.02017  	-0.9388  	-0.7291  	-0.5251  	1.07457  	0.20483  	0.36064  	1.61016  	1.33341  	0.98340  	-0.2011  	-0.8106  	-0.4577  	-0.1405  	0.50210  	1.01436  	0.26299  	-0.1868  	-0.3439  	-0.0160  	0.95184  	-0.4184  	-0.2028  	0.22403  	0.37086  	-0.6242  	-0.2967  	-0.2200  	0.17321  	-0.0309  	-0.4296  	0.09255  	-0.0797  	0.23089  	0.01196  	0.12021  	-0.0665  	-0.0399  	0.25983  	-0.0247  	0.06388  	0.24891  	0.01726  	0.01834  	-0.0622  	0.22284  	0.07675  	-0.0061  	-0.0081  	0.00708  	-0.0630  	0.01491  	-0.0014  	0.01780  	-0.0199  	0.03730  	3.85195  	-0.0050  	0.00797  	0.02281  	0.04449  	0.01119  	0.21899  	0.17035  	-0.1203  	0.00453  	0.00751  	1.29566  	1.27433  	123.652  	115.631  	
-1.4711  	-0.0109  	-0.0296  	-1.0729  	-0.7510  	-0.6077  	1.08300  	0.20206  	0.34557  	1.65829  	1.44538  	0.96788  	-0.2307  	-0.8261  	-0.5489  	-0.2004  	0.50653  	1.00943  	0.25743  	-0.1891  	-0.3473  	0.02308  	0.98326  	-0.3816  	-0.2415  	0.24399  	0.32078  	-0.6243  	-0.3372  	-0.2648  	0.18866  	-0.0524  	-0.4023  	0.09931  	-0.0887  	0.21343  	-0.0104  	0.11621  	-0.0804  	-0.0453  	0.24231  	-0.0270  	0.06097  	0.23395  	0.01245  	0.01096  	-0.0603  	0.21683  	0.07217  	-0.0165  	-0.0190  	0.00955  	-0.0597  	0.01420  	-0.0105  	0.00594  	-0.0204  	0.03480  	-0.0011  	0.00150  	0.01071  	0.02189  	0.05142  	0.01371  	0.21899  	0.17035  	-0.1203  	0.00453  	0.00751  	1.29566  	1.27433  	123.652  	115.631  	
-1.4759  	-0.0295  	-0.0128  	-1.1050  	-0.7888  	-0.6589  	1.09942  	0.26123  	0.35941  	1.68266  	1.51093  	0.91678  	-0.2404  	-0.8172  	-0.4771  	-0.3161  	0.52233  	0.95732  	0.25122  	-0.1871  	-0.2347  	0.05328  	0.98984  	-0.3288  	-0.2071  	0.22086  	0.39334  	-0.7603  	-0.4052  	-0.2606  	0.16287  	-0.0648  	-0.4056  	0.07790  	-0.0404  	0.16724  	0.04861  	0.12831  	-0.0976  	-0.0545  	0.21672  	-0.0019  	0.03555  	0.21863  	0.03074  	0.01935  	-0.0736  	0.19987  	0.06631  	-0.0144  	-0.0066  	0.01467  	-0.0623  	0.00628  	-0.0147  	0.01033  	-0.0156  	0.03601  	-0.0009  	-0.0150  	0.00824  	0.02611  	0.04543  	0.01060  	0.21899  	0.17035  	-0.1203  	0.00453  	0.00751  	1.29566  	1.27433  	123.652  	115.631  	
-1.2209  	0.04214  	0.15688  	-0.9378  	-0.7641  	-0.6107  	1.03775  	0.39782  	0.44006  	1.54499  	1.49685  	0.92256  	-0.2385  	-0.7121  	-0.2552  	-0.3191  	0.58876  	0.90222  	0.29305  	-0.2563  	-0.0897  	-0.0025  	0.97169  	-0.2356  	-0.1316  	0.17550  	0.51399  	-0.8802  	-0.4769  	-0.2452  	0.13411  	-0.0516  	-0.4042  	0.06916  	0.04001  	0.11108  	0.16637  	0.14717  	-0.1326  	-0.0362  	0.19572  	-0.0013  	-0.0012  	0.22656  	0.02728  	0.04447  	-0.0643  	0.18768  	0.05280  	-0.0200  	-0.0104  	0.01528  	-0.0708  	0.00772  	-0.0251  	0.02527  	-0.0145  	0.04163  	0.00298  	-0.0144  	0.00968  	0.02150  	0.02939  	-0.0049  	0.21899  	0.17035  	-0.1203  	0.00453  	0.00751  	1.29566  	1.27433  	123.652  	115.631  	
-0.7203  	0.20842  	0.44214  	-0.5559  	-0.6298  	-0.3032  	1.08995  	0.40178  	0.45265  	1.50490  	1.06396  	1.02780  	-0.0420  	-0.3586  	0.21639  	-0.1412  	0.56299  	0.92064  	0.26105  	-0.2795  	-0.1446  	0.04868  	0.95459  	-0.2456  	-0.1871  	0.20284  	0.57375  	-0.8898  	-0.5335  	-0.1563  	0.17785  	-0.0407  	-0.3668  	0.06552  	0.01690  	0.08624  	0.11626  	0.18261  	-0.1407  	0.03296  	0.22020  	-0.0101  	0.07912  	0.23347  	0.01751  	0.03678  	-0.0634  	0.22775  	0.08468  	-0.0135  	-0.0135  	0.01967  	-0.0906  	0.00246  	-0.0286  	0.01164  	-0.0312  	0.03452  	-0.0127  	-0.0156  	-0.0022  	0.02565  	0.02274  	-0.0081  	0.21899  	0.17035  	-0.1203  	0.00453  	0.00751  	1.29566  	1.27433  	123.652  	115.631  	
-0.3016  	0.33604  	0.55217  	-0.3962  	-0.5896  	0.07234  	1.15522  	0.38153  	0.49825  	1.43751  	0.65506  	0.96613  	0.05577  	-0.2445  	0.49567  	-0.2231  	0.54269  	0.88871  	0.20895  	-0.4208  	-0.2457  	0.18059  	1.02911  	-0.3556  	-0.0726  	0.16767  	0.61473  	-0.9439  	-0.4333  	-0.1135  	0.17118  	-0.0327  	-0.3923  	0.07296  	0.04670  	0.10744  	0.14459  	0.17887  	-0.1340  	-0.0030  	0.21049  	-0.0280  	0.13589  	0.27750  	0.00460  	0.03154  	-0.0762  	0.25514  	0.11265  	-0.0147  	-0.0013  	0.02501  	-0.0694  	0.00269  	-0.0040  	0.03779  	-0.0438  	0.02742  	0.00895  	-0.0118  	0.00501  	0.03864  	0.05088  	0.00400  	0.21899  	0.17035  	-0.1203  	0.00453  	0.00751  	1.29566  	1.27433  	123.652  	115.631  	
-0.2188  	0.33482  	0.51271  	-0.1463  	-0.4851  	0.13344  	1.21830  	0.38033  	0.48457  	1.45634  	0.52542  	0.84436  	0.11818  	-0.2384  	0.50693  	-0.2334  	0.58773  	0.83817  	0.25734  	-0.5058  	-0.3354  	0.28375  	1.04026  	-0.3569  	0.12369  	0.13620  	0.69477  	-0.9319  	-0.2902  	-0.0403  	0.13487  	-0.0233  	-0.4317  	0.07109  	-0.0158  	0.12761  	0.13668  	0.13481  	-0.0557  	-0.0028  	0.17761  	-0.0235  	0.12801  	0.26916  	0.00843  	0.03520  	-0.0952  	0.26994  	0.11288  	-0.0176  	-0.0014  	0.01822  	-0.0625  	0.00723  	-0.0027  	0.04382  	-0.0418  	0.03141  	0.00481  	-0.0020  	1.26510  	0.02689  	0.04207  	-0.0010  	0.21899  	0.17035  	-0.1203  	0.00453  	0.00751  	1.29566  	1.27433  	123.652  	115.631  	
-0.5780  	0.24716  	0.33194  	-0.4373  	-0.6075  	-0.1694  	1.17472  	0.30140  	0.36697  	1.48304  	0.75062  	0.76067  	-0.0153  	-0.4202  	0.36882  	-0.2827  	0.56565  	0.81887  	0.22075  	-0.4091  	-0.2069  	0.17690  	1.02658  	-0.2426  	0.12384  	0.14467  	0.86101  	-1.0729  	-0.4135  	-0.0560  	0.13407  	-0.0067  	-0.4702  	0.07100  	0.14103  	0.18007  	0.18114  	0.15871  	-0.1576  	0.01143  	0.15212  	0.01002  	0.07421  	0.25612  	0.01807  	0.03031  	-0.0823  	0.23691  	0.08945  	-0.0241  	0.00228  	0.01561  	-0.0649  	0.00461  	-0.0030  	0.02637  	-0.0217  	0.03888  	0.00955  	-0.0132  	-0.0006  	0.01886  	0.03447  	0.00030  	0.21899  	0.17035  	-0.1203  	0.00453  	0.00751  	1.29566  	1.27433  	123.652  	115.631  	
-0.7314  	0.17479  	0.35512  	-0.6121  	-0.7039  	-0.1117  	1.06926  	0.36575  	0.35557  	1.33503  	1.18985  	0.91307  	-0.1438  	-0.8006  	0.05720  	-0.1589  	0.64618  	0.74243  	0.35653  	-0.6054  	-0.0335  	-0.1473  	0.75831  	-0.3197  	-0.1709  	0.25049  	0.61003  	-1.0229  	-0.3665  	-0.2115  	0.21393  	-0.0526  	-0.5201  	-0.1100  	0.02850  	0.14242  	0.15968  	0.18988  	-0.3052  	-0.0984  	0.31569  	0.09821  	-0.0278  	0.35240  	-0.0296  	0.05194  	-0.0924  	0.22058  	0.04818  	-0.0237  	-0.0077  	0.01261  	-0.0527  	0.02496  	-0.0011  	0.02234  	-0.0315  	0.02057  	-0.0042  	0.00228  	0.00545  	0.01454  	0.01744  	0.00396  	0.21899  	0.17035  	-0.1203  	0.00453  	0.00751  	1.29566  	1.27433  	123.652  	115.631  	
-0.6806  	0.19006  	0.41449  	-0.5534  	-0.6532  	-0.0991  	1.03098  	0.37553  	0.34489  	1.35338  	1.08764  	0.99910  	-0.0712  	-0.7923  	0.08540  	-0.1046  	0.69861  	0.66797  	0.42983  	-0.7220  	-0.1643  	-0.2985  	0.46679  	-0.4318  	-0.1199  	0.32083  	0.46006  	-0.9362  	-0.1757  	-0.2080  	0.32490  	-0.0864  	-0.5871  	-0.2366  	-0.1078  	0.16766  	-0.0308  	0.16939  	-0.3050  	-0.1510  	0.41232  	0.21561  	-0.1115  	0.40607  	-0.0840  	0.06593  	-0.1156  	0.24893  	0.05844  	-0.0297  	0.02530  	0.02242  	-0.0566  	0.03771  	0.01205  	0.02864  	-0.0232  	0.00890  	0.00746  	0.01518  	0.01329  	0.00808  	0.01017  	0.01392  	0.21899  	0.17035  	-0.1203  	0.00453  	0.00751  	1.29566  	1.27433  	123.652  	115.631  	
-0.8149  	0.19575  	0.36213  	-0.6018  	-0.6599  	-0.2564  	1.06727  	0.31379  	0.33871  	1.47045  	1.10668  	1.00959  	-0.0902  	-0.7810  	-0.0427  	-0.1795  	0.69618  	0.68619  	0.40078  	-0.7762  	-0.2445  	-0.3786  	0.34583  	-0.4298  	-0.1061  	0.34108  	0.46662  	-0.8666  	-0.0790  	-0.1746  	0.36216  	-0.1035  	-0.6297  	-0.2615  	-0.1677  	0.23713  	-0.1154  	0.15168  	-0.3221  	-0.1432  	0.44004  	0.23767  	-0.1439  	0.42284  	-0.1011  	0.07097  	-0.1225  	0.25224  	0.04776  	-0.0462  	0.02543  	0.02746  	-0.0529  	0.04721  	0.01482  	0.02336  	-0.0188  	0.01262  	0.00792  	0.00760  	0.01222  	0.00724  	0.01754  	0.01078  	0.21899  	0.17035  	-0.1203  	0.00453  	0.00751  	1.29566  	1.27433  	123.652  	115.631  	
-0.9882  	0.11158  	0.22793  	-0.5728  	-0.6433  	-0.3375  	1.05225  	0.33405  	0.32142  	1.45225  	1.23098  	0.99728  	-0.0991  	-0.7714  	0.00541  	-0.1998  	0.69093  	0.69310  	0.37541  	-0.6958  	-0.1622  	-0.3310  	0.42827  	-0.3561  	-0.0893  	0.33200  	0.51758  	-0.9126  	-0.1785  	-0.1729  	0.33885  	-0.1145  	-0.6172  	-0.2306  	-0.1164  	0.22824  	-0.0749  	0.14822  	-0.3275  	-0.1438  	0.34662  	0.22407  	-0.1481  	0.37342  	-0.0777  	0.06994  	-0.1106  	0.23308  	0.04810  	-0.0213  	0.03065  	0.02324  	-0.0559  	0.04081  	0.00834  	0.02118  	-0.0276  	0.01735  	0.01491  	0.01514  	-4.3988  	0.00451  	0.02309  	0.01077  	0.21899  	0.17035  	-0.1203  	0.00453  	0.00751  	1.29566  	1.27433  	123.652  	115.631  	
-0.9684  	0.11629  	0.11614  	-0.5307  	-0.6014  	-0.3337  	1.03438  	0.29627  	0.33778  	1.46962  	1.13648  	1.07847  	-0.1142  	-0.7484  	0.04120  	-0.2544  	0.62169  	0.84309  	0.30503  	-0.4929  	-0.2456  	-0.1717  	0.66939  	-0.4337  	-0.1036  	0.25827  	0.49507  	-0.7978  	-0.2077  	-0.1426  	0.24304  	-0.0804  	-0.5445  	-0.0900  	-0.0790  	0.23034  	-0.0467  	0.13221  	-0.2057  	-0.0704  	0.27215  	0.11661  	-0.0658  	0.30584  	-0.0227  	0.05444  	-0.0845  	0.20627  	0.06285  	-0.0150  	0.02803  	0.01820  	-0.0642  	0.02554  	-0.0004  	0.01868  	-0.0150  	0.02907  	0.01043  	0.00479  	0.00189  	0.00743  	0.02897  	0.00820  	0.21899  	0.17035  	-0.1203  	0.00453  	0.00751  	1.29566  	1.27433  	123.652  	115.631  	
-1.0284  	0.12139  	0.12462  	-0.6932  	-0.6578  	-0.2985  	1.08956  	0.23776  	0.37841  	1.53502  	1.12730  	1.03032  	-0.1496  	-0.7181  	-0.0695  	-0.1619  	0.53267  	1.03793  	0.23431  	-0.2546  	-0.3678  	0.05688  	0.97635  	-0.4368  	-0.0698  	0.17621  	0.42999  	-0.6769  	-0.2439  	-0.1475  	0.15282  	-0.0522  	-0.4390  	0.08157  	-0.0747  	0.23866  	0.01743  	0.13980  	-0.0785  	0.00755  	0.24991  	-0.0297  	0.09005  	0.24544  	0.02627  	0.03180  	-0.0650  	0.20051  	0.08291  	-0.0099  	0.01175  	0.01562  	-0.0643  	0.00718  	-0.0032  	0.01759  	-0.0165  	0.04180  	0.00753  	-0.0128  	0.00068  	0.01220  	0.04888  	0.00409  	0.21899  	0.17035  	-0.1203  	0.00453  	0.00751  	1.29566  	1.27433  	123.652  	115.631  	
-0.9233  	0.13044  	0.22780  	-0.5768  	-0.6222  	-0.2185  	1.08619  	0.26250  	0.39206  	1.47538  	1.07523  	1.05476  	-0.1588  	-0.7083  	0.00038  	-0.0844  	0.54155  	1.02176  	0.24390  	-0.2558  	-0.3542  	0.06099  	0.99757  	-0.4392  	-0.1035  	0.18958  	0.41053  	-0.6741  	-0.2524  	-0.1558  	0.15266  	-0.0374  	-0.4244  	0.08126  	-0.0718  	0.20327  	0.03255  	0.15126  	-0.0858  	-0.0059  	0.27585  	-0.0283  	0.10152  	0.25355  	0.03026  	0.03322  	-0.0648  	0.20425  	0.08336  	-0.0101  	0.01046  	0.01756  	-0.0640  	0.00530  	0.00100  	0.02000  	-0.0154  	0.03853  	0.01046  	-0.0114  	0.00078  	0.01543  	0.04592  	0.01027  	0.21899  	0.17035  	-0.1203  	0.00453  	0.00751  	1.29566  	1.27433  	123.652  	115.631  	
-0.9114  	0.14628  	0.23136  	-0.5639  	-0.6397  	-0.3064  	1.07444  	0.24630  	0.40025  	1.53696  	1.09281  	1.05968  	-0.1347  	-0.7269  	-0.0924  	-0.0567  	0.52470  	1.04789  	0.24910  	-0.1829  	-0.3784  	0.02006  	0.90227  	-0.4710  	-0.1262  	0.18946  	0.36985  	-0.6129  	-0.2589  	-0.1768  	0.15610  	-0.0297  	-0.4053  	0.09718  	-0.0429  	0.22176  	-0.0084  	0.14499  	-0.0856  	-0.0146  	0.27938  	-0.0430  	0.09524  	0.25644  	0.02551  	0.03105  	-0.0675  	0.20504  	0.07985  	-0.0083  	0.00640  	0.01503  	-0.0578  	0.00471  	-0.0027  	0.01631  	-0.0198  	0.04096  	0.00750  	-0.0141  	0.00359  	0.01794  	0.04246  	0.00912  	0.21899  	0.17035  	-0.1203  	0.00453  	0.00751  	1.29566  	1.27433  	123.652  	115.631  	
-1.1733  	0.03276  	0.03096  	-0.9382  	-0.7777  	-0.4875  	1.07247  	0.12362  	0.34928  	1.57784  	1.22456  	0.99820  	-0.1705  	-0.9407  	-0.4030  	-0.0580  	0.51520  	1.10699  	0.24790  	-0.2123  	-0.5394  	-0.0107  	0.97450  	-0.5991  	-0.1501  	0.22354  	0.23031  	-0.5432  	-0.2098  	-0.2039  	0.22578  	-0.0456  	-0.4240  	0.08037  	-0.1479  	0.30824  	-0.0824  	0.11555  	-0.0336  	-0.0418  	0.32360  	-0.0517  	0.12599  	0.26636  	0.02240  	0.01990  	-0.0777  	0.22199  	0.08099  	-0.0148  	0.00470  	0.01329  	-0.0606  	0.00110  	0.00564  	0.03114  	-0.0182  	0.04635  	-0.0007  	-0.0164  	0.00829  	0.02293  	0.05531  	0.01005  	0.21899  	0.17035  	-0.1203  	0.00453  	0.00751  	1.29566  	1.27433  	123.652  	115.631  	
-1.2428  	0.05663  	0.02541  	-1.0492  	-0.7988  	-0.5675  	1.10471  	0.10954  	0.32250  	1.64026  	1.35259  	0.92400  	-0.2185  	-0.9235  	-0.4395  	-0.1398  	0.50413  	1.07632  	0.23297  	-0.2161  	-0.4232  	0.06167  	0.94542  	-0.5018  	-0.1027  	0.22393  	0.32456  	-0.6405  	-0.2697  	-0.2172  	0.19814  	-0.0540  	-0.4058  	0.06919  	-0.1224  	0.31186  	-0.0275  	0.12744  	-0.0681  	-0.0317  	0.29241  	-0.0237  	0.09602  	0.24404  	0.02702  	0.02630  	-0.0690  	0.21360  	0.07982  	-0.0066  	0.00494  	0.01646  	-0.0582  	0.00899  	0.00189  	0.01545  	-0.0168  	0.04324  	0.01130  	-0.0025  	-0.0006  	0.02627  	0.04665  	0.00941  	0.21899  	0.17035  	-0.1203  	0.00453  	0.00751  	1.29566  	1.27433  	123.652  	115.631  	
-1.2234  	0.07830  	0.03973  	-1.0030  	-0.8030  	-0.5215  	1.11862  	0.11475  	0.31690  	1.61732  	1.31224  	0.90613  	-0.2179  	-0.9159  	-0.3776  	-0.1604  	0.51581  	1.04244  	0.24099  	-0.2353  	-0.4141  	0.10757  	0.96695  	-0.4464  	-0.0870  	0.21920  	0.40151  	-0.6714  	-0.2842  	-0.2013  	0.17678  	-0.0448  	-0.4144  	0.08106  	-0.1305  	0.32095  	0.01695  	0.14196  	-0.0788  	-0.0313  	0.29792  	-0.0239  	0.08598  	0.25307  	0.03258  	0.02964  	-0.0680  	0.21702  	0.06847  	-0.0050  	0.00411  	0.01939  	-0.0558  	0.00946  	0.00217  	0.00825  	-0.0148  	0.04648  	0.01560  	-0.0010  	-0.0011  	0.01773  	0.04758  	0.01151  	0.21899  	0.17035  	-0.1203  	0.00453  	0.00751  	1.29566  	1.27433  	123.652  	115.631  	
-1.1846  	0.07529  	0.03450  	-0.9257  	-0.8129  	-0.4678  	1.12382  	0.11653  	0.31018  	1.61090  	1.24718  	0.90736  	-0.2165  	-0.9323  	-0.3406  	-0.1903  	0.52417  	1.02819  	0.25354  	-0.2440  	-0.4158  	0.09029  	0.98540  	-0.4599  	-0.0549  	0.20743  	0.43758  	-0.6751  	-0.2619  	-0.1757  	0.17255  	-0.0361  	-0.4446  	0.08116  	-0.1302  	0.32055  	0.02469  	0.13910  	-0.0794  	-0.0334  	0.28825  	-0.0351  	0.09430  	0.26023  	0.04109  	0.02991  	-0.0728  	0.21332  	0.07489  	-0.0068  	0.00727  	0.01871  	-0.0617  	0.00501  	0.00310  	0.01227  	-0.0160  	0.04634  	0.01427  	-0.0058  	-0.0009  	0.01362  	0.04865  	0.01151  	0.21899  	0.17035  	-0.1203  	0.00453  	0.00751  	1.29566  	1.27433  	123.652  	115.631  	
-1.2118  	0.07188  	0.08047  	-0.9130  	-0.7984  	-0.4377  	1.13010  	0.10852  	0.33264  	1.60837  	1.17611  	0.93068  	-0.2174  	-0.9559  	-0.3535  	-0.1394  	0.51774  	1.04825  	0.25972  	-0.2465  	-0.4556  	0.05481  	1.02107  	-0.4758  	-0.0883  	0.20727  	0.39657  	-0.6411  	-0.2251  	-0.1756  	0.18292  	-0.0359  	-0.4487  	0.08829  	-0.1442  	0.30827  	-0.0013  	0.12335  	-0.0755  	-0.0206  	0.30936  	-0.0424  	0.10196  	0.27949  	0.03834  	0.02992  	-0.0741  	0.21952  	0.08528  	-0.0124  	0.01039  	0.01955  	-0.0639  	0.00286  	0.00049  	0.01508  	-0.0152  	0.04531  	0.01135  	-0.0109  	0.00302  	0.01676  	0.05312  	0.01342  	0.21899  	0.17035  	-0.1203  	0.00453  	0.00751  	1.29566  	1.27433  	123.652  	115.631  	
-1.1292  	0.07607  	0.14823  	-0.8735  	-0.8051  	-0.3639  	1.12905  	0.12536  	0.34526  	1.57194  	1.14619  	0.89357  	-0.2296  	-0.9350  	-0.2703  	-0.1291  	0.53518  	1.02849  	0.26364  	-0.2701  	-0.4412  	0.07395  	1.01066  	-0.4662  	-0.0417  	0.19264  	0.41677  	-0.6700  	-0.2282  	-0.1568  	0.16740  	-0.0328  	-0.4584  	0.08503  	-0.1407  	0.29978  	0.02867  	0.14078  	-0.0880  	-0.0056  	0.31719  	-0.0367  	0.09718  	0.28513  	0.02938  	0.03488  	-0.0700  	0.21635  	0.08411  	-0.0146  	0.01214  	0.02115  	-0.0637  	0.00670  	-0.0018  	0.01549  	-0.0156  	0.04261  	0.01155  	-0.0123  	0.00384  	0.01399  	0.04722  	0.01470  	0.21899  	0.17035  	-0.1203  	0.00453  	0.00751  	1.29566  	1.27433  	123.652  	115.631  	
-0.9674  	0.13002  	0.15881  	-0.7281  	-0.7407  	-0.2379  	1.09094  	0.20784  	0.35802  	1.49777  	1.09400  	0.97809  	-0.1765  	-0.8425  	-0.1452  	-0.1223  	0.55495  	1.01365  	0.25256  	-0.2646  	-0.4187  	0.10616  	1.02629  	-0.4502  	-0.0584  	0.19286  	0.41872  	-0.6697  	-0.2462  	-0.1528  	0.16011  	-0.0386  	-0.4514  	0.09022  	-0.1404  	0.26180  	0.01244  	0.15370  	-0.0845  	-0.0089  	0.31144  	-0.0461  	0.11230  	0.27630  	0.01658  	0.02775  	-0.0700  	0.21939  	0.08028  	-0.0176  	-0.0036  	0.01482  	-0.0559  	0.00676  	-0.0024  	0.01016  	-0.0140  	0.03933  	0.00775  	-0.0137  	0.00080  	0.01412  	0.04513  	0.01264  	0.21899  	0.17035  	-0.1203  	0.00453  	0.00751  	1.29566  	1.27433  	123.652  	115.631  	
-0.7817  	0.19627  	0.22139  	-0.4929  	-0.6506  	-0.1130  	1.08307  	0.26896  	0.40360  	1.42048  	0.97021  	1.05653  	-0.0995  	-0.6643  	0.03943  	-0.1153  	0.55910  	0.99087  	0.26202  	-0.2426  	-0.3646  	0.09737  	1.00657  	-0.4245  	-0.0537  	0.17841  	0.42543  	-0.6778  	-0.2543  	-0.1487  	0.14709  	-0.0249  	-0.4067  	0.09585  	-0.0473  	0.22480  	0.01518  	0.14930  	-0.0918  	0.01176  	0.26621  	-0.0524  	0.10342  	0.26186  	0.00869  	0.02581  	-0.0675  	0.21760  	0.08353  	-0.0158  	0.01036  	0.01719  	-0.0565  	0.00489  	-0.0071  	0.02794  	-0.0247  	0.03176  	0.01167  	-0.0116  	0.00892  	0.01669  	0.03874  	0.00645  	0.21899  	0.17035  	-0.1203  	0.00453  	0.00751  	1.29566  	1.27433  	123.652  	115.631  	
-0.5279  	0.26088  	0.33951  	-0.2793  	-0.5170  	0.02978  	1.14484  	0.33847  	0.42536  	1.40433  	0.93091  	1.03909  	-0.0459  	-0.5094  	0.22076  	-0.0350  	0.52041  	0.99022  	0.21953  	-0.2030  	-0.2191  	0.10385  	0.86977  	-0.4109  	0.01812  	0.14151  	0.50509  	-0.7430  	-0.3132  	-0.1239  	0.09971  	-0.0051  	-0.3924  	0.08371  	0.05069  	0.18961  	0.06541  	0.17402  	-0.0881  	0.00758  	0.21913  	-0.0249  	0.08762  	0.24655  	0.02350  	0.03547  	-0.0712  	0.22178  	0.08614  	-0.0080  	0.02032  	0.01501  	-0.0595  	0.00637  	-0.0017  	0.03151  	-0.0190  	0.03698  	0.01212  	-0.0199  	0.00262  	0.01040  	0.04149  	-0.0033  	0.21899  	0.17035  	-0.1203  	0.00453  	0.00751  	1.29566  	1.27433  	123.652  	115.631  	
-0.6190  	0.21293  	0.31774  	-0.4151  	-0.5643  	-0.0169  	1.13701  	0.30898  	0.41704  	1.43591  	1.01840  	1.04152  	-0.0596  	-0.5603  	-0.0095  	-0.0161  	0.48848  	1.01344  	0.24030  	-0.2012  	-0.3416  	0.05762  	0.84027  	-0.4158  	-0.0092  	0.15010  	0.43726  	-0.6943  	-0.2750  	-0.1508  	0.11538  	-0.0157  	-0.3753  	0.09069  	0.02691  	0.22190  	0.04509  	0.16409  	-0.0823  	0.01698  	0.29103  	-0.0283  	0.11243  	0.25227  	0.02948  	0.03473  	-0.0594  	0.22855  	0.08663  	-0.0165  	0.01944  	0.01530  	-0.0549  	0.00339  	-0.0052  	0.02950  	-0.0200  	0.03463  	0.01064  	-0.0117  	0.00317  	0.01089  	0.04075  	0.00158  	0.21899  	0.17035  	-0.1203  	0.00453  	0.00751  	1.29566  	1.27433  	123.652  	115.631  	
-0.9210  	0.11304  	0.21951  	-0.7108  	-0.7201  	-0.2196  	1.14894  	0.21286  	0.37225  	1.49743  	1.17022  	0.94517  	-0.1794  	-0.7582  	-0.2033  	-0.0845  	0.50650  	1.05686  	0.23191  	-0.1879  	-0.3723  	0.05076  	0.87926  	-0.3947  	-0.0117  	0.14517  	0.45165  	-0.6794  	-0.2501  	-0.1589  	0.12683  	-0.0235  	-0.4379  	0.08349  	-0.0450  	0.29435  	0.04363  	0.16279  	-0.0744  	0.00169  	0.27125  	-0.0222  	0.09825  	0.25614  	0.02036  	0.02772  	-0.0710  	0.20843  	0.08504  	-0.0129  	0.02032  	0.01939  	-0.0535  	0.00870  	0.00230  	0.01866  	-0.0112  	0.04600  	0.01083  	-0.0110  	0.00046  	0.01196  	0.04557  	0.01007  	0.21899  	0.17035  	-0.1203  	0.00453  	0.00751  	1.29566  	1.27433  	123.652  	115.631  	
-1.1697  	0.06458  	0.06174  	-0.8160  	-0.7413  	-0.4320  	1.11512  	0.16216  	0.33930  	1.60216  	1.23874  	0.95229  	-0.1962  	-0.7531  	-0.2388  	-0.1927  	0.52016  	1.02347  	0.24424  	-0.2290  	-0.3636  	0.07509  	0.91765  	-0.4052  	0.01097  	0.17972  	0.45266  	-0.6993  	-0.2827  	-0.1533  	0.13585  	-0.0518  	-0.4461  	0.07541  	-0.0453  	0.29945  	0.01970  	0.13445  	-0.0773  	-0.0087  	0.23857  	-0.0110  	0.06751  	0.23750  	0.03464  	0.03916  	-0.0689  	0.19880  	0.07486  	-0.0058  	0.01385  	0.01904  	-0.0555  	0.01323  	-0.0054  	0.01893  	-0.0156  	0.03954  	0.00989  	-0.0030  	0.00162  	0.01584  	0.03699  	0.00453  	0.21899  	0.17035  	-0.1203  	0.00453  	0.00751  	1.29566  	1.27433  	123.652  	115.631  	
-1.0615  	0.08520  	0.14395  	-0.8137  	-0.7761  	-0.3269  	1.10975  	0.17363  	0.36961  	1.56012  	1.16407  	0.95374  	-0.1851  	-0.8247  	-0.2146  	-0.1632  	0.54238  	1.04015  	0.24283  	-0.2237  	-0.3879  	0.05741  	0.97008  	-0.4613  	-0.0461  	0.19558  	0.41172  	-0.6599  	-0.2457  	-0.1637  	0.15317  	-0.0458  	-0.4458  	0.08747  	-0.1095  	0.27838  	0.02608  	0.14093  	-0.0859  	-0.0073  	0.28131  	-0.0387  	0.10250  	0.25977  	0.02737  	0.02949  	-0.0654  	0.21238  	0.08761  	-0.0186  	0.00961  	0.01762  	-0.0600  	0.01019  	4.79221  	0.01750  	-0.0186  	0.04015  	0.00615  	-0.0103  	0.00314  	0.01626  	0.04574  	0.00912  	0.21899  	0.17035  	-0.1203  	0.00453  	0.00751  	1.29566  	1.27433  	123.652  	115.631  	
-1.0361  	0.13083  	0.19267  	-0.7677  	-0.7366  	-0.3225  	1.09001  	0.18925  	0.37933  	1.55318  	1.12434  	0.97894  	-0.1981  	-0.8257  	-0.2096  	-0.1039  	0.54514  	1.04032  	0.25929  	-0.2600  	-0.3870  	0.04943  	1.00227  	-0.4632  	-0.0874  	0.17585  	0.40965  	-0.6778  	-0.2490  	-0.1561  	0.14909  	-0.0386  	-0.4493  	0.08603  	-0.1187  	0.27572  	0.03900  	0.15871  	-0.0928  	-0.0160  	0.30330  	-0.0509  	0.11050  	0.27072  	0.01396  	0.02444  	-0.0630  	0.21910  	0.08933  	-0.0147  	0.00676  	0.01391  	-0.0571  	0.01474  	0.00295  	0.01538  	-0.0169  	0.04494  	0.00852  	-0.0093  	0.00167  	0.01787  	0.05170  	0.01000  	0.21899  	0.17035  	-0.1203  	0.00453  	0.00751  	1.29566  	1.27433  	123.652  	115.631  	
-0.8882  	0.10582  	0.20403  	-0.6088  	-0.6996  	-0.2521  	1.06519  	0.14766  	0.35517  	1.47841  	1.14523  	0.97980  	-0.2284  	-0.8896  	-0.1669  	-0.0594  	0.53445  	1.01680  	0.26482  	-0.2265  	-0.2976  	0.05222  	0.95863  	-0.4020  	-0.0524  	0.16499  	0.50073  	-0.6911  	-0.3197  	-0.1370  	0.13164  	0.01759  	-0.4580  	0.07107  	-0.0273  	0.26962  	0.08858  	0.15688  	-0.1265  	-0.0127  	0.23831  	-0.0222  	0.07524  	0.25920  	0.02001  	0.03009  	-0.0730  	0.20323  	0.07671  	-0.0108  	0.01710  	0.01665  	-0.0514  	0.01437  	-0.0003  	0.02793  	-0.0115  	0.04763  	0.01309  	-0.0150  	-0.0036  	0.01419  	0.05105  	0.00284  	0.21899  	0.17035  	-0.1203  	0.00453  	0.00751  	1.29566  	1.27433  	123.652  	115.631  	
-0.8319  	0.09272  	0.21104  	-0.5581  	-0.6747  	-0.1873  	1.09809  	0.16095  	0.34308  	1.48956  	1.09394  	1.00121  	-0.1787  	-0.8529  	-0.1772  	-0.0269  	0.53143  	1.02173  	0.23552  	-0.2463  	-0.4076  	0.05355  	0.90849  	-0.3985  	-0.0345  	0.17954  	0.4904  	-0.6436  	-0.2887  	-0.1321  	0.12077  	0.00054  	-0.4629  	0.07914  	-0.0276  	0.30622  	0.05770  	0.13709  	-0.1198  	-0.0019  	0.23675  	-0.0220  	0.08598  	0.25393  	0.02521  	0.03269  	-0.0698  	0.20297  	0.08256  	-0.0135  	0.01445  	0.01684  	-0.0562  	0.00808  	0.00533  	0.02465  	-0.0108  	0.04361  	0.01116  	-0.0208  	-0.0074  	0.00994  	0.04873  	0.00524  	0.21899  	0.17035  	-0.1203  	0.00453  	0.00751  	1.29566  	1.27433  	123.652  	115.631  	
-0.7405  	0.14175  	0.31327  	-0.4813  	-0.5739  	-0.1847  	1.14175  	0.17895  	0.34986  	1.56675  	1.08302  	1.02230  	-0.1923  	-0.8678  	-0.2386  	0.12324  	0.48749  	1.08042  	0.25960  	-0.2278  	-0.4661  	0.06987  	0.82410  	-0.4055  	0.05474  	0.13725  	0.51266  	-0.6374  	-0.2500  	-0.1180  	0.09029  	0.02138  	-0.4725  	0.06766  	-0.0177  	0.37538  	0.04752  	0.15060  	-0.0935  	0.01630  	0.23623  	-0.0137  	0.08971  	0.26148  	0.03516  	0.03309  	-0.0817  	0.22016  	0.09860  	-0.0213  	0.02217  	0.01586  	-0.0490  	0.00583  	0.00746  	0.02253  	-0.0115  	0.04216  	0.01506  	-0.0083  	-0.0053  	0.00017  	0.04489  	0.00507  	0.21899  	0.17035  	-0.1203  	0.00453  	0.00751  	1.29566  	1.27433  	123.652  	115.631  	
-0.8722  	0.14905  	0.17386  	-0.6305  	-0.6710  	-0.2657  	1.11708  	0.16703  	0.33661  	1.56227  	1.11114  	0.97908  	-0.1641  	-0.8319  	-0.2876  	-0.0242  	0.49464  	1.08787  	0.24443  	-0.1645  	-0.4701  	0.09565  	0.84597  	-0.4292  	0.04262  	0.14754  	0.47619  	-0.5739  	-0.1894  	-0.1400  	0.11617  	0.00942  	-0.4601  	0.07908  	-0.0460  	0.38809  	-0.0112  	0.12437  	-0.0590  	0.03438  	0.23504  	-0.0355  	0.08473  	0.25626  	0.03858  	0.02276  	-0.0751  	0.21679  	0.08886  	-0.0182  	0.02690  	0.01437  	-0.0522  	0.00404  	0.00381  	0.02570  	-0.0161  	0.04058  	0.01435  	-0.0075  	-0.0004  	0.01233  	0.04324  	0.00970  	0.21899  	0.17035  	-0.1203  	0.00453  	0.00751  	1.29566  	1.27433  	123.652  	115.631  	
-1.1458  	0.05166  	0.05975  	-0.7610  	-0.7183  	-0.3990  	1.11956  	0.16673  	0.31807  	1.54002  	1.21474  	0.93867  	-0.2087  	-0.7987  	-0.1796  	-0.1581  	0.51202  	1.02101  	0.24232  	-0.2014  	-0.3384  	0.08150  	0.91307  	-0.3805  	0.03876  	0.14884  	0.46379  	-0.7014  	-0.2651  	-0.1332  	0.13967  	-0.0201  	-0.4554  	0.07604  	-0.0222  	0.32512  	0.08949  	0.14564  	-0.1127  	-0.0324  	0.22711  	-0.0175  	0.04116  	0.23800  	0.04282  	0.03657  	-0.0741  	0.18346  	0.06923  	-0.0187  	0.01203  	0.01864  	-0.0529  	0.00670  	-0.0005  	0.01153  	-0.0138  	0.04492  	0.01212  	-0.0050  	-0.0035  	0.01882  	0.04334  	0.00878  	0.21899  	0.17035  	-0.1203  	0.00453  	0.00751  	1.29566  	1.27433  	123.652  	115.631  	
-1.1490  	0.06750  	0.11365  	-0.9459  	-0.8684  	-0.4226  	1.09407  	0.17344  	0.33876  	1.60862  	1.32631  	0.85156  	-0.2066  	-0.7973  	-0.1941  	-0.2230  	0.51923  	0.98756  	0.23847  	-0.2544  	-0.2430  	0.06555  	1.00886  	-0.3948  	-0.0540  	0.18589  	0.47879  	-0.7755  	-0.3380  	-0.2055  	0.15634  	-0.0306  	-0.4441  	0.07329  	-0.0659  	0.26082  	0.11100  	0.17101  	-0.1323  	-0.0413  	0.25086  	-0.0297  	0.06071  	0.24430  	0.02691  	0.02880  	-0.0634  	0.19209  	0.07015  	-0.0112  	0.00304  	0.01650  	-0.0547  	0.01617  	-0.0039  	0.01453  	-0.0145  	0.03963  	0.00869  	-0.0078  	0.00110  	0.01757  	0.04475  	0.01082  	0.21899  	0.17035  	-0.1203  	0.00453  	0.00751  	1.29566  	1.27433  	123.652  	115.631  	
-1.0922  	0.12038  	0.21010  	-0.8851  	-0.8108  	-0.2890  	1.10253  	0.19428  	0.38139  	1.51953  	1.13652  	0.91250  	-0.2070  	-0.8281  	-0.1383  	-0.1410  	0.56468  	1.00544  	0.26300  	-0.2899  	-0.3343  	0.08518  	1.05664  	-0.4103  	-0.0696  	0.20327  	0.48347  	-0.7509  	-0.2900  	-0.1745  	0.15173  	-0.0347  	-0.4440  	0.06056  	-0.1053  	0.24659  	0.06447  	0.15508  	-0.0971  	0.00641  	0.29898  	-0.0324  	0.09807  	0.26593  	0.02489  	0.02760  	-0.0676  	0.20490  	0.07843  	-0.0165  	0.00432  	0.01998  	-0.0603  	0.01013  	-0.0063  	0.02007  	-0.0238  	0.03592  	0.01294  	-0.0110  	0.00181  	0.02138  	0.04666  	0.00450  	0.21899  	0.17035  	-0.1203  	0.00453  	0.00751  	1.29566  	1.27433  	123.652  	115.631  	
-0.8615  	0.11371  	0.22757  	-0.6085  	-0.6763  	-0.1762  	1.10881  	0.19839  	0.37501  	1.47298  	1.04780  	1.02299  	-0.1755  	-0.8263  	-0.0775  	-0.0886  	0.55234  	1.03929  	0.23749  	-0.2223  	-0.3966  	0.06974  	0.95599  	-0.4571  	-0.0608  	0.19827  	0.43354  	-0.6278  	-0.2566  	-0.1747  	0.14894  	-0.0190  	-0.4248  	0.08142  	-0.0848  	0.26144  	0.03232  	0.14878  	-0.0893  	0.01438  	0.28194  	-0.0419  	0.11674  	0.26438  	0.02205  	0.03001  	-0.0736  	0.20353  	0.07666  	-0.0177  	0.00777  	0.01620  	-0.0567  	0.00591  	0.00144  	0.01644  	-0.0149  	0.04039  	0.00999  	-0.0140  	-0.0019  	0.02090  	0.04809  	0.00843  	0.21899  	0.17035  	-0.1203  	0.00453  	0.00751  	1.29566  	1.27433  	123.652  	115.631  	
-0.6853  	0.16657  	0.29142  	-0.4308  	-0.5395  	-0.1754  	1.12620  	0.20758  	0.36734  	1.54350  	1.08394  	1.06973  	-0.1463  	-0.7595  	-0.1214  	0.05919  	0.49481  	1.05029  	0.23608  	-0.1602  	-0.4287  	0.05821  	0.81316  	-0.4366  	-0.0042  	0.13684  	0.45094  	-0.5898  	-0.2551  	-0.1295  	0.10581  	0.00711  	-0.4377  	0.07881  	-0.0026  	0.33463  	0.03291  	0.13969  	-0.0826  	0.01000  	0.22793  	-0.0402  	0.09523  	0.24706  	0.02948  	0.03095  	-0.0717  	0.21733  	0.09544  	-0.0192  	0.02872  	0.01187  	-0.0489  	0.00381  	0.00165  	0.02481  	-0.0084  	0.04240  	0.01528  	-0.0081  	-0.0069  	0.00958  	0.04720  	0.00822  	0.21899  	0.17035  	-0.1203  	0.00453  	0.00751  	1.29566  	1.27433  	123.652  	115.631  	
-0.6262  	0.14125  	0.31935  	-0.3602  	-0.4895  	-0.1424  	1.16455  	0.20689  	0.36612  	1.58483  	1.07786  	1.03192  	-0.1443  	-0.7886  	-0.1322  	0.12926  	0.45442  	1.05425  	0.24207  	-0.1486  	-0.4809  	0.09306  	0.73004  	-0.4054  	0.09968  	0.12532  	0.53415  	-0.5716  	-0.2381  	-0.1030  	0.07154  	0.02613  	-0.4579  	0.08363  	0.01962  	0.37425  	0.01133  	0.16248  	-0.0864  	0.02737  	0.21063  	-0.0114  	0.09394  	0.25452  	0.02598  	0.02967  	-0.0776  	0.22533  	0.09729  	-0.0289  	0.03084  	0.01375  	-0.0503  	0.00154  	0.00811  	0.02396  	-0.0080  	0.04275  	0.01636  	-0.0064  	-0.0059  	-0.0005  	0.04934  	0.00702  	0.21899  	0.17035  	-0.1203  	0.00453  	0.00751  	1.29566  	1.27433  	123.652  	115.631  	
-0.6478  	0.12865  	0.33051  	-0.3702  	-0.4916  	-0.1100  	1.16764  	0.15645  	0.36619  	1.58956  	1.00126  	0.99986  	-0.1497  	-0.8128  	-0.1231  	0.13882  	0.46417  	1.04054  	0.25689  	-0.2141  	-0.4865  	0.10418  	0.77115  	-0.3937  	0.15047  	0.12608  	0.57798  	-0.5803  	-0.2076  	-0.0681  	0.07961  	0.02629  	-0.4894  	0.08850  	-0.0023  	0.39967  	0.01195  	0.15886  	-0.0855  	0.03349  	0.21899  	-0.0048  	0.09527  	0.25916  	0.01873  	0.03620  	-0.0857  	0.22908  	0.09564  	-0.0322  	0.03480  	0.01501  	-0.0490  	0.00620  	0.00433  	0.02749  	-0.0100  	0.03898  	0.01945  	-0.0052  	-0.0061  	-0.0048  	0.04912  	0.00717  	0.21899  	0.17035  	-0.1203  	0.00453  	0.00751  	1.29566  	1.27433  	123.652  	115.631  	
-0.7360  	0.13507  	0.25193  	-0.4827  	-0.5743  	-0.1060  	1.15037  	0.15560  	0.34188  	1.47937  	0.90697  	0.89170  	-0.1918  	-0.8425  	-0.0857  	0.03854  	0.52668  	1.03146  	0.26127  	-0.2346  	-0.4563  	0.08196  	0.84020  	-0.3958  	0.15631  	0.12536  	0.57574  	-0.6016  	-0.1968  	-0.0712  	0.08083  	0.03125  	-0.5051  	0.06859  	-0.0269  	0.38816  	0.02984  	0.15289  	-0.0723  	0.02186  	0.21964  	-0.0213  	0.08718  	0.27095  	0.01745  	0.03379  	-0.0846  	0.20840  	0.08699  	-0.0232  	0.02709  	0.01352  	-0.0512  	0.00812  	0.00656  	0.02797  	-0.0075  	0.04371  	0.01409  	-0.0089  	-0.0074  	0.00281  	0.04988  	0.00699  	0.21899  	0.17035  	-0.1203  	0.00453  	0.00751  	1.29566  	1.27433  	123.652  	115.631  	
-0.7861  	0.12868  	0.25245  	-0.4496  	-0.6206  	-0.0902  	1.13082  	0.18280  	0.34120  	1.36068  	0.93593  	0.84650  	-0.1898  	-0.7448  	0.08897  	-0.1103  	0.55739  	0.99230  	0.25968  	-0.2679  	-0.3250  	0.07611  	0.94040  	-0.3330  	0.08106  	0.14772  	0.57184  	-0.7241  	-0.3193  	-0.1072  	0.08623  	0.02896  	-0.4980  	0.08167  	0.03939  	0.30833  	0.13445  	0.18037  	-0.1414  	-0.0280  	0.22206  	-0.0245  	0.08423  	0.25452  	0.02491  	0.03850  	-0.0794  	0.19249  	0.08144  	-0.0204  	0.02040  	0.01510  	-0.0449  	0.00897  	0.00442  	0.02785  	-0.0068  	0.04738  	0.01506  	-0.0100  	-0.0076  	0.00294  	0.04920  	0.00848  	0.21899  	0.17035  	-0.1203  	0.00453  	0.00751  	1.29566  	1.27433  	123.652  	115.631  	
-0.7316  	0.14139  	0.28005  	-0.4886  	-0.6621  	-0.0632  	1.10457  	0.24156  	0.38472  	1.36013  	1.00800  	0.87731  	-0.1552  	-0.7099  	0.15981  	-0.1282  	0.55433  	0.94861  	0.24488  	-0.2723  	-0.2132  	0.08342  	0.98122  	-0.3685  	-0.0075  	0.15840  	0.52078  	-0.7982  	-0.3696  	-0.1395  	0.11387  	0.02187  	-0.4438  	0.07897  	0.05478  	0.21642  	0.15317  	0.18983  	-0.1432  	-0.0402  	0.21930  	-0.0285  	0.07465  	0.25554  	0.02769  	0.03190  	-0.0677  	0.18736  	0.07817  	-0.0193  	0.00785  	0.01572  	-0.0516  	0.01243  	0.00298  	0.01932  	-0.0174  	0.04267  	0.00770  	-0.0123  	-0.0036  	0.00853  	0.04904  	0.00889  	0.21899  	0.17035  	-0.1203  	0.00453  	0.00751  	1.29566  	1.27433  	123.652  	115.631  	
-0.5798  	0.27345  	0.43591  	-0.4777  	-0.6837  	-0.0366  	1.12704  	0.36509  	0.44495  	1.37816  	1.12359  	0.99268  	-0.1185  	-0.5496  	0.14799  	-0.0109  	0.53478  	0.95458  	0.23843  	-0.3060  	-0.0942  	0.08135  	1.01630  	-0.3615  	-0.1156  	0.15600  	0.52477  	-0.8977  	-0.4597  	-0.1882  	0.14603  	0.00076  	-0.3902  	0.08148  	0.09546  	0.14152  	0.19641  	0.20969  	-0.1524  	-0.0371  	0.23200  	-0.0340  	0.08010  	0.25436  	0.01510  	0.03245  	-0.0630  	0.20654  	0.07042  	-0.0045  	0.00160  	0.02303  	-0.0509  	0.01141  	-0.0045  	0.02718  	-0.0324  	0.04102  	0.00621  	-0.0152  	0.00957  	0.02492  	0.04632  	0.00388  	0.21899  	0.17035  	-0.1203  	0.00453  	0.00751  	1.29566  	1.27433  	123.652  	115.631  	
-0.5236  	0.29895  	0.46038  	-0.4731  	-0.6832  	-0.0374  	1.10633  	0.39656  	0.45831  	1.39394  	1.15713  	1.00055  	-0.1085  	-0.5064  	0.14068  	0.00526  	0.53466  	0.95458  	0.23084  	-0.3339  	-0.0810  	0.07150  	1.00802  	-0.3667  	-0.1294  	0.14830  	0.52528  	-0.9201  	-0.4805  	-0.1887  	0.14132  	0.01259  	-0.3778  	0.07620  	0.10075  	0.11848  	0.21027  	0.22393  	-0.1708  	-0.0478  	0.24029  	-0.0402  	0.09572  	0.24657  	0.00677  	0.03325  	-0.0650  	0.21347  	0.07476  	-0.0016  	0.00311  	0.01824  	-0.0505  	0.01131  	-0.0040  	0.03190  	-0.0291  	0.04112  	0.00585  	-0.0116  	0.00699  	0.02943  	0.04536  	0.00387  	0.21899  	0.17035  	-0.1203  	0.00453  	0.00751  	1.29566  	1.27433  	123.652  	115.631  	
-0.4439  	0.31477  	0.50631  	-0.4421  	-0.6948  	0.00932  	1.10818  	0.42879  	0.47267  	1.35542  	1.19028  	0.99998  	-0.1052  	-0.4448  	0.16131  	0.02699  	0.53682  	0.92072  	0.23415  	-0.3569  	-0.0130  	0.06449  	1.00913  	-0.3179  	-0.1457  	0.14038  	0.57919  	-1.0076  	-0.5664  	-0.1811  	0.12216  	0.04131  	-0.3858  	0.07478  	0.15855  	0.08896  	0.27110  	0.24579  	-0.2000  	-0.0864  	0.22290  	-0.0381  	0.09616  	0.23907  	0.00753  	0.03610  	-0.0718  	0.21096  	0.08478  	-0.0017  	-0.0028  	0.01933  	-0.0513  	0.01571  	-0.0036  	0.03438  	-0.0305  	0.03803  	0.00241  	-0.0120  	0.00480  	0.02162  	0.03977  	0.00156  	0.21899  	0.17035  	-0.1203  	0.00453  	0.00751  	1.29566  	1.27433  	123.652  	115.631  	
-0.3527  	0.32488  	0.54504  	-0.3765  	-0.7006  	0.08441  	1.12756  	0.49119  	0.51564  	1.29746  	1.18229  	1.04342  	-0.0963  	-0.3884  	0.29080  	0.05616  	0.54879  	0.87341  	0.24490  	-0.3948  	0.06423  	0.10545  	1.05723  	-0.2718  	-0.1316  	0.13524  	0.65031  	-1.0644  	-0.6347  	-0.1846  	0.12138  	0.04689  	-0.3841  	0.06289  	0.18860  	0.05963  	0.34658  	0.25563  	-0.2177  	-0.0985  	0.18289  	-0.0287  	0.08906  	0.24279  	0.01656  	0.03460  	-0.0726  	0.21594  	0.08814  	-0.0028  	-0.0070  	0.01892  	-0.0517  	0.01850  	-0.0055  	0.03949  	-0.0332  	0.03906  	0.00415  	-0.0036  	0.00535  	0.02531  	0.04010  	0.00402  	0.21899  	0.17035  	-0.1203  	0.00453  	0.00751  	1.29566  	1.27433  	123.652  	115.631  	
-0.3381  	0.31551  	0.54286  	-0.3671  	-0.6881  	0.10144  	1.12867  	0.49211  	0.51702  	1.29493  	1.17769  	1.04076  	-0.0919  	-0.3962  	0.30206  	0.06313  	0.56642  	0.86664  	0.24100  	-0.3970  	0.06073  	0.10342  	1.06471  	-0.2528  	-0.1264  	0.13310  	0.67254  	-1.0710  	-0.6475  	-0.1786  	0.11780  	0.04877  	-0.3875  	0.06407  	0.19925  	0.05618  	0.35068  	0.25952  	-0.2137  	-0.0994  	0.16423  	-0.0247  	0.08601  	0.24121  	0.01445  	0.03653  	-0.0755  	0.21546  	0.08847  	-0.0078  	-0.0042  	0.02141  	-0.0527  	0.01692  	-0.0050  	0.04011  	-0.0323  	0.03947  	0.00323  	-0.0043  	0.00532  	0.02375  	0.04229  	0.00664  	0.21899  	0.17035  	-0.1203  	0.00453  	0.00751  	1.29566  	1.27433  	123.652  	115.631  	
-0.3381  	0.31552  	0.54303  	-0.3671  	-0.6882  	0.10144  	1.12868  	0.49217  	0.51705  	1.29505  	1.17779  	1.04081  	-0.0920  	-0.3962  	0.30189  	0.06313  	0.56641  	0.86665  	0.24102  	-0.3970  	0.06070  	0.10337  	1.06472  	-0.2529  	-0.1265  	0.13312  	0.67248  	-1.0709  	-0.6474  	-0.1786  	0.11777  	0.04880  	-0.3875  	0.06408  	0.19914  	0.05625  	0.35065  	0.25953  	-0.2136  	-0.0994  	0.16425  	-0.0248  	0.08604  	0.24123  	0.01446  	0.03652  	-0.0755  	0.21548  	0.08847  	-0.0078  	-0.0042  	0.02141  	-0.0527  	0.01693  	-0.0049  	0.04011  	-0.0323  	0.03946  	0.00325  	-0.0043  	0.00532  	0.02374  	0.04229  	0.00664  	0.21899  	0.17035  	-0.1203  	0.00453  	0.00751  	1.29566  	1.27433  	123.652  	115.631  	
-0.3382  	0.31551  	0.54295  	-0.3672  	-0.6882  	0.10132  	1.12863  	0.49207  	0.51706  	1.29508  	1.17777  	1.04080  	-0.0920  	-0.3963  	0.30181  	0.06309  	0.56644  	0.86662  	0.24096  	-0.3970  	0.06058  	0.10328  	1.06463  	-0.2530  	-0.1266  	0.13311  	0.67239  	-1.0708  	-0.6474  	-0.1787  	0.11777  	0.04881  	-0.3875  	0.06406  	0.19918  	0.05622  	0.35061  	0.25952  	-0.2137  	-0.0994  	0.16436  	-0.0248  	0.08602  	0.24122  	0.01443  	0.03651  	-0.0755  	0.21546  	0.08847  	-0.0078  	-0.0042  	0.02142  	-0.0527  	0.01693  	-0.0049  	0.04011  	-0.0323  	0.03944  	0.00327  	-0.0043  	0.00533  	0.02374  	0.04228  	0.00663  	0.21899  	0.17035  	-0.1203  	0.00453  	0.00751  	1.29566  	1.27433  	123.652  	115.631  	
-0.3382  	0.31553  	0.54292  	-0.3672  	-0.6882  	0.10133  	1.12862  	0.49207  	0.51709  	1.29500  	1.17778  	1.04083  	-0.0920  	-0.3962  	0.30181  	0.06312  	0.56642  	0.86659  	0.24096  	-0.3970  	0.06071  	0.10339  	1.06468  	-0.2529  	-0.1266  	0.13312  	0.67242  	-1.0709  	-0.6475  	-0.1787  	0.11780  	0.04878  	-0.3875  	0.06407  	0.19922  	0.05616  	0.35067  	0.25951  	-0.2137  	-0.0994  	0.16437  	-0.0248  	0.08601  	0.24121  	0.01443  	0.03651  	-0.0755  	0.21545  	0.08848  	-0.0078  	-0.0042  	0.02141  	-0.0527  	0.01694  	-0.0050  	0.04012  	-0.0323  	0.03945  	0.00327  	-0.0043  	0.00533  	0.02375  	0.04228  	0.00663  	0.21899  	0.17035  	-0.1203  	0.00453  	0.00751  	1.29566  	1.27433  	123.652  	115.631  	
-0.3381  	0.31551  	0.54291  	-0.3672  	-0.6882  	0.10139  	1.12866  	0.49210  	0.51707  	1.29499  	1.17775  	1.04082  	-0.0920  	-0.3962  	0.30191  	0.06312  	0.56642  	0.86662  	0.24098  	-0.3970  	0.06068  	0.10338  	1.06469  	-0.2529  	-0.1265  	0.13312  	0.67244  	-1.0709  	-0.6475  	-0.1786  	0.11779  	0.04878  	-0.3875  	0.06408  	0.19919  	0.05619  	0.35066  	0.25952  	-0.2136  	-0.0994  	0.16431  	-0.0248  	0.08603  	0.24121  	0.01444  	0.03652  	-0.0755  	0.21546  	0.08848  	-0.0078  	-0.0042  	0.02141  	-0.0527  	0.01693  	-0.0050  	0.04012  	-0.0323  	0.03946  	0.00325  	-0.0043  	0.00533  	0.02375  	0.04228  	0.00664  	0.21899  	0.17035  	-0.1203  	0.00453  	0.00751  	1.29566  	1.27433  	123.652  	115.631  	
-0.3381  	0.31551  	0.54291  	-0.3672  	-0.6882  	0.10139  	1.12866  	0.49210  	0.51707  	1.29499  	1.17775  	1.04082  	-0.0920  	-0.3962  	0.30191  	0.06312  	0.56642  	0.86662  	0.24098  	-0.3970  	0.06068  	0.10338  	1.06469  	-0.2529  	-0.1265  	0.13312  	0.67244  	-1.0709  	-0.6475  	-0.1786  	0.11779  	0.04878  	-0.3875  	0.06408  	0.19919  	0.05619  	0.35066  	0.25952  	-0.2136  	-0.0994  	0.16431  	-0.0248  	0.08603  	0.24121  	0.01444  	0.03652  	-0.0755  	0.21546  	0.08848  	-0.0078  	-0.0042  	0.02141  	-0.0527  	0.01693  	-0.0050  	0.04012  	-0.0323  	0.03946  	0.00325  	-0.0043  	0.00533  	0.02375  	0.04228  	0.00664  	0.21899  	0.17035  	-0.1203  	0.00453  	0.00751  	1.29566  	1.27433  	123.652  	115.631  	
-0.3381  	0.31551  	0.54291  	-0.3672  	-0.6882  	0.10139  	1.12866  	0.49210  	0.51707  	1.29499  	1.17775  	1.04082  	-0.0920  	-0.3962  	0.30191  	0.06312  	0.56642  	0.86662  	0.24098  	-0.3970  	0.06068  	0.10338  	1.06469  	-0.2529  	-0.1265  	0.13312  	0.67244  	-1.0709  	-0.6475  	-0.1786  	0.11779  	0.04878  	-0.3875  	0.06408  	0.19919  	0.05619  	0.35066  	0.25952  	-0.2136  	-0.0994  	0.16431  	-0.0248  	0.08603  	0.24121  	0.01444  	0.03652  	-0.0755  	0.21546  	0.08848  	-0.0078  	-0.0042  	0.02141  	-0.0527  	0.01693  	-0.0050  	0.04012  	-0.0323  	0.03946  	0.00325  	-0.0043  	0.00533  	0.02375  	0.04228  	0.00664  	0.21899  	0.17035  	-0.1203  	0.00453  	0.00751  	1.29566  	1.27433  	123.652  	115.631  	
-0.3381  	0.31551  	0.54291  	-0.3672  	-0.6882  	0.10139  	1.12866  	0.49210  	0.51707  	1.29499  	1.17775  	1.04082  	-0.0920  	-0.3962  	0.30191  	0.06312  	0.56642  	0.86662  	0.24098  	-0.3970  	0.06068  	0.10338  	1.06469  	-0.2529  	-0.1265  	0.13312  	0.67244  	-1.0709  	-0.6475  	-0.1786  	0.11779  	0.04878  	-0.3875  	0.06408  	0.19919  	0.05619  	0.35066  	0.25952  	-0.2136  	-0.0994  	0.16431  	-0.0248  	0.08603  	0.24121  	0.01444  	0.03652  	-0.0755  	0.21546  	0.08848  	-0.0078  	-0.0042  	0.02141  	-0.0527  	0.01693  	-0.0050  	0.04012  	-0.0323  	0.03946  	0.00325  	-0.0043  	0.00533  	0.02375  	0.04228  	0.00664  	0.21899  	0.17035  	-0.1203  	0.00453  	0.00751  	1.29566  	1.27433  	123.652  	115.631  	
-0.3381  	0.31551  	0.54291  	-0.3672  	-0.6882  	0.10139  	1.12866  	0.49210  	0.51707  	1.29499  	1.17775  	1.04082  	-0.0920  	-0.3962  	0.30191  	0.06312  	0.56642  	0.86662  	0.24098  	-0.3970  	0.06068  	0.10338  	1.06469  	-0.2529  	-0.1265  	0.13312  	0.67244  	-1.0709  	-0.6475  	-0.1786  	0.11779  	0.04878  	-0.3875  	0.06408  	0.19919  	0.05619  	0.35066  	0.25952  	-0.2136  	-0.0994  	0.16431  	-0.0248  	0.08603  	0.24121  	0.01444  	0.03652  	-0.0755  	0.21546  	0.08848  	-0.0078  	-0.0042  	0.02141  	-0.0527  	0.01693  	-0.0050  	0.04012  	-0.0323  	0.03946  	0.00325  	-0.0043  	0.00533  	0.02375  	0.04228  	0.00664  	0.21899  	0.17035  	-0.1203  	0.00453  	0.00751  	1.29566  	1.27433  	123.652  	115.631  	
-0.3381  	0.31551  	0.54291  	-0.3672  	-0.6882  	0.10139  	1.12866  	0.49210  	0.51707  	1.29499  	1.17775  	1.04082  	-0.0920  	-0.3962  	0.30191  	0.06312  	0.56642  	0.86662  	0.24098  	-0.3970  	0.06068  	0.10338  	1.06469  	-0.2529  	-0.1265  	0.13312  	0.67244  	-1.0709  	-0.6475  	-0.1786  	0.11779  	0.04878  	-0.3875  	0.06408  	0.19919  	0.05619  	0.35066  	0.25952  	-0.2136  	-0.0994  	0.16431  	-0.0248  	0.08603  	0.24121  	0.01444  	0.03652  	-0.0755  	0.21546  	0.08848  	-0.0078  	-0.0042  	0.02141  	-0.0527  	0.01693  	-0.0050  	0.04012  	-0.0323  	0.03946  	0.00325  	-0.0043  	0.00533  	0.02375  	0.04228  	0.00664  	0.21899  	0.17035  	-0.1203  	0.00453  	0.00751  	1.29566  	1.27433  	123.652  	115.631  	
-0.3381  	0.31551  	0.54291  	-0.3672  	-0.6882  	0.10139  	1.12866  	0.49210  	0.51707  	1.29499  	1.17775  	1.04082  	-0.0920  	-0.3962  	0.30191  	0.06312  	0.56642  	0.86662  	0.24098  	-0.3970  	0.06068  	0.10338  	1.06469  	-0.2529  	-0.1265  	0.13312  	0.67244  	-1.0709  	-0.6475  	-0.1786  	0.11779  	0.04878  	-0.3875  	0.06408  	0.19919  	0.05619  	0.35066  	0.25952  	-0.2136  	-0.0994  	0.16431  	-0.0248  	0.08603  	0.24121  	0.01444  	0.03652  	-0.0755  	0.21546  	0.08848  	-0.0078  	-0.0042  	0.02141  	-0.0527  	0.01693  	-0.0050  	0.04012  	-0.0323  	0.03946  	0.00325  	-0.0043  	0.00533  	0.02375  	0.04228  	0.00664  	0.21899  	0.17035  	-0.1203  	0.00453  	0.00751  	1.29566  	1.27433  	123.652  	115.631  	
-0.3353  	0.33138  	0.58363  	-0.3456  	-0.6801  	0.07351  	1.09403  	0.55241  	0.49615  	1.26848  	1.19403  	1.05856  	-0.0429  	-0.4485  	0.36241  	0.00218  	0.65999  	0.69886  	0.31371  	-0.6629  	0.13312  	-0.1259  	0.80982  	-0.2503  	-0.1956  	0.23501  	0.66914  	-1.1650  	-0.5666  	-0.1991  	0.23571  	-0.0005  	-0.4827  	-0.1011  	0.13386  	0.02761  	0.26271  	0.25762  	-0.3308  	-0.1841  	0.24010  	0.10762  	-0.0322  	0.32070  	-0.0450  	0.05706  	-0.0996  	0.23445  	0.07279  	-0.0198  	0.00200  	0.02631  	-0.0514  	0.03377  	0.00127  	0.03869  	-0.0349  	0.02805  	0.00388  	0.00445  	0.01004  	0.02052  	0.02592  	0.00717  	0.21899  	0.17035  	-0.1203  	0.00453  	0.00751  	1.29566  	1.27433  	123.652  	115.631  	
-0.3330  	0.34408  	0.61621  	-0.3284  	-0.6737  	0.05120  	1.06633  	0.60066  	0.47941  	1.24726  	1.20705  	1.07275  	-0.0037  	-0.4904  	0.41081  	-0.0465  	0.73484  	0.56465  	0.37189  	-0.8756  	0.19107  	-0.3093  	0.60593  	-0.2482  	-0.2509  	0.31652  	0.66650  	-1.2403  	-0.5018  	-0.2155  	0.33004  	-0.0399  	-0.5589  	-0.2332  	0.08159  	0.00475  	0.19236  	0.25611  	-0.4245  	-0.2518  	0.30074  	0.21356  	-0.1267  	0.38430  	-0.0925  	0.07349  	-0.1188  	0.24964  	0.06025  	-0.0294  	0.00699  	0.03023  	-0.0504  	0.04724  	0.00628  	0.03756  	-0.0369  	0.01892  	0.00439  	0.01150  	0.01381  	0.01794  	0.01283  	0.00759  	0.21899  	0.17035  	-0.1203  	0.00453  	0.00751  	1.29566  	1.27433  	123.652  	115.631  	
-0.3324  	0.34726  	0.62435  	-0.3241  	-0.6721  	0.04563  	1.05940  	0.61272  	0.47523  	1.24196  	1.21031  	1.07629  	0.00607  	-0.5009  	0.42290  	-0.0587  	0.75355  	0.53109  	0.38644  	-0.9288  	0.20555  	-0.3552  	0.55496  	-0.2477  	-0.2648  	0.33689  	0.66584  	-1.2591  	-0.4857  	-0.2196  	0.35362  	-0.0498  	-0.5780  	-0.2663  	0.06852  	-0.0009  	0.17477  	0.25573  	-0.4480  	-0.2687  	0.31590  	0.24005  	-0.1504  	0.40019  	-0.1044  	0.07760  	-0.1237  	0.25344  	0.05711  	-0.0319  	0.00823  	0.03121  	-0.0501  	0.05061  	0.00754  	0.03727  	-0.0374  	0.01663  	0.00452  	0.01326  	0.01475  	0.01730  	0.00956  	0.00770  	0.21899  	0.17035  	-0.1203  	0.00453  	0.00751  	1.29566  	1.27433  	123.652  	115.631  	
-0.3330  	0.34408  	0.61621  	-0.3284  	-0.6737  	0.05120  	1.06633  	0.60066  	0.47941  	1.24726  	1.20705  	1.07275  	-0.0037  	-0.4904  	0.41081  	-0.0465  	0.73484  	0.56465  	0.37189  	-0.8756  	0.19107  	-0.3093  	0.60593  	-0.2482  	-0.2509  	0.31652  	0.66650  	-1.2403  	-0.5018  	-0.2155  	0.33004  	-0.0399  	-0.5589  	-0.2332  	0.08159  	0.00475  	0.19236  	0.25611  	-0.4245  	-0.2518  	0.30074  	0.21356  	-0.1267  	0.38430  	-0.0925  	0.07349  	-0.1188  	0.24964  	0.06025  	-0.0294  	0.00699  	0.03023  	-0.0504  	0.04724  	0.00628  	0.03756  	-0.0369  	0.01892  	0.00439  	0.01150  	0.01381  	0.01794  	0.01283  	0.00759  	0.21899  	0.17035  	-0.1203  	0.00453  	0.00751  	1.29566  	1.27433  	123.652  	115.631  	
-0.3353  	0.33138  	0.58363  	-0.3456  	-0.6801  	0.07351  	1.09403  	0.55241  	0.49615  	1.26848  	1.19403  	1.05856  	-0.0429  	-0.4485  	0.36241  	0.00218  	0.65999  	0.69886  	0.31371  	-0.6629  	0.13312  	-0.1259  	0.80982  	-0.2503  	-0.1956  	0.23501  	0.66914  	-1.1650  	-0.5666  	-0.1991  	0.23571  	-0.0005  	-0.4827  	-0.1011  	0.13386  	0.02761  	0.26271  	0.25762  	-0.3308  	-0.1841  	0.24010  	0.10762  	-0.0322  	0.32070  	-0.0450  	0.05706  	-0.0996  	0.23445  	0.07279  	-0.0198  	0.00200  	0.02631  	-0.0514  	0.03377  	0.00127  	0.03869  	-0.0349  	0.02805  	0.00388  	0.00445  	0.01004  	0.02052  	0.02592  	0.00717  	0.21899  	0.17035  	-0.1203  	0.00453  	0.00751  	1.29566  	1.27433  	123.652  	115.631  	
-0.6890  	0.23174  	0.32048  	-0.5194  	-0.6842  	-0.1603  	1.07745  	0.33880  	0.47761  	1.49296  	1.23173  	1.10896  	-0.0391  	-0.4775  	-0.0250  	0.06721  	0.55455  	0.96332  	0.20857  	-0.2112  	-0.2266  	0.03543  	0.92374  	-0.3577  	-0.2728  	0.23074  	0.36400  	-0.7389  	-0.4727  	-0.2107  	0.18727  	0.00306  	-0.3474  	0.08405  	-0.0006  	0.12397  	0.12209  	0.16112  	-0.1017  	-0.0475  	0.26646  	-0.0377  	0.08832  	0.22625  	0.01372  	0.03315  	-0.0817  	0.21496  	0.09170  	-0.0037  	-0.0106  	0.01681  	-0.0533  	0.00920  	0.00171  	0.03442  	-0.0287  	0.03053  	0.01395  	-0.0144  	0.01926  	0.03764  	0.03427  	0.01528  	0.21899  	0.17035  	-0.1203  	0.00453  	0.00751  	1.29566  	1.27433  	123.652  	115.631  	
-1.2935  	0.01343  	-0.0563  	-0.9231  	-0.6993  	-0.5050  	1.12049  	0.17171  	0.35747  	1.55025  	1.37058  	0.98518  	-0.1898  	-0.7911  	-0.3942  	-0.1186  	0.50103  	1.04268  	0.24816  	-0.1697  	-0.3952  	0.01183  	0.86596  	-0.4407  	-0.1834  	0.22756  	0.26198  	-0.5731  	-0.2883  	-0.2179  	0.19361  	-0.0496  	-0.4113  	0.06912  	-0.0851  	0.30390  	-0.0112  	0.10474  	-0.0870  	-0.0701  	0.27796  	-0.0298  	0.05004  	0.22637  	0.02280  	0.03190  	-0.0745  	0.22705  	0.07977  	-0.0076  	0.00296  	0.01215  	-0.0612  	-0.0052  	0.00086  	0.01661  	-0.0121  	0.04626  	0.00081  	-0.0102  	0.00808  	0.01870  	0.04764  	0.01240  	0.21899  	0.17035  	-0.1203  	0.00453  	0.00751  	1.29566  	1.27433  	123.652  	115.631  	
-1.1188  	0.06593  	0.06489  	-0.8939  	-0.7569  	-0.4877  	1.10896  	0.14264  	0.36049  	1.50740  	1.26284  	0.91372  	-0.1491  	-0.7557  	-0.1210  	-0.2255  	0.56423  	1.00591  	0.23574  	-0.2411  	-0.3359  	0.04481  	0.94008  	-0.3781  	-0.0863  	0.21247  	0.44482  	-0.7287  	-0.3182  	-0.1809  	0.20911  	-0.0589  	-0.3998  	0.08088  	-0.0300  	0.24704  	0.02304  	0.12275  	-0.1006  	-0.0450  	0.27889  	-0.0103  	0.08671  	0.23210  	0.03378  	0.01937  	-0.0697  	0.21300  	0.06683  	-0.0169  	0.00174  	0.01917  	-0.0615  	0.01055  	-0.0029  	0.01401  	-0.0184  	0.03757  	0.00848  	-0.0103  	0.00534  	0.02638  	0.05141  	0.00866  	0.21899  	0.17035  	-0.1203  	0.00453  	0.00751  	1.29566  	1.27433  	123.652  	115.631  	
-0.7014  	0.14684  	0.34270  	-0.7214  	-0.7573  	-0.1286  	1.07856  	0.24433  	0.38072  	1.47387  	1.13351  	0.93817  	-0.1921  	-0.8920  	-0.2898  	0.04863  	0.56987  	1.01509  	0.29192  	-0.2432  	-0.3106  	0.00801  	0.98665  	-0.3850  	-0.0799  	0.17680  	0.45534  	-0.7034  	-0.3523  	-0.1961  	0.11681  	-0.0007  	-0.4373  	0.05597  	-0.0422  	0.23998  	0.09749  	0.17935  	-0.0992  	-0.0008  	0.28193  	-0.0334  	0.11881  	0.26260  	0.02412  	0.04061  	-0.0772  	0.22313  	0.08599  	-0.0087  	0.02036  	0.01689  	-0.0609  	0.00483  	0.00489  	0.01640  	-0.0089  	0.03853  	0.01376  	-0.0229  	0.00039  	0.00410  	0.05422  	0.01967  	0.21899  	0.17035  	-0.1203  	0.00453  	0.00751  	1.29566  	1.27433  	123.652  	115.631  	
-0.7725  	0.11645  	0.39646  	-0.6524  	-0.7405  	-0.1934  	1.05134  	0.22477  	0.35408  	1.56933  	1.16958  	1.02686  	-0.2209  	-0.8872  	-0.2508  	0.10793  	0.51745  	1.03641  	0.29468  	-0.2130  	-0.3593  	0.01895  	0.88625  	-0.4298  	-0.0102  	0.15284  	0.46212  	-0.7213  	-0.3168  	-0.1575  	0.11775  	0.02646  	-0.4422  	0.05934  	-0.0063  	0.29626  	0.08017  	0.18008  	-0.1171  	-0.0070  	0.26580  	-0.0219  	0.11163  	0.25758  	0.01033  	0.03044  	-0.0693  	0.21745  	0.08801  	-0.0158  	0.02350  	0.01212  	-0.0554  	0.01134  	0.00533  	0.02282  	-0.0099  	0.03497  	0.00623  	-0.0099  	-0.0024  	0.00526  	0.04700  	0.00789  	0.21899  	0.17035  	-0.1203  	0.00453  	0.00751  	1.29566  	1.27433  	123.652  	115.631  	
-0.9617  	0.08781  	0.20207  	-0.6488  	-0.7439  	-0.2396  	1.07191  	0.14938  	0.33737  	1.52329  	1.14607  	0.96958  	-0.2400  	-0.8855  	-0.2285  	0.01393  	0.55673  	0.99250  	0.28374  	-0.2475  	-0.3552  	0.04314  	0.89374  	-0.3744  	0.04456  	0.14869  	0.52150  	-0.7176  	-0.2761  	-0.1329  	0.12464  	0.01238  	-0.4842  	0.05549  	-0.0211  	0.34703  	0.07590  	0.16152  	-0.1311  	0.00482  	0.25306  	-0.0246  	0.08678  	0.25717  	0.02258  	0.03501  	-0.0701  	0.19158  	0.07519  	-0.0065  	0.01465  	0.01905  	-0.0523  	0.00811  	0.00409  	0.01752  	-0.0138  	0.04358  	0.00831  	-0.0060  	-0.0046  	-0.0004  	0.04411  	0.00932  	0.21899  	0.17035  	-0.1203  	0.00453  	0.00751  	1.29566  	1.27433  	123.652  	115.631  	
-0.9911  	0.11290  	0.18480  	-0.8017  	-0.8487  	-0.2499  	1.07441  	0.11308  	0.33667  	1.47146  	1.16133  	0.91513  	-0.2767  	-0.9419  	-0.1643  	-0.1241  	0.60096  	1.01036  	0.25393  	-0.3098  	-0.2985  	0.01797  	1.04128  	-0.3937  	-0.0487  	0.19341  	0.50505  	-0.7580  	-0.3405  	-0.1864  	0.13770  	0.00537  	-0.4833  	0.06329  	-0.0287  	0.26621  	0.13933  	0.17880  	-0.1505  	-0.0380  	0.27696  	-0.0269  	0.08769  	0.26463  	0.03369  	0.03349  	-0.0695  	0.17781  	0.06697  	-0.0002  	0.01531  	0.01619  	-0.0524  	0.01528  	0.00264  	0.02538  	-0.0185  	0.04460  	0.02076  	-0.0062  	-0.0073  	0.01979  	0.05043  	0.00473  	0.21899  	0.17035  	-0.1203  	0.00453  	0.00751  	1.29566  	1.27433  	123.652  	115.631  	
-0.8487  	0.10047  	0.22311  	-0.6218  	-0.7082  	-0.1553  	1.04452  	0.17662  	0.34749  	1.45016  	1.11237  	0.97957  	-0.2169  	-0.8362  	-0.0627  	-0.0281  	0.54619  	0.96799  	0.26068  	-0.3166  	-0.3098  	0.05493  	0.97816  	-0.3841  	-0.0415  	0.17119  	0.52499  	-0.7891  	-0.3999  	-0.1530  	0.12385  	0.02536  	-0.4545  	0.06079  	0.01955  	0.26273  	0.15299  	0.17322  	-0.1502  	-0.0186  	0.23497  	-0.0075  	0.08418  	0.25143  	0.02096  	0.02857  	-0.0667  	0.19644  	0.07924  	-0.0173  	0.00950  	0.01840  	-0.0548  	0.01285  	0.00349  	0.02004  	-0.0149  	0.03918  	0.00975  	-0.0113  	-0.0060  	0.00680  	0.04852  	0.01279  	0.21899  	0.17035  	-0.1203  	0.00453  	0.00751  	1.29566  	1.27433  	123.652  	115.631  	
-0.7184  	0.17228  	0.35609  	-0.6132  	-0.7069  	-0.2193  	1.10890  	0.17895  	0.38240  	1.57414  	1.16361  	1.01081  	-0.2212  	-0.7830  	-0.1995  	0.04696  	0.48893  	1.06271  	0.23905  	-0.1620  	-0.3694  	0.06526  	0.84377  	-0.4263  	-0.0252  	0.16459  	0.40389  	-0.6678  	-0.2846  	-0.1693  	0.11389  	-0.0015  	-0.4371  	0.07218  	-0.0214  	0.29389  	0.06422  	0.15343  	-0.1275  	0.00637  	0.25869  	-0.0292  	0.10165  	0.26099  	0.02340  	0.02824  	-0.0773  	0.21799  	0.09468  	-0.0255  	0.02560  	0.01166  	-0.0502  	0.00289  	0.00245  	0.02077  	-0.0100  	0.03937  	0.00481  	-0.0091  	-0.0055  	0.00696  	0.05034  	0.01049  	0.21899  	0.17035  	-0.1203  	0.00453  	0.00751  	1.29566  	1.27433  	123.652  	115.631  	
-1.0098  	0.05646  	0.10139  	-0.6009  	-0.6555  	-0.3541  	1.12003  	0.19025  	0.32934  	1.47238  	1.23891  	0.93087  	-0.2155  	-0.8268  	-0.1854  	-0.0054  	0.50665  	1.01303  	0.29312  	-0.1983  	-0.3167  	0.06413  	0.82598  	-0.3036  	0.09766  	0.12673  	0.58603  	-0.7379  	-0.3652  	-0.1295  	0.09965  	0.01437  	-0.4797  	0.04943  	0.04717  	0.34535  	0.13182  	0.15135  	-0.1273  	-0.0142  	0.20501  	-0.0246  	0.03411  	0.23290  	0.03922  	0.02859  	-0.0684  	0.20054  	0.08240  	0.00012  	0.02467  	0.02622  	-0.0528  	0.00580  	-0.0035  	0.02292  	-0.0145  	0.04657  	0.01704  	-0.0041  	-0.0031  	0.00388  	0.04725  	0.00239  	0.21899  	0.17035  	-0.1203  	0.00453  	0.00751  	1.29566  	1.27433  	123.652  	115.631  	
-0.8910  	0.14315  	0.09677  	-0.3133  	-0.4394  	-0.2852  	1.09256  	0.28415  	0.35277  	1.42236  	1.10907  	1.08326  	-0.1304  	-0.5175  	0.22357  	-0.1632  	0.48210  	0.91832  	0.19429  	-0.1683  	-0.2124  	0.03603  	0.79452  	-0.2822  	0.00764  	0.14226  	0.55907  	-0.7157  	-0.3907  	-0.1046  	0.12213  	-0.0144  	-0.3928  	0.10387  	0.15422  	0.20056  	0.11741  	0.12447  	-0.1279  	0.00256  	0.12875  	0.02330  	-0.0010  	0.21952  	0.03114  	0.04290  	-0.0616  	0.19671  	0.07635  	-0.0194  	0.02201  	0.01367  	-0.0577  	-0.0016  	-0.0161  	0.03473  	-0.0070  	0.04210  	0.01684  	-0.0032  	0.00555  	0.01374  	0.03852  	0.00245  	0.21899  	0.17035  	-0.1203  	0.00453  	0.00751  	1.29566  	1.27433  	123.652  	115.631  	
-0.6207  	0.23539  	0.24778  	-0.1607  	-0.3956  	-0.0216  	1.10938  	0.36818  	0.42121  	1.31153  	0.78531  	1.10484  	-0.0196  	-0.3556  	0.37321  	-0.0711  	0.50773  	0.95677  	0.20958  	-0.1990  	-0.3285  	0.11059  	0.81075  	-0.3503  	0.02719  	0.13088  	0.56634  	-0.6427  	-0.2749  	-0.0527  	0.11240  	-0.0278  	-0.4328  	0.08044  	0.09281  	0.18746  	0.02006  	0.12141  	-0.0993  	0.01035  	0.14115  	-0.0250  	0.07411  	0.24908  	0.03008  	0.02061  	-0.0730  	0.21252  	0.10276  	-0.0177  	0.01624  	0.01149  	-0.0654  	0.00972  	-0.0066  	0.01953  	-0.0102  	0.04267  	0.01603  	-0.0127  	-0.0112  	0.01423  	0.04649  	0.00534  	0.21899  	0.17035  	-0.1203  	0.00453  	0.00751  	1.29566  	1.27433  	123.652  	115.631  	
-0.5054  	0.24026  	0.31674  	-0.0792  	-0.4309  	0.08531  	1.11599  	0.32345  	0.43469  	1.34340  	0.79189  	1.06870  	-0.0073  	-0.4511  	0.27700  	0.00106  	0.51342  	0.99526  	0.22879  	-0.2207  	-0.3765  	0.12307  	0.78302  	-0.4053  	0.06744  	0.13108  	0.49983  	-0.6269  	-0.1919  	-0.0606  	0.09508  	-0.0025  	-0.4146  	0.09051  	0.04034  	0.19158  	0.00829  	0.15246  	-0.0497  	0.04923  	0.20089  	-0.0247  	0.10169  	0.24950  	0.02455  	0.03169  	-0.0722  	0.22386  	0.09865  	-0.0062  	0.01873  	0.01396  	-0.0657  	0.00524  	-0.0010  	0.02212  	-0.0218  	0.03900  	0.01387  	-0.0120  	-0.0154  	0.01544  	0.04102  	0.00768  	0.21899  	0.17035  	-0.1203  	0.00453  	0.00751  	1.29566  	1.27433  	123.652  	115.631  	
-0.5406  	0.24194  	0.27007  	-0.2028  	-0.4352  	-0.0190  	1.15257  	0.28912  	0.41818  	1.42540  	0.84919  	1.06109  	-0.0476  	-0.5163  	0.18841  	0.00276  	0.50734  	0.98321  	0.24872  	-0.2532  	-0.3675  	0.09369  	0.80585  	-0.4119  	0.04510  	0.14160  	0.53981  	-0.6570  	-0.2262  	-0.0707  	0.07097  	0.00757  	-0.4239  	0.08223  	0.05604  	0.20944  	0.04796  	0.15403  	-0.0595  	0.04459  	0.19209  	-0.0130  	0.09487  	0.24962  	0.02723  	0.04193  	-0.0801  	0.22105  	0.08899  	-0.0171  	0.01195  	0.01073  	-0.0628  	0.00860  	-0.0017  	0.02758  	-0.0157  	0.04205  	0.01955  	-0.0141  	-0.0088  	0.01505  	0.04204  	0.00291  	0.21899  	0.17035  	-0.1203  	0.00453  	0.00751  	1.29566  	1.27433  	123.652  	115.631  	
-0.6654  	0.14629  	0.23807  	-0.1621  	-0.4176  	-0.0260  	1.13559  	0.27712  	0.38322  	1.34587  	0.88008  	1.09493  	-0.1268  	-0.4872  	0.24491  	-0.0069  	0.54249  	0.91303  	0.27258  	-0.2953  	-0.3087  	0.13712  	0.84653  	-0.2697  	0.02561  	0.13264  	0.64994  	-0.8016  	-0.3543  	-0.0645  	0.09020  	-0.0096  	-0.4504  	0.07014  	0.13866  	0.22394  	0.11455  	0.15573  	-0.1571  	0.01038  	0.11361  	1.61565  	0.04007  	0.26362  	0.03527  	0.03221  	-0.0771  	0.20077  	0.09504  	-0.0210  	0.01180  	0.01433  	-0.0567  	0.00908  	-0.0095  	0.02677  	-0.0104  	0.04273  	0.01531  	-0.0072  	-0.0093  	0.02431  	0.03647  	0.00308  	0.21899  	0.17035  	-0.1203  	0.00453  	0.00751  	1.29566  	1.27433  	123.652  	115.631  	
-0.3798  	0.23155  	0.34523  	-0.2434  	-0.4834  	-0.0182  	1.17164  	0.34854  	0.38435  	1.41908  	0.80901  	1.01930  	0.02645  	-0.3627  	0.48804  	-0.1951  	0.54683  	0.84617  	0.23046  	-0.3908  	-0.2390  	0.19456  	0.97908  	-0.2790  	-0.0541  	0.15566  	0.67060  	-0.9722  	-0.4181  	-0.1240  	0.11738  	-0.0397  	-0.4045  	0.05654  	0.13348  	0.14318  	0.15318  	0.15336  	-0.1274  	0.01795  	0.15046  	-0.0052  	0.08984  	0.27558  	0.03612  	0.02226  	-0.0767  	0.21784  	0.09852  	-0.0109  	0.00105  	0.01899  	-0.0579  	0.00788  	-0.0024  	0.03714  	-0.0343  	0.03342  	0.00815  	-0.0008  	0.00507  	0.01993  	0.02699  	0.00609  	0.21899  	0.17035  	-0.1203  	0.00453  	0.00751  	1.29566  	1.27433  	123.652  	115.631  	
-0.2656  	0.25543  	0.54992  	-0.2019  	-0.4714  	0.07398  	1.18795  	0.42653  	0.41207  	1.46230  	0.68326  	0.81265  	0.11597  	-0.0875  	0.48561  	-0.2076  	0.52453  	0.83765  	0.23884  	-0.5287  	-0.2514  	0.23820  	1.02876  	-0.2998  	0.11117  	0.12621  	0.79584  	-1.0527  	-0.3697  	-0.0211  	0.18393  	0.00129  	-0.4433  	0.07180  	0.15048  	0.15073  	0.11764  	0.15693  	-0.1249  	-0.0131  	0.13985  	-0.0139  	0.09312  	0.26339  	0.01016  	0.03377  	-0.0817  	0.25976  	0.11116  	0.01088  	0.00859  	0.02097  	-0.0576  	0.00859  	-0.0018  	0.03191  	-0.0360  	0.04087  	0.00366  	-0.0011  	-0.0072  	0.02335  	0.04098  	-0.0032  	0.21899  	0.17035  	-0.1203  	0.00453  	0.00751  	1.29566  	1.27433  	123.652  	115.631  	
-0.7615  	0.21918  	0.18832  	-0.5541  	-0.5943  	-0.2049  	1.13996  	0.30554  	0.37273  	1.39622  	0.92607  	0.88178  	-0.0659  	-0.4482  	0.29686  	-0.2351  	0.56709  	0.90651  	0.22090  	-0.4415  	-0.1679  	0.08755  	0.96681  	-0.2321  	-0.0292  	0.13236  	0.76156  	-0.9943  	-0.4046  	-0.1340  	0.15859  	-0.0060  	-0.4629  	0.04361  	0.17692  	0.15614  	0.17686  	0.12234  	-0.1766  	0.05652  	0.12658  	0.01919  	0.06384  	0.22098  	0.02131  	0.02904  	-0.0699  	0.21525  	0.08097  	-0.0144  	0.03199  	0.02012  	-0.0821  	-0.0013  	-0.0033  	0.04028  	-0.0324  	0.03309  	0.01958  	-0.0092  	-0.0043  	0.02321  	0.03483  	5.36441  	0.21899  	0.17035  	-0.1203  	0.00453  	0.00751  	1.29566  	1.27433  	123.652  	115.631  	
-0.8901  	0.08080  	0.21306  	-0.7495  	-0.7377  	-0.1792  	1.11750  	0.12367  	0.36929  	1.44944  	1.24215  	0.91982  	-0.2552  	-0.8918  	-0.1888  	-0.0729  	0.55715  	1.00483  	0.26172  	-0.2810  	-0.2360  	0.04937  	1.00906  	-0.3388  	-0.0419  	0.17789  	0.54738  	-0.7562  	-0.3976  	-0.1579  	0.12845  	-0.0073  	-0.4375  	0.06423  	0.01745  	0.30074  	0.16072  	0.14530  	-0.1725  	-0.0137  	0.23738  	-0.0151  	0.05917  	0.24902  	0.04693  	0.04082  	-0.0680  	0.17865  	0.07337  	-0.0037  	0.01642  	0.01712  	-0.0517  	0.01058  	-0.0027  	0.03281  	-0.0252  	0.04021  	0.01369  	0.00047  	-0.0102  	0.01705  	0.03961  	0.01072  	0.21899  	0.17035  	-0.1203  	0.00453  	0.00751  	1.29566  	1.27433  	123.652  	115.631  	
-0.7059  	0.13413  	0.31106  	-0.4942  	-0.6103  	-0.1699  	1.10742  	0.18918  	0.36943  	1.55822  	1.07138  	1.03212  	-0.1804  	-0.8576  	-0.2229  	0.09277  	0.53336  	1.05470  	0.26051  	-0.2133  	-0.4263  	0.02816  	0.87173  	-0.3922  	-0.0024  	0.16107  	0.48941  	-0.6629  	-0.2914  	-0.1256  	0.09662  	0.01136  	-0.4552  	0.06287  	-0.0328  	0.31692  	0.05337  	0.15607  	-0.1020  	0.04164  	0.24157  	-0.0206  	0.09158  	0.27265  	0.02668  	0.03407  	-0.0648  	0.21925  	0.09362  	-0.0178  	0.02064  	0.01511  	-0.0526  	0.00349  	0.00461  	0.01746  	-0.0188  	0.03554  	0.00561  	-0.0031  	-0.0069  	0.00374  	0.04922  	0.00875  	0.21899  	0.17035  	-0.1203  	0.00453  	0.00751  	1.29566  	1.27433  	123.652  	115.631  	
-0.8221  	0.12257  	0.26831  	-0.5727  	-0.6611  	-0.1928  	1.11175  	0.19226  	0.36750  	1.55430  	1.09970  	0.98473  	-0.1972  	-0.8766  	-0.2272  	0.05675  	0.52956  	1.08763  	0.26014  	-0.1928  	-0.4167  	0.03198  	0.82966  	-0.4299  	0.04650  	0.14130  	0.48228  	-0.6032  	-0.2365  	-0.1284  	0.10683  	0.02254  	-0.4674  	0.06040  	-0.0453  	0.34139  	0.03505  	0.13727  	-0.0846  	0.01730  	0.23885  	-0.0366  	0.09633  	0.26500  	0.02991  	0.03091  	-0.0760  	0.21305  	0.09230  	-0.0152  	0.02658  	0.01010  	-0.0528  	0.00471  	0.00897  	0.02904  	-0.0108  	0.04369  	0.01336  	-0.0011  	-0.0008  	0.00391  	0.04761  	0.00946  	0.21899  	0.17035  	-0.1203  	0.00453  	0.00751  	1.29566  	1.27433  	123.652  	115.631  	
-0.9087  	0.11562  	0.21247  	-0.5285  	-0.6509  	-0.1769  	1.10734  	0.14889  	0.32261  	1.45395  	0.99934  	0.97606  	-0.2133  	-0.8452  	-0.1451  	-0.0264  	0.55836  	1.03828  	0.25918  	-0.1940  	-0.4566  	0.03546  	0.83816  	-0.3662  	0.09334  	0.15540  	0.53877  	-0.6171  	-0.2469  	-0.1099  	0.10026  	0.01775  	-0.4814  	0.07575  	-0.0330  	0.35654  	0.03540  	0.15201  	-0.0843  	0.00199  	0.24091  	-0.0296  	0.08504  	0.25985  	0.02326  	0.03165  	-0.0782  	0.20206  	0.08461  	-0.0127  	0.02738  	0.02092  	-0.0520  	0.00823  	0.00418  	0.02435  	-0.0082  	0.04140  	0.01377  	-0.0089  	-0.0076  	0.00392  	0.04727  	0.00573  	0.21899  	0.17035  	-0.1203  	0.00453  	0.00751  	1.29566  	1.27433  	123.652  	115.631  	
-1.0103  	0.07327  	0.14676  	-0.7268  	-0.7578  	-0.2823  	1.12830  	0.16978  	0.33474  	1.49156  	1.14986  	0.93387  	-0.2026  	-0.8347  	-0.1565  	-0.1330  	0.54165  	1.03255  	0.24191  	-0.2038  	-0.3708  	0.04855  	0.94210  	-0.4257  	-0.0048  	0.16735  	0.47357  	-0.6656  	-0.2880  	-0.1635  	0.13057  	-0.0024  	-0.4720  	0.08205  	-0.0366  	0.30822  	0.06823  	0.15644  	-0.0996  	-0.0251  	0.25556  	-0.0228  	0.06564  	0.25292  	0.02984  	0.02906  	-0.0673  	0.19651  	0.07729  	-0.0196  	0.02636  	0.02104  	-0.0587  	0.00545  	-0.0023  	0.02033  	-0.0120  	0.04719  	0.01223  	-0.0150  	-0.0003  	0.01393  	0.04354  	0.00551  	0.21899  	0.17035  	-0.1203  	0.00453  	0.00751  	1.29566  	1.27433  	123.652  	115.631  	
-1.0848  	0.06261  	0.13186  	-0.7992  	-0.7441  	-0.3753  	1.13506  	0.18808  	0.35854  	1.55452  	1.23520  	0.94589  	-0.2064  	-0.8512  	-0.2144  	-0.1391  	0.51144  	1.05279  	0.26040  	-0.2056  	-0.3517  	0.04727  	0.93041  	-0.4318  	-0.0759  	0.17699  	0.42217  	-0.6826  	-0.2964  	-0.1834  	0.14135  	-0.0208  	-0.4497  	0.08055  	-0.0556  	0.26234  	0.04441  	0.15012  	-0.1070  	-0.0206  	0.26720  	-0.0227  	0.07394  	0.25092  	0.02901  	0.03399  	-0.0711  	0.20733  	0.08217  	-0.0168  	0.00702  	0.01626  	-0.0549  	0.00716  	-0.0066  	0.02044  	-0.0196  	0.04054  	0.00738  	-0.0186  	0.00440  	0.01075  	0.04402  	0.00239  	0.21899  	0.17035  	-0.1203  	0.00453  	0.00751  	1.29566  	1.27433  	123.652  	115.631  	
-0.8680  	0.11539  	0.18589  	-0.4626  	-0.5560  	-0.2447  	1.11894  	0.19354  	0.36276  	1.45171  	1.17637  	1.00688  	-0.1644  	-0.8060  	-0.0544  	-0.0277  	0.53863  	1.00424  	0.25171  	-0.1974  	-0.3051  	0.01013  	0.84141  	-0.3383  	0.03686  	0.14484  	0.57112  	-0.6754  	-0.3076  	-0.0974  	0.09189  	0.01950  	-0.4372  	0.08200  	0.04090  	0.25948  	0.06190  	0.15401  	-0.1451  	0.00339  	0.15204  	0.01047  	0.01353  	0.22362  	0.03105  	0.02638  	-0.0745  	0.19543  	0.09392  	-0.0335  	0.02682  	0.01548  	-0.0588  	0.01205  	-0.0055  	0.02944  	-0.0133  	0.03617  	0.01728  	-0.0049  	-0.0051  	0.00567  	0.05116  	0.00787  	0.21899  	0.17035  	-0.1203  	0.00453  	0.00751  	1.29566  	1.27433  	123.652  	115.631  	
-0.6125  	0.17427  	0.16824  	-0.0381  	-0.2857  	-0.0817  	1.12009  	0.30519  	0.38920  	1.36410  	0.81678  	1.08526  	-0.0350  	-0.5011  	0.31711  	0.00436  	0.50333  	1.00342  	0.21253  	-0.1712  	-0.3628  	0.02561  	0.72713  	-0.3332  	0.08579  	0.15664  	0.51568  	-0.5616  	-0.2164  	-0.0566  	0.09746  	-0.0173  	-0.4246  	0.09414  	0.11634  	0.23457  	-0.0300  	0.09588  	-0.0930  	0.05178  	0.10838  	0.03185  	0.03123  	0.22770  	0.02387  	0.03078  	-0.0682  	0.20592  	0.08993  	-0.0038  	0.03320  	0.00929  	-0.0607  	0.00501  	0.00293  	0.03645  	-0.0040  	0.04266  	0.01818  	-0.0090  	-0.0080  	0.00821  	0.03311  	0.00453  	0.21899  	0.17035  	-0.1203  	0.00453  	0.00751  	1.29566  	1.27433  	123.652  	115.631  	
-0.4998  	0.27106  	0.22290  	0.18918  	-0.1607  	-0.0389  	1.16241  	0.33397  	0.40409  	1.30570  	0.65111  	1.06320  	0.04199  	-0.2381  	0.57760  	-0.1083  	0.50707  	0.92067  	0.22014  	-0.1879  	-0.4678  	0.13471  	0.66045  	-0.3751  	0.18390  	0.12207  	0.58405  	-0.5023  	-0.1301  	0.02614  	0.05599  	-0.0214  	-0.4242  	0.12586  	0.16211  	0.24453  	-0.0444  	0.09159  	-0.0661  	0.05671  	0.09974  	0.01757  	0.02481  	0.21311  	0.03425  	0.02690  	-0.0854  	0.22049  	0.09969  	-0.0316  	0.02288  	0.01652  	-0.0603  	-0.0061  	-0.0128  	0.03425  	-0.0121  	0.04304  	0.01448  	-0.0101  	-0.0050  	0.01691  	0.04326  	0.00195  	0.21899  	0.17035  	-0.1203  	0.00453  	0.00751  	1.29566  	1.27433  	123.652  	115.631  	
-0.4480  	0.29579  	0.18004  	0.35093  	-0.1031  	0.02010  	1.19386  	0.34149  	0.42093  	1.26047  	0.57142  	1.01321  	0.07889  	-0.0824  	0.67991  	-0.1507  	0.50001  	0.92755  	0.18889  	-0.1871  	-0.5028  	0.14302  	0.60048  	-0.3810  	0.23587  	0.09701  	0.56973  	-0.4792  	-0.0141  	0.06214  	0.00897  	-0.0401  	-0.4353  	0.12434  	0.15972  	0.25167  	-0.1004  	0.08557  	-0.0338  	0.10949  	0.09213  	0.02784  	0.01144  	0.22422  	0.04306  	0.02385  	-0.0843  	0.21993  	0.09312  	-0.0347  	0.02498  	0.00667  	-0.0643  	-0.0016  	-0.0049  	0.04306  	-0.0016  	0.03615  	0.01408  	0.00055  	-0.0032  	0.01787  	0.03103  	0.00354  	0.21899  	0.17035  	-0.1203  	0.00453  	0.00751  	1.29566  	1.27433  	123.652  	115.631  	
-0.3904  	0.28966  	0.14097  	0.60765  	0.01284  	0.07597  	1.18046  	0.36677  	0.46681  	1.19498  	0.44161  	1.00718  	0.13149  	-0.0031  	0.83614  	-0.2262  	0.46969  	0.90988  	0.16305  	-0.1227  	-0.5703  	0.15802  	0.59933  	-0.3600  	0.23235  	0.11495  	0.47545  	-0.4162  	0.08260  	0.11459  	-0.0444  	-0.0487  	-0.4135  	0.13280  	0.16259  	0.23224  	-0.1644  	0.08941  	-0.0028  	0.14741  	0.05025  	0.02632  	0.01234  	0.26249  	0.04418  	0.02848  	-0.0812  	0.22002  	0.10345  	-0.0143  	0.03668  	0.00335  	-0.0587  	0.00746  	-0.0038  	0.03910  	-0.0088  	0.03093  	0.00791  	0.00661  	-0.0107  	0.02214  	0.01195  	0.00582  	0.21899  	0.17035  	-0.1203  	0.00453  	0.00751  	1.29566  	1.27433  	123.652  	115.631  	
-0.4530  	0.27708  	0.15597  	0.57057  	-0.0341  	0.04232  	1.1581  	0.34288  	0.44706  	1.24801  	0.49545  	1.05029  	0.12021  	-0.0477  	0.77805  	-0.1910  	0.46929  	0.94479  	0.16388  	-0.1462  	-0.5646  	0.18406  	0.60852  	-0.3649  	0.18893  	0.12740  	0.41057  	-0.4669  	0.04498  	0.07322  	-0.0053  	-0.0572  	-0.3987  	0.14307  	0.10730  	0.23094  	-0.1506  	0.08788  	0.00776  	0.12039  	0.09483  	0.01004  	0.03360  	0.25331  	0.03695  	0.03561  	-0.0764  	0.22582  	0.10331  	-0.0126  	0.03188  	0.00755  	-0.0604  	0.00759  	-0.0001  	0.03740  	-0.0201  	0.03623  	0.00889  	-0.0010  	-0.0053  	0.01853  	0.01479  	0.00582  	0.21899  	0.17035  	-0.1203  	0.00453  	0.00751  	1.29566  	1.27433  	123.652  	115.631  	
-0.5772  	0.22323  	0.16315  	0.04806  	-0.2534  	-0.0683  	1.12708  	0.29777  	0.42621  	1.35579  	0.63936  	1.12090  	0.10172  	-0.3213  	0.39128  	-0.0589  	0.47435  	1.00549  	0.20850  	-0.1883  	-0.4701  	0.17477  	0.73372  	-0.4198  	0.07221  	0.15844  	0.46875  	-0.5425  	-0.1101  	-0.0138  	0.04487  	-0.0669  	-0.4059  	0.15039  	0.04194  	0.22648  	-0.0801  	0.09454  	-0.0345  	0.04495  	0.14383  	0.00904  	0.07200  	0.23730  	0.02328  	0.03112  	-0.0709  	0.24683  	0.10633  	-0.0211  	0.00447  	0.00787  	-0.0567  	0.00738  	-0.0057  	0.03393  	-0.0169  	0.03858  	0.00964  	-0.0170  	-0.0088  	0.00843  	0.03035  	-0.0006  	0.21899  	0.17035  	-0.1203  	0.00453  	0.00751  	1.29566  	1.27433  	123.652  	115.631  	
-0.7038  	0.14777  	0.24482  	-0.4498  	-0.5278  	-0.1258  	1.17607  	0.24789  	0.41531  	1.40068  	0.88548  	1.01344  	-0.0852  	-0.6682  	0.12032  	-0.0222  	0.52834  	1.05733  	0.24578  	-0.2285  	-0.3126  	0.05117  	0.87198  	-0.3855  	-0.0241  	0.15360  	0.54801  	-0.6932  	-0.3162  	-0.1347  	0.10720  	0.00089  	-0.4065  	0.09997  	0.01103  	0.22128  	0.05115  	0.14635  	-0.1144  	0.00584  	0.18389  	-0.0133  	0.07773  	0.25260  	0.02819  	0.03679  	-0.0723  	0.21802  	0.08651  	-0.0172  	0.00997  	0.01721  	-0.0584  	0.00480  	0.00195  	0.03662  	-0.0079  	0.04195  	0.01860  	-0.0104  	-0.0031  	0.02011  	0.04677  	0.00107  	0.21899  	0.17035  	-0.1203  	0.00453  	0.00751  	1.29566  	1.27433  	123.652  	115.631  	
-0.8101  	0.10050  	0.31122  	-0.5605  	-0.6487  	-0.1441  	1.12045  	0.19852  	0.37960  	1.41048  	1.07290  	0.95181  	-0.1961  	-0.8376  	-0.0603  	-0.0160  	0.5081  	1.02094  	0.27386  	-0.2618  	-0.2987  	0.04969  	0.95055  	-0.3777  	-0.0375  	0.14723  	0.55251  	-0.7957  	-0.3352  	-0.1347  	0.11061  	-0.0007  	-0.4540  	0.07065  	0.01845  	0.27548  	0.09892  	0.17994  	-0.1278  	0.00641  	0.24003  	-0.0281  	0.08359  	0.26629  	0.01395  	0.03461  	-0.0825  	0.19232  	0.06373  	-0.0205  	0.01584  	0.01790  	-0.0494  	0.00330  	-0.0015  	0.02982  	-0.0111  	0.04632  	0.02172  	-0.0107  	-0.0022  	0.01293  	0.04375  	0.00363  	0.21899  	0.17035  	-0.1203  	0.00453  	0.00751  	1.29566  	1.27433  	123.652  	115.631  	
-0.9753  	0.10269  	0.17585  	-0.7054  	-0.7535  	-0.2301  	1.12606  	0.10884  	0.35514  	1.49939  	1.12596  	0.91372  	-0.2260  	-0.9104  	-0.1825  	-0.0621  	0.56405  	1.06322  	0.23974  	-0.2628  	-0.4265  	0.04210  	0.93431  	-0.4555  	-0.0195  	0.17761  	0.42028  	-0.6413  	-0.2198  	-0.1526  	0.13731  	-0.0038  	-0.4772  	0.09028  	-0.1188  	0.32529  	0.02453  	0.16025  	-0.0805  	-0.0093  	0.31632  	-0.0513  	0.11449  	0.26988  	0.02354  	0.03737  	-0.0728  	0.20583  	0.08028  	-0.0085  	0.01527  	0.02074  	-0.0504  	0.00950  	-0.0016  	0.02097  	-0.0223  	0.04581  	0.01685  	-0.0084  	-0.0007  	0.01795  	0.04281  	0.00725  	0.21899  	0.17035  	-0.1203  	0.00453  	0.00751  	1.29566  	1.27433  	123.652  	115.631  	
-1.0765  	0.08380  	0.13325  	-0.8065  	-0.7797  	-0.3100  	1.11731  	0.11705  	0.33546  	1.54234  	1.18229  	0.87200  	-0.2541  	-0.9605  	-0.2306  	-0.0990  	0.52608  	1.05848  	0.25490  	-0.2450  	-0.4242  	0.02641  	0.95571  	-0.4863  	-0.0398  	0.17576  	0.40641  	-0.6304  	-0.2101  	-0.1461  	0.15077  	-0.0134  	-0.4723  	0.08911  	-0.1185  	0.32034  	0.03438  	0.15207  	-0.0838  	-0.0248  	0.30949  	-0.0399  	0.09904  	0.27601  	0.02687  	0.03548  	-0.0721  	0.20315  	0.07848  	-0.0174  	0.01555  	0.02516  	-0.0564  	0.00700  	-0.0017  	0.01976  	-0.0156  	0.04317  	0.01319  	-0.0147  	0.00311  	0.01208  	0.04674  	0.01142  	0.21899  	0.17035  	-0.1203  	0.00453  	0.00751  	1.29566  	1.27433  	123.652  	115.631  	
-1.0052  	0.09693  	0.18667  	-0.7578  	-0.7594  	-0.2736  	1.09802  	0.20754  	0.35196  	1.51276  	1.14026  	0.92712  	-0.2230  	-0.8421  	-0.1419  	-0.0766  	0.53467  	1.01360  	0.25771  	-0.2808  	-0.3903  	0.07689  	1.01744  	-0.4156  	-0.0964  	0.19094  	0.42056  	-0.6885  	-0.2645  	-0.1752  	0.15854  	-0.0117  	-0.4454  	0.07834  	-0.0858  	0.24396  	0.05390  	0.16396  	-0.1073  	-0.0019  	0.31020  	-0.0322  	0.09403  	0.27060  	0.01796  	0.02741  	-0.0661  	0.20445  	0.08199  	-0.0157  	0.01369  	0.02133  	-0.0620  	0.00476  	-0.0020  	0.01614  	-0.0171  	0.03773  	0.00807  	-0.0128  	0.00440  	0.02069  	0.04057  	0.01249  	0.21899  	0.17035  	-0.1203  	0.00453  	0.00751  	1.29566  	1.27433  	123.652  	115.631  	
-0.9185  	0.15945  	0.25306  	-0.6828  	-0.7096  	-0.2189  	1.11581  	0.24403  	0.38725  	1.50994  	1.10467  	0.98386  	-0.1691  	-0.7637  	-0.1011  	-0.0730  	0.54649  	0.99400  	0.23374  	-0.2406  	-0.3488  	0.09176  	1.01966  	-0.4290  	-0.1296  	0.20042  	0.40523  	-0.7453  	-0.3167  	-0.1942  	0.17357  	-0.0327  	-0.4194  	0.08456  	-0.0754  	0.22757  	0.07619  	0.17224  	-0.1062  	-0.0161  	0.29454  	-0.0354  	0.09140  	0.26394  	0.01575  	0.03356  	-0.0681  	0.20391  	0.07325  	-0.0119  	-0.0020  	0.01428  	-0.0589  	0.00377  	-0.0048  	0.01306  	-0.0223  	0.04058  	0.00468  	-0.0173  	0.00391  	0.02330  	0.04970  	0.00992  	0.21899  	0.17035  	-0.1203  	0.00453  	0.00751  	1.29566  	1.27433  	123.652  	115.631  	
-0.9526  	0.15665  	0.26792  	-0.7284  	-0.7702  	-0.3022  	1.06033  	0.21457  	0.40018  	1.58937  	1.13061  	1.02677  	-0.1447  	-0.7558  	-0.2253  	-0.0333  	0.55732  	1.03951  	0.24664  	-0.1978  	-0.3949  	0.04805  	1.01209  	-0.4656  	-0.1903  	0.22636  	0.32609  	-0.6652  	-0.3162  	-0.2306  	0.20157  	-0.0296  	-0.3947  	0.08492  	-0.1038  	0.21875  	0.00974  	0.15349  	-0.0906  	-0.0271  	0.30281  	-0.0601  	0.12792  	0.25574  	0.01996  	0.03186  	-0.0644  	0.21890  	0.07666  	-0.0134  	0.00986  	0.01394  	-0.0559  	0.00428  	-0.0033  	0.01350  	-0.0238  	0.03631  	0.00838  	-0.0207  	0.00211  	0.02985  	0.04489  	0.01871  	0.21899  	0.17035  	-0.1203  	0.00453  	0.00751  	1.29566  	1.27433  	123.652  	115.631  	
-1.1947  	0.03796  	0.09408  	-0.8783  	-0.7725  	-0.5035  	1.08160  	0.11139  	0.35102  	1.62970  	1.18156  	1.02371  	-0.1654  	-0.8904  	-0.4063  	-0.0576  	0.53129  	1.09967  	0.23333  	-0.2498  	-0.5274  	-0.0097  	0.99355  	-0.5418  	-0.1995  	0.23942  	0.24927  	-0.5630  	-0.2722  	-0.2082  	0.22375  	-0.0353  	-0.4359  	0.08730  	-0.1303  	0.29786  	-0.0880  	0.12093  	-0.0653  	-0.0452  	0.32233  	-0.0528  	0.13162  	0.25345  	0.02849  	0.02309  	-0.0680  	0.21502  	0.08274  	-0.0019  	0.01028  	0.01155  	-0.0575  	0.00165  	0.00563  	0.01951  	-0.0186  	0.05064  	0.00339  	-0.0108  	0.00413  	0.02804  	0.05915  	0.01625  	0.21899  	0.17035  	-0.1203  	0.00453  	0.00751  	1.29566  	1.27433  	123.652  	115.631  	
-1.1948  	0.05124  	0.04714  	-0.9273  	-0.7824  	-0.5152  	1.11337  	0.11487  	0.32540  	1.66647  	1.27942  	0.96367  	-0.2030  	-0.8407  	-0.3438  	-0.1627  	0.49644  	1.05810  	0.23916  	-0.2236  	-0.4568  	0.05419  	0.93770  	-0.4677  	-0.0958  	0.20670  	0.33597  	-0.6288  	-0.2526  	-0.1978  	0.19039  	-0.0469  	-0.4282  	0.08344  	-0.1054  	0.30006  	-0.0389  	0.12711  	-0.0791  	-0.0210  	0.29545  	-0.0311  	0.11198  	0.25552  	0.03084  	0.02876  	-0.0720  	0.21413  	0.07761  	-0.0080  	0.00796  	0.01603  	-0.0650  	0.00361  	0.00362  	0.01285  	-0.0168  	0.04246  	0.00882  	-0.0076  	3.04132  	0.02118  	0.04908  	0.01023  	0.21899  	0.17035  	-0.1203  	0.00453  	0.00751  	1.29566  	1.27433  	123.652  	115.631  	
-1.2035  	0.08324  	0.15776  	-0.9590  	-0.8339  	-0.4931  	1.09898  	0.19034  	0.30348  	1.59871  	1.28849  	0.90130  	-0.1774  	-0.9566  	-0.2870  	-0.2115  	0.60554  	0.86165  	0.31533  	-0.4958  	-0.3603  	-0.1490  	0.72485  	-0.4472  	-0.1328  	0.31334  	0.42458  	-0.7831  	-0.1768  	-0.2121  	0.29911  	-0.0874  	-0.5234  	-0.0835  	-0.1990  	0.27053  	-0.0477  	0.14350  	-0.2024  	-0.1201  	0.39683  	0.09992  	-0.0224  	0.35204  	-0.0218  	0.05030  	-0.0936  	0.23716  	0.05610  	-0.0176  	0.00768  	0.02326  	-0.0539  	0.02073  	0.00323  	0.01161  	-0.0209  	0.03099  	0.01467  	0.00070  	0.01027  	0.01422  	0.03134  	0.01106  	0.21899  	0.17035  	-0.1203  	0.00453  	0.00751  	1.29566  	1.27433  	123.652  	115.631  	
-1.1130  	0.10738  	0.23678  	-0.8789  	-0.8309  	-0.4018  	1.05176  	0.24471  	0.31528  	1.50670  	1.21440  	0.91595  	-0.1526  	-1.0094  	-0.1573  	-0.2561  	0.71767  	0.71018  	0.39657  	-0.7558  	-0.2672  	-0.3301  	0.57484  	-0.4213  	-0.1750  	0.38534  	0.44812  	-0.8769  	-0.1142  	-0.2045  	0.37570  	-0.1213  	-0.6281  	-0.2215  	-0.2344  	0.23691  	-0.0935  	0.14554  	-0.3209  	-0.1695  	0.45237  	0.19990  	-0.1148  	0.42526  	-0.0713  	0.07035  	-0.1151  	0.24583  	0.05627  	-0.0362  	0.02114  	0.02936  	-0.0599  	0.03753  	0.00883  	0.01443  	-0.0221  	0.02130  	0.01527  	0.00517  	0.01196  	0.01103  	0.01703  	0.01361  	0.21899  	0.17035  	-0.1203  	0.00453  	0.00751  	1.29566  	1.27433  	123.652  	115.631  	
-1.0016  	0.12934  	0.26568  	-0.7383  	-0.7302  	-0.3073  	1.04037  	0.30510  	0.33084  	1.46055  	1.12031  	1.02560  	-0.1086  	-0.9694  	-0.0690  	-0.2184  	0.74800  	0.69829  	0.39566  	-0.7817  	-0.2845  	-0.3667  	0.48864  	-0.4517  	-0.1826  	0.40505  	0.39635  	-0.8475  	-0.0923  	-0.2168  	0.41589  	-0.1349  	-0.6384  	-0.2526  	-0.2856  	0.20342  	-0.1718  	0.13116  	-0.2998  	-0.1627  	0.46879  	0.21709  	-0.1307  	0.43002  	-0.1010  	0.07081  	-0.1160  	0.25791  	0.04351  	-0.0305  	0.02140  	0.02591  	-0.0514  	0.03351  	0.00883  	0.00884  	-0.0211  	0.02022  	0.00603  	0.00795  	0.00947  	0.01377  	0.01618  	0.01531  	0.21899  	0.17035  	-0.1203  	0.00453  	0.00751  	1.29566  	1.27433  	123.652  	115.631  	
-0.6026  	0.19098  	0.36252  	-0.0409  	-0.3464  	-0.0292  	1.07043  	0.42111  	0.34190  	1.30924  	0.92628  	1.12553  	0.04214  	-0.6484  	0.31904  	-0.1139  	0.63795  	0.69533  	0.35064  	-0.6358  	-0.2856  	-0.3001  	0.28603  	-0.3158  	-0.0909  	0.31265  	0.48267  	-0.7866  	-0.0734  	-0.1319  	0.28611  	-0.1138  	-0.5977  	-0.2029  	-0.0331  	0.21712  	-0.1945  	0.13707  	-0.2775  	-0.0907  	0.30774  	0.24502  	-0.1405  	0.37461  	-0.0809  	0.07563  	-0.1238  	0.26219  	0.06529  	-0.0408  	0.03971  	0.02501  	-0.0537  	0.02506  	0.00853  	0.02537  	-0.0071  	0.02610  	0.00974  	0.00724  	0.00029  	-0.0099  	0.01675  	0.00738  	0.21899  	0.17035  	-0.1203  	0.00453  	0.00751  	1.29566  	1.27433  	123.652  	115.631  	
-0.4659  	0.23598  	0.31676  	0.13361  	-0.2479  	-0.0095  	1.09362  	0.34049  	0.37334  	1.35621  	0.74064  	1.10863  	0.03280  	-0.4783  	0.41328  	-0.0525  	0.58922  	0.82563  	0.30856  	-0.4492  	-0.3684  	-0.1080  	0.47205  	-0.3497  	0.04479  	0.23515  	0.49251  	-0.6414  	-0.1220  	-0.0519  	0.21685  	-0.0546  	-0.5201  	-0.0610  	0.00890  	0.20927  	-0.1197  	0.11892  	-0.1634  	-0.0386  	0.22984  	0.13407  	-0.0345  	0.30702  	-0.0363  	0.05996  	-0.1076  	0.24961  	0.08041  	-0.0329  	0.03200  	0.01942  	-0.0544  	0.01728  	-0.0011  	0.02744  	-0.0097  	0.02828  	0.01655  	-0.0030  	-0.0140  	0.00633  	0.02118  	0.00410  	0.21899  	0.17035  	-0.1203  	0.00453  	0.00751  	1.29566  	1.27433  	123.652  	115.631  	
-0.4800  	0.23852  	0.25412  	0.15153  	-0.2737  	0.03731  	1.14693  	0.33008  	0.41413  	1.34835  	0.71281  	1.06419  	0.03515  	-0.2799  	0.53220  	-0.1089  	0.50070  	0.92880  	0.21354  	-0.2099  	-0.3857  	0.16547  	0.75503  	-0.3891  	0.10504  	0.11797  	0.55974  	-0.6169  	-0.1668  	0.01126  	0.06053  	-0.0263  	-0.4110  	0.10640  	0.11124  	0.21056  	-0.0093  	0.10515  	-0.0559  	0.03156  	0.11941  	-0.0001  	0.05025  	0.23290  	0.04352  	0.03634  	-0.0814  	0.21314  	0.10093  	-0.0311  	0.01575  	0.01530  	-0.0578  	0.00019  	-0.0090  	0.03121  	-0.0231  	0.04016  	0.01480  	-0.0102  	-0.0031  	0.01004  	0.04040  	-0.0026  	0.21899  	0.17035  	-0.1203  	0.00453  	0.00751  	1.29566  	1.27433  	123.652  	115.631  	
-0.4986  	0.25816  	0.27914  	0.05141  	-0.3725  	0.10956  	1.11437  	0.34766  	0.40949  	1.31989  	0.64376  	0.97850  	0.03666  	-0.3430  	0.56943  	-0.1077  	0.52740  	0.95631  	0.19366  	-0.2499  	-0.3264  	0.16751  	0.81350  	-0.3878  	0.11561  	0.11834  	0.56887  	-0.7062  	-0.1731  	-0.0054  	0.06842  	-0.0211  	-0.4360  	0.09357  	0.10498  	0.18707  	0.01763  	0.12051  	-0.0457  	0.03044  	0.13345  	-0.0067  	0.05838  	0.25051  	0.04265  	0.02941  	-0.0788  	0.21257  	0.10359  	-0.0189  	0.02776  	0.01621  	-0.0601  	0.00458  	0.00178  	0.03878  	-0.0177  	0.04072  	0.01157  	-0.0122  	-0.0061  	0.02257  	0.04073  	0.00507  	0.21899  	0.17035  	-0.1203  	0.00453  	0.00751  	1.29566  	1.27433  	123.652  	115.631  	
-0.4965  	0.21568  	0.36281  	-0.1136  	-0.4326  	0.06684  	1.14968  	0.32666  	0.41257  	1.36759  	0.77770  	0.98009  	-0.0860  	-0.5451  	0.30666  	0.00366  	0.51154  	0.98578  	0.19991  	-0.2484  	-0.3090  	0.10275  	0.86277  	-0.3776  	0.05499  	0.13063  	0.57137  	-0.7288  	-0.2709  	-0.0876  	0.07272  	0.02556  	-0.4262  	0.09128  	0.07153  	0.21752  	0.06551  	0.15509  	-0.0715  	0.03586  	0.13262  	-0.0116  	0.08274  	0.25838  	0.00934  	0.03085  	-0.0793  	0.22303  	0.10038  	-0.0195  	0.02160  	0.01284  	-0.0587  	0.01398  	0.00442  	0.03447  	-0.0127  	0.03438  	0.01981  	-0.0057  	-0.0047  	0.01195  	0.04341  	0.00560  	0.21899  	0.17035  	-0.1203  	0.00453  	0.00751  	1.29566  	1.27433  	123.652  	115.631  	
-0.5147  	0.18223  	0.38767  	-0.3136  	-0.4948  	-0.0750  	1.16792  	0.22116  	0.37136  	1.57016  	1.00607  	1.04218  	-0.1445  	-0.7447  	-0.0963  	0.11188  	0.46760  	1.06899  	0.24308  	-0.1604  	-0.4523  	0.06508  	0.75265  	-0.4046  	0.06947  	0.11465  	0.50685  	-0.6334  	-0.2276  	-0.1180  	0.06916  	0.01462  	-0.4479  	0.08125  	0.01187  	0.33949  	0.01709  	0.15154  	-0.0719  	0.05319  	0.22983  	-0.0282  	0.08699  	0.26718  	0.02235  	0.03283  	-0.0831  	0.23337  	0.09646  	-0.0241  	0.02460  	0.01145  	-0.0500  	0.00213  	0.00589  	0.02769  	-0.0098  	0.03863  	0.01436  	-0.0019  	-0.0044  	0.00339  	0.05207  	0.00715  	0.21899  	0.17035  	-0.1203  	0.00453  	0.00751  	1.29566  	1.27433  	123.652  	115.631  	
-0.5493  	0.14055  	0.38300  	-0.4408  	-0.5580  	-0.0879  	1.19393  	0.18554  	0.35304  	1.51411  	1.04985  	0.94684  	-0.1529  	-0.7724  	-0.1769  	0.12124  	0.46408  	1.05875  	0.23571  	-0.1979  	-0.4215  	0.06274  	0.77338  	-0.3877  	0.05018  	0.11373  	0.55484  	-0.6632  	-0.2843  	-0.1140  	0.08376  	0.04986  	-0.4539  	0.08326  	0.03356  	0.37276  	0.07787  	0.15445  	-0.0983  	0.03062  	0.22892  	-0.0171  	0.09241  	0.26135  	0.03398  	0.03053  	-0.0845  	0.22346  	0.10727  	-0.0230  	0.02189  	0.01497  	-0.0514  	0.00855  	0.00266  	0.02734  	-0.0124  	0.03872  	0.01235  	-0.0061  	-0.0051  	0.00422  	0.05039  	0.00171  	0.21899  	0.17035  	-0.1203  	0.00453  	0.00751  	1.29566  	1.27433  	123.652  	115.631  	
-0.8650  	0.08791  	0.15544  	-0.4776  	-0.5863  	-0.2400  	1.15932  	0.17600  	0.34746  	1.48861  	1.03055  	0.92266  	-0.1630  	-0.7306  	-0.1813  	-0.0181  	0.49127  	1.02894  	0.21362  	-0.1857  	-0.4137  	0.07872  	0.80157  	-0.3345  	0.08872  	0.14408  	0.48260  	-0.6108  	-0.2131  	-0.0941  	0.08189  	0.01148  	-0.4712  	0.07183  	0.00949  	0.38621  	0.01925  	0.14063  	-0.0785  	0.03392  	0.20463  	-0.0124  	0.07209  	0.23696  	0.02765  	0.02504  	-0.0814  	0.20858  	0.08237  	-0.0282  	0.02598  	0.01950  	-0.0575  	0.00095  	0.00276  	0.01844  	-0.0049  	0.04335  	0.01305  	-0.0096  	-0.0107  	-0.0021  	0.04473  	0.01356  	0.21899  	0.17035  	-0.1203  	0.00453  	0.00751  	1.29566  	1.27433  	123.652  	115.631  	
-0.8965  	0.09668  	0.07232  	-0.2127  	-0.3821  	-0.2257  	1.12426  	0.27401  	0.35314  	1.42461  	0.98233  	1.06606  	-0.1106  	-0.5192  	0.17994  	-0.1199  	0.51595  	0.98231  	0.25002  	-0.1375  	-0.3621  	0.05028  	0.77930  	-0.3648  	0.09462  	0.14330  	0.52954  	-0.5872  	-0.2533  	-0.0846  	0.07662  	-0.0371  	-0.4142  	0.09981  	0.08814  	0.25956  	0.02189  	0.11530  	-0.0932  	-0.0115  	0.11730  	0.01419  	0.02474  	0.23341  	0.04002  	0.02994  	-0.0764  	0.20860  	0.08635  	-0.0362  	0.02713  	0.01180  	-0.0565  	0.00649  	0.00092  	0.03358  	-0.0090  	0.03624  	0.02239  	0.00282  	-0.0022  	0.01398  	0.04261  	0.00534  	0.21899  	0.17035  	-0.1203  	0.00453  	0.00751  	1.29566  	1.27433  	123.652  	115.631  	
-0.7307  	0.15067  	0.16595  	-0.2321  	-0.4055  	-0.0912  	1.10472  	0.31318  	0.39493  	1.38165  	0.91077  	1.11216  	-0.0550  	-0.3922  	0.34636  	-0.0943  	0.52938  	0.95136  	0.24710  	-0.2344  	-0.2999  	0.07369  	0.84017  	-0.3400  	0.02001  	0.14505  	0.54565  	-0.6648  	-0.3228  	-0.1210  	0.09128  	-0.0470  	-0.4335  	0.08273  	0.12806  	0.19197  	0.05350  	0.12553  	-0.1048  	0.02530  	0.11762  	-0.0099  	0.04964  	0.24386  	0.04219  	0.03593  	-0.0762  	0.19917  	0.07420  	-0.0176  	0.01113  	0.01014  	-0.0655  	0.00770  	-0.0047  	0.03498  	-0.0104  	0.03305  	0.01884  	0.00055  	-0.0024  	0.01585  	0.03802  	0.00452  	0.21899  	0.17035  	-0.1203  	0.00453  	0.00751  	1.29566  	1.27433  	123.652  	115.631  	
-0.5167  	0.27536  	0.33023  	-0.1077  	-0.3884  	-0.0335  	1.11855  	0.33673  	0.45257  	1.35158  	0.73667  	1.05838  	0.00447  	-0.3709  	0.38846  	-0.0793  	0.49357  	0.98572  	0.21770  	-0.1942  	-0.3865  	0.09178  	0.77220  	-0.3794  	0.02286  	0.14157  	0.50207  	-0.6235  	-0.2112  	-0.0620  	0.09461  	-0.0227  	-0.3935  	0.09792  	0.07683  	0.18069  	0.00960  	0.11960  	-0.0470  	0.05545  	0.16496  	-0.0096  	0.07650  	0.23942  	0.03796  	0.03184  	-0.0791  	0.22227  	0.10010  	-0.0030  	0.02568  	0.01696  	-0.0619  	0.00863  	-0.0039  	0.03585  	-0.0129  	0.04371  	0.01171  	-0.0109  	-0.0089  	0.02735  	0.03961  	0.00284  	0.21899  	0.17035  	-0.1203  	0.00453  	0.00751  	1.29566  	1.27433  	123.652  	115.631  	
-0.5292  	0.25545  	0.25486  	0.16376  	-0.2770  	0.05238  	1.12233  	0.32121  	0.39388  	1.30824  	0.64648  	1.08720  	0.01027  	-0.3263  	0.54593  	-0.0952  	0.51792  	0.92528  	0.22027  	-0.2272  	-0.3701  	0.17114  	0.80359  	-0.3943  	0.13236  	0.13603  	0.59015  	-0.6113  	-0.1707  	0.00812  	0.07622  	-0.0315  	-0.4223  	0.11688  	0.08778  	0.19454  	-0.0078  	0.11701  	-0.0520  	0.01839  	0.11604  	0.00651  	0.05338  	0.22678  	0.02845  	0.03456  	-0.0751  	0.21763  	0.09638  	-0.0274  	0.02203  	0.01116  	-0.0544  	0.00348  	-0.0114  	0.03259  	-0.0129  	0.04491  	0.01409  	-0.0141  	-0.0026  	0.01843  	0.04327  	-0.0013  	0.21899  	0.17035  	-0.1203  	0.00453  	0.00751  	1.29566  	1.27433  	123.652  	115.631  	
-0.4982  	0.24947  	0.31339  	0.03272  	-0.3640  	0.11661  	1.13697  	0.31009  	0.45273  	1.38144  	0.69172  	1.07704  	0.03064  	-0.3624  	0.39681  	-0.0278  	0.53028  	0.97799  	0.23621  	-0.2306  	-0.3564  	0.12815  	0.84015  	-0.4151  	0.08333  	0.12787  	0.50037  	-0.6638  	-0.1637  	-0.0400  	0.08885  	-0.0384  	-0.3870  	0.09051  	0.04037  	0.18120  	-0.0074  	0.11974  	-0.0236  	0.04209  	0.18391  	-0.0202  	0.08377  	0.23287  	0.02978  	0.03497  	-0.0756  	0.22671  	0.09884  	-0.0151  	0.02360  	0.01117  	-0.0632  	0.00015  	-0.0039  	0.04001  	-0.0219  	0.03592  	0.00892  	-0.0071  	-0.0114  	0.02021  	0.03501  	0.00600  	0.21899  	0.17035  	-0.1203  	0.00453  	0.00751  	1.29566  	1.27433  	123.652  	115.631  	
-0.5797  	0.20227  	0.34456  	-0.3082  	-0.5077  	-0.0595  	1.20284  	0.28728  	0.41464  	1.46327  	0.87656  	1.02527  	-0.0447  	-0.4452  	0.12717  	0.01621  	0.47438  	1.03200  	0.23481  	-0.2161  	-0.3841  	0.12013  	0.79319  	-0.3893  	0.06877  	0.12729  	0.44691  	-0.6831  	-0.1649  	-0.0962  	0.10928  	-0.0384  	-0.4106  	0.08638  	0.01944  	0.24909  	0.01521  	0.13760  	-0.0587  	0.02721  	0.21119  	-0.0292  	0.10856  	0.24782  	0.03179  	0.01758  	-0.0664  	0.21629  	0.08807  	-0.0139  	0.02130  	0.00111  	-0.0602  	0.00760  	0.00069  	0.02455  	-0.0181  	0.03371  	0.00362  	-0.0094  	-0.0150  	0.01417  	0.04190  	0.01862  	0.21899  	0.17035  	-0.1203  	0.00453  	0.00751  	1.29566  	1.27433  	123.652  	115.631  	
-1.0390  	0.04851  	0.07572  	-0.7822  	-0.6742  	-0.4019  	1.20673  	0.15407  	0.34321  	1.56848  	1.30872  	0.94152  	-0.1599  	-0.6510  	-0.1484  	-0.1671  	0.52562  	1.04987  	0.23096  	-0.2064  	-0.3541  	0.06807  	0.83142  	-0.3109  	0.08909  	0.14185  	0.46171  	-0.7591  	-0.2911  	-0.1587  	0.14037  	-0.0554  	-0.4130  	0.07686  	0.02095  	0.26837  	0.08220  	0.13424  	-0.0886  	0.01094  	0.21833  	-0.0036  	0.05854  	0.21334  	0.03548  	0.03331  	-0.0744  	0.19489  	0.07976  	-0.0166  	0.02054  	0.01689  	-0.0589  	0.00757  	-0.0063  	0.02898  	-0.0238  	0.03076  	0.01244  	0.00095  	-0.0031  	0.01910  	0.03470  	0.00258  	0.21899  	0.17035  	-0.1203  	0.00453  	0.00751  	1.29566  	1.27433  	123.652  	115.631  	
-1.2094  	2.41398  	0.04344  	-0.9125  	-0.7229  	-0.5009  	1.10244  	0.18657  	0.35624  	1.53623  	1.38462  	0.92197  	-0.1898  	-0.7489  	-0.1844  	-0.2204  	0.53474  	0.97952  	0.24249  	-0.2201  	-0.2590  	0.01796  	0.98680  	-0.3255  	-0.0920  	0.19102  	0.47368  	-0.7833  	-0.3811  	-0.1747  	0.15593  	-0.0418  	-0.4231  	0.08613  	0.03752  	0.20377  	0.10382  	0.13083  	-0.1248  	-0.0258  	0.21638  	-0.0128  	0.03979  	0.23041  	0.03540  	0.03167  	-0.0721  	0.17819  	0.08616  	-0.0073  	0.01529  	0.01299  	-0.0666  	0.00775  	-0.0070  	0.02861  	-0.0264  	0.03902  	0.00666  	-0.0028  	0.00352  	0.02303  	0.03774  	0.00056  	0.21899  	0.17035  	-0.1203  	0.00453  	0.00751  	1.29566  	1.27433  	123.652  	115.631  	
-1.0976  	0.07738  	0.06122  	-0.8308  	-0.6967  	-0.4406  	1.10426  	0.24180  	0.37501  	1.56010  	1.29671  	0.98278  	-0.1596  	-0.6996  	-0.2101  	-0.2072  	0.53210  	0.99723  	0.22966  	-0.1857  	-0.2562  	0.03837  	0.93922  	-0.3847  	-0.0924  	0.19252  	0.45104  	-0.7343  	-0.3233  	-0.1781  	0.13981  	-0.0555  	-0.4201  	0.07542  	0.00623  	0.24423  	0.07918  	0.12170  	-0.0845  	-0.0119  	0.22178  	-0.0086  	0.04924  	0.22321  	0.02999  	0.03548  	-0.0634  	0.19350  	0.08896  	-0.0120  	0.01811  	0.01143  	-0.0668  	0.00811  	-0.0056  	0.02883  	-0.0179  	0.04093  	0.01128  	-0.0034  	0.00073  	0.01580  	0.04132  	-0.0004  	0.21899  	0.17035  	-0.1203  	0.00453  	0.00751  	1.29566  	1.27433  	123.652  	115.631  	
-0.9451  	0.11217  	0.18480  	-0.7457  	-0.7402  	-0.3088  	1.07365  	0.26431  	0.35721  	1.51019  	1.19918  	0.97309  	-0.1795  	-0.7732  	-0.1799  	-0.1587  	0.54384  	1.01879  	0.27718  	-0.2302  	-0.2580  	0.06436  	0.98576  	-0.3978  	-0.0630  	0.16745  	0.48391  	-0.7381  	-0.3223  	-0.1712  	0.12879  	-0.0254  	-0.4335  	0.06444  	-0.0679  	0.22580  	0.09331  	0.15507  	-0.1023  	-0.0099  	0.25327  	-0.0335  	0.07236  	0.25369  	0.03668  	0.03576  	-0.0688  	0.19545  	0.07939  	-0.0053  	0.00884  	0.01173  	-0.0570  	0.00891  	-0.0041  	0.02066  	-0.0147  	0.03927  	0.01147  	-0.0081  	-0.0021  	0.01204  	0.03781  	0.00537  	0.21899  	0.17035  	-0.1203  	0.00453  	0.00751  	1.29566  	1.27433  	123.652  	115.631  	
-0.8944  	0.11183  	0.25735  	-0.6423  	-0.7229  	-0.2253  	1.09674  	0.25282  	0.40146  	1.49696  	1.09085  	0.99033  	-0.1764  	-0.7976  	-0.1020  	-0.0985  	0.53831  	1.05494  	0.26517  	-0.2028  	-0.3224  	0.04987  	0.96258  	-0.4331  	-0.0535  	0.18142  	0.45326  	-0.6649  	-0.2605  	-0.1623  	0.15093  	-0.0166  	-0.4328  	0.07961  	-0.1075  	0.23794  	0.04119  	0.15394  	-0.0857  	-0.0016  	0.27005  	-0.0463  	0.09803  	0.25835  	0.02783  	0.02851  	-0.0687  	0.22277  	0.08066  	-0.0133  	0.01253  	0.02008  	-0.0545  	0.00286  	-0.0051  	0.01606  	-0.0149  	0.03275  	0.01079  	-0.0132  	0.00088  	0.01548  	0.04869  	0.01299  	0.21899  	0.17035  	-0.1203  	0.00453  	0.00751  	1.29566  	1.27433  	123.652  	115.631  	
-0.7627  	0.19682  	0.35789  	-0.5334  	-0.6840  	-0.1738  	1.04814  	0.26228  	0.35560  	1.43281  	1.05031  	0.99214  	-0.0991  	-0.8199  	-0.0132  	-0.1327  	0.63553  	0.84078  	0.32294  	-0.4750  	-0.2952  	-0.1746  	0.69814  	-0.4433  	-0.1385  	0.26657  	0.43379  	-0.7691  	-0.1740  	-0.1857  	0.24743  	-0.0617  	-0.5079  	-0.0850  	-0.1119  	0.20406  	-0.0464  	0.15045  	-0.1942  	-0.0595  	0.35555  	0.09623  	-0.0082  	0.34813  	-0.0321  	0.05682  	-0.0987  	0.23851  	0.06624  	-0.0194  	0.02109  	0.02494  	-0.0529  	0.02483  	0.00684  	0.02874  	-0.0323  	0.02437  	0.00912  	-0.0032  	0.00795  	0.01157  	0.02504  	0.00469  	0.21899  	0.17035  	-0.1203  	0.00453  	0.00751  	1.29566  	1.27433  	123.652  	115.631  	
-0.6738  	0.17642  	0.35015  	-0.3544  	-0.5424  	-0.1784  	1.07063  	0.33892  	0.37093  	1.42613  	0.99028  	1.03686  	0.00382  	-0.8132  	0.06197  	-0.1140  	0.68265  	0.76246  	0.35460  	-0.6054  	-0.3186  	-0.3518  	0.34710  	-0.4072  	-0.0881  	0.32423  	0.40175  	-0.7300  	-0.0484  	-0.1621  	0.31192  	-0.0885  	-0.5971  	-0.2081  	-0.1280  	0.24439  	-0.1843  	0.13309  	-0.2641  	-0.1144  	0.37427  	0.21636  	-0.1239  	0.38962  	-0.0817  	0.07541  	-0.1184  	0.26161  	0.05852  	-0.0302  	0.03538  	0.02326  	-0.0556  	0.03169  	0.00798  	0.02518  	-0.0165  	0.01984  	0.01269  	0.00386  	0.00396  	-0.0006  	0.01588  	0.00828  	0.21899  	0.17035  	-0.1203  	0.00453  	0.00751  	1.29566  	1.27433  	123.652  	115.631  	
-0.6345  	0.24402  	0.29093  	-0.0730  	-0.3458  	-0.0829  	1.06318  	0.39368  	0.35435  	1.34060  	0.87721  	1.10580  	0.05586  	-0.5860  	0.40752  	-0.2073  	0.68955  	0.63328  	0.34685  	-0.7261  	-0.2110  	-0.3414  	0.31025  	-0.3795  	-0.0817  	0.35285  	0.52166  	-0.8093  	-0.0611  	-0.1145  	0.33252  	-0.1206  	-0.6284  	-0.2310  	-0.0687  	0.17841  	-0.1633  	0.11274  	-0.3030  	-0.1317  	0.29069  	0.25390  	-0.1563  	0.39746  	-0.0884  	0.07847  	-0.1294  	0.24852  	0.05812  	-0.0293  	0.03405  	0.01878  	-0.0570  	0.04655  	0.01311  	0.02725  	-0.0156  	0.01418  	0.01986  	0.00755  	0.00376  	0.01024  	0.00985  	0.01057  	0.21899  	0.17035  	-0.1203  	0.00453  	0.00751  	1.29566  	1.27433  	123.652  	115.631  	
-0.5398  	0.23831  	0.34442  	-0.0391  	-0.3789  	-0.0286  	1.05812  	0.39560  	0.37161  	1.28234  	0.82267  	1.07267  	0.05583  	-0.5648  	0.46288  	-0.1868  	0.69914  	0.62710  	0.32948  	-0.7196  	-0.1767  	-0.3116  	0.38724  	-0.3648  	-0.0989  	0.32548  	0.54585  	-0.8698  	-0.1409  	-0.1037  	0.30925  	-0.1038  	-0.5848  	-0.2093  	-0.0309  	0.14874  	-0.0986  	0.12797  	-0.2911  	-0.1203  	0.27459  	0.23211  	-0.1365  	0.39089  	-0.0753  	0.07398  	-0.1256  	0.24805  	0.06193  	-0.0347  	0.02811  	0.01899  	-0.0593  	0.03627  	0.00459  	0.03728  	-0.0125  	0.01372  	0.01537  	0.00850  	0.00256  	0.01428  	0.01057  	0.00778  	0.21899  	0.17035  	-0.1203  	0.00453  	0.00751  	1.29566  	1.27433  	123.652  	115.631  	
-0.5143  	0.24009  	0.35032  	-0.0690  	-0.3754  	0.00549  	1.09645  	0.36895  	0.39158  	1.34509  	0.84799  	1.06996  	0.01250  	-0.5366  	0.40604  	-0.0962  	0.58823  	0.79249  	0.27382  	-0.4615  	-0.2638  	-0.1399  	0.57797  	-0.3547  	-0.0165  	0.22696  	0.54909  	-0.7792  	-0.1876  	-0.1022  	0.19939  	-0.0578  	-0.5119  	-0.0838  	0.03692  	0.15938  	-0.0369  	0.14207  	-0.1821  	-0.0284  	0.21246  	0.12959  	-0.0584  	0.32012  	-0.0261  	0.05942  	-0.1106  	0.23368  	0.07665  	-0.0187  	0.03948  	0.01791  	-0.0612  	0.02444  	0.00413  	0.03828  	-0.0107  	0.02439  	0.01454  	-0.0038  	-0.0058  	0.01926  	0.02851  	0.00635  	0.21899  	0.17035  	-0.1203  	0.00453  	0.00751  	1.29566  	1.27433  	123.652  	115.631  	
-0.4739  	0.24544  	0.27502  	0.05837  	-0.3245  	0.08137  	1.13844  	0.30682  	0.41372  	1.33780  	0.71639  	1.04969  	-0.0260  	-0.3968  	0.47467  	-0.0935  	0.51919  	0.93820  	0.21875  	-0.2275  	-0.3139  	0.15803  	0.81956  	-0.3574  	0.09457  	0.12614  	0.60948  	-0.6633  	-0.2390  	-0.0216  	0.07392  	-0.0141  	-0.4221  	0.10920  	0.08970  	0.18208  	0.03119  	0.12266  	-0.0518  	0.03423  	0.10816  	0.00275  	0.06664  	0.23909  	0.03972  	0.03420  	-0.0840  	0.21967  	0.09239  	-0.0240  	0.01622  	0.01209  	-0.0561  	0.00722  	-0.0082  	0.03141  	-0.0132  	0.03968  	0.01002  	-0.0103  	-0.0098  	0.01065  	0.04620  	0.00729  	0.21899  	0.17035  	-0.1203  	0.00453  	0.00751  	1.29566  	1.27433  	123.652  	115.631  	
-0.5588  	0.23095  	0.28305  	-0.0805  	-0.4088  	0.08960  	1.16353  	0.31182  	0.42438  	1.34631  	0.72560  	1.06050  	-0.0295  	-0.4787  	0.36037  	-0.0629  	0.53874  	1.01329  	0.26158  	-0.2502  	-0.3652  	0.13306  	0.87780  	-0.4223  	0.06106  	0.12295  	0.52587  	-0.6054  	-0.1822  	-0.0590  	0.07178  	-0.0122  	-0.4115  	0.08599  	0.01384  	0.20426  	0.03052  	0.13759  	-0.0510  	0.06752  	0.19214  	-0.0237  	0.07381  	0.25439  	0.01899  	0.03451  	-0.0811  	0.22075  	0.09288  	-0.0073  	0.01483  	0.01390  	-0.0605  	0.00917  	0.00127  	0.02861  	-0.0103  	0.03662  	0.01642  	-0.0048  	-0.0079  	0.01829  	0.04302  	0.00490  	0.21899  	0.17035  	-0.1203  	0.00453  	0.00751  	1.29566  	1.27433  	123.652  	115.631  	
-0.7858  	0.13854  	0.24994  	-0.4922  	-0.5839  	-0.0594  	1.10762  	0.20908  	0.35293  	1.39526  	0.98465  	0.98927  	-0.1516  	-0.7899  	0.00020  	-0.0637  	0.50939  	1.04438  	0.23765  	-0.1989  	-0.3690  	0.07730  	0.86091  	-0.3753  	0.00866  	0.14404  	0.51043  	-0.6568  	-0.2317  	-0.1355  	0.10638  	-7.4937  	-0.4286  	0.07870  	-0.0251  	0.26605  	0.04815  	0.15567  	-0.0834  	0.03562  	0.23257  	-0.0173  	0.07732  	0.26302  	0.02448  	0.02736  	-0.0755  	0.19421  	0.07959  	-0.0152  	0.02054  	0.01852  	-0.0549  	0.00530  	-0.0035  	0.02769  	-0.0091  	0.04418  	0.01996  	-0.0065  	-0.0084  	0.01337  	0.04327  	0.00868  	0.21899  	0.17035  	-0.1203  	0.00453  	0.00751  	1.29566  	1.27433  	123.652  	115.631  	
-0.7152  	0.14078  	0.25349  	-0.4012  	-0.5546  	-0.0433  	1.08421  	0.26752  	0.39032  	1.40414  	1.01053  	1.00473  	-0.1539  	-0.7459  	0.15544  	-0.0266  	0.54310  	0.93727  	0.26182  	-0.2518  	-0.2333  	0.07822  	0.91072  	-0.2492  	-0.0381  	0.16129  	0.59283  	-0.8169  	-0.4495  	-0.1651  	0.10424  	0.04050  	-0.4391  	0.06469  	0.09537  	0.21222  	0.14365  	0.16159  	-0.1576  	0.01759  	0.20365  	-0.0241  	0.05200  	0.25504  	0.02213  	0.02695  	-0.0679  	0.20521  	0.07895  	-0.0071  	-0.0009  	0.01824  	-0.0579  	0.00475  	-0.0120  	0.01790  	-0.0186  	0.04373  	0.00857  	-0.0128  	-0.0048  	0.00472  	0.04136  	-0.0031  	0.21899  	0.17035  	-0.1203  	0.00453  	0.00751  	1.29566  	1.27433  	123.652  	115.631  	
-0.3032  	0.27039  	0.48121  	-0.1291  	-0.4462  	0.10617  	1.18724  	0.38552  	0.43523  	1.41148  	0.70329  	0.99063  	0.08081  	-0.2348  	0.50750  	-0.1212  	0.54173  	0.92957  	0.24524  	-0.3561  	-0.2631  	0.16619  	0.91890  	-0.3244  	0.01769  	0.12436  	0.65334  	-0.8700  	-0.3217  	-0.0856  	0.08215  	-0.0024  	-0.3961  	0.06990  	0.10690  	0.16762  	0.09933  	0.14302  	-0.0906  	0.04558  	0.15560  	0.00160  	0.08133  	0.26009  	0.01537  	0.02821  	-0.0771  	0.24701  	0.10796  	-0.0198  	0.01409  	0.01370  	-0.0595  	0.00668  	-0.0052  	0.04145  	-0.0261  	0.03201  	0.00652  	-0.0021  	0.00437  	0.02664  	0.03761  	0.00046  	0.21899  	0.17035  	-0.1203  	0.00453  	0.00751  	1.29566  	1.27433  	123.652  	115.631  	
-0.4007  	0.26718  	0.33086  	0.14064  	-0.3170  	0.04890  	1.16327  	0.35826  	0.40261  	1.39738  	0.66362  	0.98719  	0.06023  	-0.1802  	0.66208  	-0.1695  	0.52962  	0.89134  	0.21103  	-0.3545  	-0.3031  	0.21721  	0.92238  	-0.3593  	0.10955  	0.10963  	0.69918  	-0.8841  	-0.2628  	-0.0112  	0.09611  	-0.0126  	-0.4188  	0.08711  	0.13991  	0.17902  	0.10115  	0.12609  	-0.1004  	0.01118  	0.12362  	0.01065  	0.07041  	0.24466  	0.02308  	0.03695  	-0.0810  	0.23020  	0.10228  	-0.0237  	0.00999  	0.01725  	-0.0539  	0.00263  	-0.0051  	0.04256  	-0.0244  	0.03700  	0.00588  	-0.0050  	-0.0026  	0.02138  	0.04002  	0.00016  	0.21899  	0.17035  	-0.1203  	0.00453  	0.00751  	1.29566  	1.27433  	123.652  	115.631  	
-0.5474  	0.17536  	0.32435  	-0.2694  	-0.4950  	0.04419  	1.07435  	0.32837  	0.38720  	1.36787  	0.94986  	0.99599  	-0.1257  	-0.6775  	0.14302  	0.05520  	0.53890  	0.90159  	0.29145  	-0.3104  	-0.2380  	0.13681  	0.86101  	-0.3300  	0.01588  	0.13679  	0.60443  	-0.8638  	-0.4023  	-0.1068  	0.07113  	0.02506  	-0.4538  	0.05741  	0.10289  	0.23697  	0.19233  	0.16726  	-0.1250  	-0.0171  	0.19269  	-0.0002  	0.07909  	0.27338  	0.02436  	0.02910  	-0.0700  	0.22247  	0.10096  	-0.0205  	0.00027  	0.00748  	-0.0580  	0.00725  	-0.0095  	0.02876  	-0.0047  	0.04505  	0.01031  	-0.0104  	-0.0103  	0.00745  	0.04475  	-0.0017  	0.21899  	0.17035  	-0.1203  	0.00453  	0.00751  	1.29566  	1.27433  	123.652  	115.631  	
-0.5783  	0.12357  	0.44308  	-0.4564  	-0.6019  	-0.0673  	1.10284  	0.23691  	0.38347  	1.47396  	1.12275  	1.01453  	-0.1797  	-0.7965  	-0.1526  	0.19569  	0.46550  	0.98964  	0.29448  	-0.2405  	-0.3089  	0.08827  	0.84932  	-0.3172  	0.07072  	0.11983  	0.60004  	-0.7821  	-0.3531  	-0.1460  	0.08175  	0.02763  	-0.4762  	0.06084  	0.09051  	0.33124  	0.14746  	0.18065  	-0.1554  	-0.0031  	0.19237  	-0.0074  	0.07755  	0.25185  	0.02944  	0.03211  	-0.0790  	0.21723  	0.09097  	-0.0176  	0.02155  	0.01230  	-0.0490  	0.00633  	0.00330  	0.02786  	-0.0055  	0.03962  	0.01159  	-0.0078  	-0.0045  	-8.8576  	0.04917  	0.00616  	0.21899  	0.17035  	-0.1203  	0.00453  	0.00751  	1.29566  	1.27433  	123.652  	115.631  	
-0.7956  	0.10145  	0.33438  	-0.5033  	-0.6212  	-0.0892  	1.07991  	0.16269  	0.31868  	1.42758  	1.10669  	0.97882  	-0.2653  	-0.8221  	-0.0820  	0.10357  	0.54655  	0.94375  	0.28082  	-0.2841  	-0.2875  	0.07014  	0.82486  	-0.2223  	0.07388  	0.12988  	0.66407  	-0.8181  	-0.3993  	-0.1214  	0.07820  	0.05770  	-0.4956  	0.04794  	0.09129  	0.36739  	0.17398  	0.16821  	-0.1741  	0.02864  	0.18930  	-0.0118  	0.05005  	0.24926  	0.02154  	0.04714  	-0.0846  	0.19747  	0.07859  	-0.0048  	0.01630  	0.01631  	-0.0529  	0.00442  	-0.0009  	0.01910  	-0.0079  	0.04559  	0.01202  	-0.0012  	-0.0095  	-0.0009  	0.05104  	0.00239  	0.21899  	0.17035  	-0.1203  	0.00453  	0.00751  	1.29566  	1.27433  	123.652  	115.631  	
-0.5132  	0.19343  	0.43916  	-0.3869  	-0.5842  	-0.0115  	1.09503  	0.31131  	0.40969  	1.39452  	0.93278  	0.94957  	-0.0841  	-0.5707  	0.27284  	-0.0186  	0.55658  	0.83907  	0.26173  	-0.3942  	-0.0852  	0.11213  	0.97455  	-0.2169  	-0.0303  	0.14982  	0.74317  	-1.0639  	-0.5834  	-0.1510  	0.08705  	0.08189  	-0.4486  	0.05427  	0.19369  	0.15789  	0.27200  	0.21324  	-0.2191  	-0.0148  	0.16559  	0.01030  	0.06714  	0.23892  	0.01954  	0.03402  	-0.0654  	0.20310  	0.09725  	-0.0198  	0.00524  	0.02023  	-0.0558  	0.01663  	-0.0088  	0.03062  	-0.0362  	0.03008  	0.00670  	-0.0038  	0.00255  	0.01567  	0.03679  	-0.0033  	0.21899  	0.17035  	-0.1203  	0.00453  	0.00751  	1.29566  	1.27433  	123.652  	115.631  	
-0.3167  	0.28109  	0.51523  	-0.2551  	-0.5441  	0.01505  	1.16131  	0.39406  	0.43040  	1.42649  	0.87904  	1.00148  	0.02624  	-0.3530  	0.41455  	-0.0759  	0.51533  	0.89294  	0.23901  	-0.3815  	-0.1638  	0.16115  	0.94657  	-0.3313  	-0.0069  	0.12954  	0.68158  	-0.9880  	-0.4276  	-0.0988  	0.13619  	0.01910  	-0.4038  	0.07035  	0.17425  	0.18335  	0.17581  	0.18624  	-0.1432  	-0.0308  	0.17596  	-0.0026  	0.10181  	0.24755  	0.00385  	0.03497  	-0.0830  	0.25338  	0.10094  	-0.0135  	0.01370  	0.02003  	-0.0576  	0.00550  	0.00326  	0.04031  	-0.0270  	0.03978  	0.00373  	-0.0077  	-0.0001  	0.01922  	0.03804  	8.58381  	0.21899  	0.17035  	-0.1203  	0.00453  	0.00751  	1.29566  	1.27433  	123.652  	115.631  	
-0.4211  	0.24469  	0.32573  	-0.2550  	-0.5359  	-0.0719  	1.13854  	0.32261  	0.37171  	1.40804  	0.91415  	0.91520  	-0.0499  	-0.4803  	0.38988  	-0.1342  	0.56620  	0.87352  	0.25597  	-0.3962  	-0.1621  	0.13097  	0.98310  	-0.2718  	0.02108  	0.13673  	0.67809  	-0.9999  	-0.4548  	-0.1225  	0.09328  	0.03648  	-0.4572  	0.05886  	0.14536  	0.15953  	0.18774  	0.19478  	-0.1514  	0.02012  	0.17128  	-0.0027  	0.09322  	0.26833  	0.01341  	0.03989  	-0.0822  	0.21902  	0.09894  	-0.0148  	-0.0042  	0.02246  	-0.0603  	0.01021  	-0.0030  	0.02263  	-0.0240  	0.03215  	0.00577  	-0.0090  	0.00018  	0.02186  	0.04627  	0.00295  	0.21899  	0.17035  	-0.1203  	0.00453  	0.00751  	1.29566  	1.27433  	123.652  	115.631  	
-0.7170  	0.13366  	0.32905  	-0.5949  	-0.6686  	-0.0695  	1.08309  	0.20480  	0.35982  	1.36862  	1.11411  	0.96421  	-0.1904  	-0.7834  	-0.0768  	-0.0310  	0.53523  	0.95908  	0.28662  	-0.3035  	-0.2258  	0.05427  	0.96413  	-0.3134  	-0.0373  	0.13795  	0.64170  	-0.8740  	-0.3820  	-0.1685  	0.07951  	0.02878  	-0.4616  	0.05841  	0.07309  	0.26933  	0.19243  	0.19322  	-0.1733  	-0.0007  	0.20302  	0.00383  	0.08063  	0.24284  	0.02554  	0.03457  	-0.0756  	0.20736  	0.07886  	-0.0121  	0.00755  	0.01486  	-0.0592  	0.01332  	-0.0055  	0.02606  	-0.0133  	0.04591  	0.02106  	-0.0214  	-0.0088  	0.01389  	0.04320  	-0.0030  	0.21899  	0.17035  	-0.1203  	0.00453  	0.00751  	1.29566  	1.27433  	123.652  	115.631  	
-0.6839  	0.13558  	0.28092  	-0.6547  	-0.7462  	-0.0817  	1.08699  	0.20232  	0.37577  	1.46193  	1.15755  	0.92909  	-0.1972  	-0.8680  	-0.1861  	0.01274  	0.54468  	1.00939  	0.28911  	-0.2837  	-0.2738  	0.04842  	0.96156  	-0.3777  	-0.0162  	0.13984  	0.55256  	-0.7756  	-0.3883  	-0.1570  	0.13379  	0.01743  	-0.4613  	0.06678  	0.02596  	0.29101  	0.16337  	0.17695  	-0.1386  	-0.0160  	0.22407  	-0.0205  	0.07976  	0.25728  	0.02845  	0.03706  	-0.0661  	0.19928  	0.07981  	-0.0178  	0.01358  	0.01723  	-0.0505  	0.00936  	0.00077  	0.02507  	-0.0198  	0.04156  	0.01242  	-0.0093  	-0.0078  	0.01177  	0.04920  	0.00793  	0.21899  	0.17035  	-0.1203  	0.00453  	0.00751  	1.29566  	1.27433  	123.652  	115.631  	
-0.7330  	0.11956  	0.29441  	-0.5836  	-0.6955  	-0.1119  	1.11315  	0.19406  	0.37162  	1.50083  	1.18159  	0.94897  	-0.1979  	-0.8422  	-0.2000  	0.05431  	0.51936  	1.00569  	0.26976  	-0.2889  	-0.2981  	0.07250  	0.89258  	-0.3818  	0.03744  	0.13559  	0.56989  	-0.7441  	-0.3286  	-0.1424  	0.11204  	0.01407  	-0.4766  	0.06601  	0.03146  	0.32904  	0.13868  	0.16986  	-0.1305  	-0.0182  	0.22637  	-0.0086  	0.08425  	0.24968  	0.02684  	0.03232  	-0.0692  	0.20579  	0.08740  	-0.0137  	0.02616  	0.01246  	-0.0558  	0.00919  	0.00774  	0.02612  	-0.0125  	0.04206  	0.00818  	-0.0081  	-0.0091  	0.00525  	0.05200  	0.01053  	0.21899  	0.17035  	-0.1203  	0.00453  	0.00751  	1.29566  	1.27433  	123.652  	115.631  	
-0.7645  	0.12414  	0.25948  	-0.5795  	-0.7034  	-0.1059  	1.12956  	0.17288  	0.36119  	1.46423  	1.14064  	0.94483  	-0.1915  	-0.7803  	-0.1522  	-0.0227  	0.52415  	1.01422  	0.25253  	-0.2418  	-0.3293  	0.06985  	0.88122  	-0.4046  	0.00308  	0.14085  	0.50947  	-0.6716  	-0.2794  	-0.1336  	0.11196  	0.00073  	-0.4626  	0.08139  	0.02004  	0.32421  	0.09703  	0.15253  	-0.1228  	-0.0216  	0.23445  	-0.0155  	0.09050  	0.24329  	0.03138  	0.02901  	-0.0695  	0.20443  	0.08811  	-0.0127  	0.02449  	0.01406  	-0.0558  	0.00578  	0.00787  	0.02617  	-0.0100  	0.04554  	0.00786  	-0.0089  	-0.0050  	0.00398  	0.05404  	0.00985  	0.21899  	0.17035  	-0.1203  	0.00453  	0.00751  	1.29566  	1.27433  	123.652  	115.631  	
-0.7186  	0.14878  	0.31405  	-0.5841  	-0.6551  	-0.1393  	1.10199  	0.17190  	0.35641  	1.47557  	1.18187  	0.98320  	-0.2306  	-0.8338  	-0.1298  	0.02939  	0.52675  	0.99078  	0.28775  	-0.2066  	-0.3311  	0.06177  	0.87428  	-0.3524  	-0.0185  	0.14531  	0.45669  	-0.6355  	-0.3496  	-0.1627  	0.08985  	0.01988  	-0.4712  	0.06570  	0.04774  	0.29532  	0.13684  	0.14488  	-0.1544  	-0.0079  	0.21368  	-0.0075  	0.07202  	0.23936  	0.03271  	0.03739  	-0.0799  	0.19843  	0.08970  	-0.0022  	0.02380  	0.01082  	-0.0536  	0.00421  	0.00055  	0.02874  	-0.0097  	0.04284  	0.01394  	-0.0059  	-0.0116  	0.00546  	0.03578  	0.00948  	0.21899  	0.17035  	-0.1203  	0.00453  	0.00751  	1.29566  	1.27433  	123.652  	115.631  	
-0.6094  	0.18875  	0.23001  	-0.3001  	-0.4342  	-0.0908  	1.00714  	0.23787  	0.31465  	1.42003  	1.06126  	1.10512  	-0.1970  	-0.5688  	0.38099  	-0.0953  	0.53857  	0.91796  	0.25633  	-0.2836  	-0.1767  	0.12984  	0.82642  	-0.2368  	-0.0897  	0.17029  	0.61010  	-0.9421  	-0.5292  	-0.1465  	0.11631  	0.02597  	-0.4219  	0.04711  	0.23699  	0.17354  	0.19062  	0.16368  	-0.2221  	0.03605  	0.11990  	-0.0103  	0.05030  	0.22653  	0.01246  	0.03912  	-0.0596  	0.20065  	0.07135  	-0.0045  	0.03113  	0.01515  	-0.0633  	-0.0080  	-0.0253  	0.03369  	-0.0131  	0.01772  	-0.0203  	-0.0015  	0.00027  	0.01495  	0.03926  	0.00665  	0.21899  	0.17035  	-0.1203  	0.00453  	0.00751  	1.29566  	1.27433  	123.652  	115.631  	
-0.1873  	0.26244  	0.56111  	-0.2023  	-0.4704  	0.03862  	1.17508  	0.30607  	0.44827  	1.48272  	0.67963  	0.96280  	0.09889  	-0.2894  	0.45211  	-0.1469  	0.51537  	0.85175  	0.24289  	-0.3958  	-0.2737  	0.14888  	0.93744  	-0.2822  	-0.0148  	0.13233  	0.67227  	-0.9920  	-0.4807  	-0.0962  	0.13244  	0.01142  	-0.4239  	0.07232  	0.15410  	0.18823  	0.16515  	0.18047  	-0.1044  	0.00727  	0.15422  	-0.0078  	0.09348  	0.27394  	0.00998  	0.03433  	-0.0854  	0.24158  	0.09790  	-0.0011  	0.01949  	0.01622  	-0.0650  	0.00293  	0.00359  	0.03174  	-0.0288  	0.03732  	-6.4045  	-0.0094  	-0.0017  	0.02154  	0.03503  	0.00374  	0.21899  	0.17035  	-0.1203  	0.00453  	0.00751  	1.29566  	1.27433  	123.652  	115.631  	
-0.2092  	0.30271  	0.55916  	-0.2677  	-0.5110  	0.10452  	1.22244  	0.36371  	0.44318  	1.53515  	0.62617  	0.79501  	0.15533  	-0.1395  	0.55554  	-0.2765  	0.54850  	0.83163  	0.22991  	-0.5210  	-0.3380  	0.26428  	1.03516  	-0.3097  	0.09778  	0.11287  	0.76281  	-0.9791  	-0.3049  	-0.0289  	0.16040  	-0.0120  	-0.4392  	0.08040  	0.07946  	0.17144  	0.10460  	0.15313  	-0.0990  	0.01762  	0.14846  	0.00124  	0.11513  	0.25479  	-0.0073  	0.02957  	-0.0866  	0.25724  	0.11710  	-0.0147  	0.01472  	0.01755  	-0.0564  	0.00757  	-0.0061  	0.03893  	-0.0377  	0.03591  	0.00295  	0.00189  	0.00519  	0.02202  	0.04053  	-0.0054  	0.21899  	0.17035  	-0.1203  	0.00453  	0.00751  	1.29566  	1.27433  	123.652  	115.631  	
-0.6341  	0.24810  	0.33320  	-0.3436  	-0.5558  	-0.1233  	1.14529  	0.30439  	0.36867  	1.46460  	0.78804  	0.80424  	-0.0342  	-0.3962  	0.41922  	-0.1975  	0.57998  	0.86011  	0.20781  	-0.3778  	-0.2015  	0.12807  	0.97889  	-0.2165  	0.07564  	0.14196  	0.79066  	-1.0498  	-0.4367  	-0.0489  	0.12487  	0.00081  	-0.4617  	0.06072  	0.18053  	0.17093  	0.18118  	0.13340  	-0.1463  	0.01613  	0.13231  	0.02743  	0.04225  	0.22960  	0.02663  	0.04047  	-0.0824  	0.21422  	0.07636  	-0.0057  	0.00200  	0.01266  	-0.0611  	0.00246  	-0.0133  	0.03529  	-0.0219  	0.03728  	0.01105  	-0.0079  	-0.0051  	0.02192  	0.03118  	-0.0041  	0.21899  	0.17035  	-0.1203  	0.00453  	0.00751  	1.29566  	1.27433  	123.652  	115.631  	
-0.8541  	0.12358  	0.28887  	-0.5518  	-0.6269  	-0.1145  	1.09655  	0.28150  	0.40798  	1.39350  	1.10317  	0.97606  	-0.1615  	-0.7303  	0.08833  	-0.0338  	0.54304  	0.96242  	0.27828  	-0.2671  	-0.1832  	0.10679  	0.95249  	-0.2873  	-0.0660  	0.15699  	0.55448  	-0.8284  	-0.4228  	-0.1619  	0.13578  	0.00541  	-0.4286  	0.07795  	0.09514  	0.19035  	0.19360  	0.17021  	-0.1660  	-0.0060  	0.19554  	-0.0066  	0.05684  	0.23375  	0.03362  	0.02963  	-0.0692  	0.18760  	0.07472  	-0.0045  	0.01136  	0.01276  	-0.0620  	0.01132  	-0.0018  	0.03047  	-0.0141  	0.03928  	0.01520  	-0.0013  	-0.0018  	0.01618  	0.04241  	0.00769  	0.21899  	0.17035  	-0.1203  	0.00453  	0.00751  	1.29566  	1.27433  	123.652  	115.631  	
-0.7010  	0.16863  	0.33674  	-0.5265  	-0.6560  	-0.0791  	1.03148  	0.29898  	0.36684  	1.39340  	1.04722  	0.98825  	-0.1171  	-0.8004  	-0.0232  	-0.0938  	0.61428  	0.84012  	0.35465  	-0.5133  	-0.2563  	-0.1621  	0.67381  	-0.4230  	-0.0730  	0.25631  	0.47158  	-0.7958  	-0.2589  	-0.1507  	0.23322  	-0.0569  	-0.5326  	-0.0747  	-0.0762  	0.21755  	-0.0012  	0.16669  	-0.2049  	-0.0983  	0.33961  	0.10437  	-0.0075  	0.33123  	-0.0348  	0.04734  	-0.0995  	0.23230  	0.06852  	-0.0212  	0.02027  	0.01917  	-0.0567  	0.01985  	0.00268  	0.02766  	-0.0164  	0.02798  	0.01062  	-0.0066  	0.00068  	0.00493  	0.02602  	0.00940  	0.21899  	0.17035  	-0.1203  	0.00453  	0.00751  	1.29566  	1.27433  	123.652  	115.631  	
-0.6721  	0.18597  	0.40705  	-0.5214  	-0.6214  	-0.1890  	1.05198  	0.32111  	0.35303  	1.48118  	1.14625  	1.05463  	-0.0847  	-0.8540  	-0.0762  	-0.0480  	0.67031  	0.74872  	0.39893  	-0.6670  	-0.2055  	-0.3416  	0.39361  	-0.4173  	-0.1366  	0.33066  	0.45774  	-0.8188  	-0.1514  	-0.1769  	0.31575  	-0.0885  	-0.6066  	-0.2260  	-0.0989  	0.25118  	-0.0614  	0.13764  	-0.3252  	-0.1487  	0.37562  	0.22027  	-0.1246  	0.39944  	-0.0683  	0.07167  	-0.1247  	0.25001  	0.06486  	-0.0356  	0.03538  	0.02099  	-0.0508  	0.03319  	0.01183  	0.03194  	-0.0147  	0.02355  	0.01106  	0.00959  	0.00496  	-0.0009  	0.01399  	0.00857  	0.21899  	0.17035  	-0.1203  	0.00453  	0.00751  	1.29566  	1.27433  	123.652  	115.631  	
-0.9349  	0.11718  	0.27577  	-0.5644  	-0.6876  	-0.3843  	1.01544  	0.33600  	0.30548  	1.43846  	1.35233  	1.01691  	-0.1188  	-0.9218  	0.00977  	-0.1522  	0.69730  	0.66441  	0.44340  	-0.7305  	-0.1084  	-0.4199  	0.30750  	-0.2619  	-0.1295  	0.34728  	0.55910  	-0.9426  	-0.2476  	-0.1992  	0.35247  	-0.0643  	-0.6413  	-0.2649  	-0.0440  	0.26698  	0.01023  	0.15708  	-0.4117  	-0.1938  	0.35538  	0.24751  	-0.1892  	0.39387  	-0.0869  	0.07121  	-0.1168  	0.23749  	0.05859  	-0.0312  	0.03059  	0.02800  	-0.0498  	0.04322  	0.01051  	0.02746  	-0.0179  	0.01894  	0.01225  	0.01265  	0.00483  	-0.0029  	0.00461  	0.00529  	0.21899  	0.17035  	-0.1203  	0.00453  	0.00751  	1.29566  	1.27433  	123.652  	115.631  	
-0.5218  	0.19350  	0.40308  	-0.3441  	-0.4336  	-0.2678  	1.04564  	0.43520  	0.35298  	1.37574  	1.08169  	1.06766  	0.05098  	-0.5478  	0.47063  	-0.1796  	0.69504  	0.64250  	0.37215  	-0.7619  	0.01417  	-0.3835  	0.46453  	-0.2158  	-0.2698  	0.34698  	0.58483  	-1.0065  	-0.3950  	-0.2041  	0.35292  	-0.0644  	-0.5566  	-0.2302  	0.03838  	0.07111  	0.03917  	0.13552  	-0.4156  	-0.1362  	0.27932  	0.25376  	-0.1823  	0.37259  	-0.0729  	0.07344  	-0.1130  	0.23950  	0.05464  	-0.0255  	0.01158  	0.02299  	-0.0601  	0.03302  	-0.0056  	0.01960  	-0.0210  	0.01246  	0.00671  	0.00260  	0.00707  	0.01695  	0.00246  	0.00325  	0.21899  	0.17035  	-0.1203  	0.00453  	0.00751  	1.29566  	1.27433  	123.652  	115.631  	
-0.2923  	0.32502  	0.63565  	-0.2765  	-0.5077  	0.03693  	1.15933  	0.52455  	0.43576  	1.38286  	0.69182  	0.85073  	0.10053  	-0.2139  	0.50527  	-0.2408  	0.64159  	0.71727  	0.30780  	-0.8275  	-0.1438  	0.01148  	0.82414  	-0.3447  	-0.0185  	0.22557  	0.73264  	-1.1162  	-0.2522  	-0.0631  	0.29947  	-0.0455  	-0.5195  	-0.0864  	0.04986  	0.11817  	0.01002  	0.13877  	-0.2431  	-0.0814  	0.21581  	0.11185  	-0.0078  	0.33857  	-0.0507  	0.05540  	-0.1156  	0.27626  	0.09971  	-0.0238  	0.02368  	0.02034  	-0.0521  	0.01938  	-0.0036  	0.05150  	-0.0324  	0.02645  	0.00129  	0.00591  	0.01099  	0.02894  	0.02630  	-0.0040  	0.21899  	0.17035  	-0.1203  	0.00453  	0.00751  	1.29566  	1.27433  	123.652  	115.631  	
-0.7517  	0.26521  	0.18731  	-0.3379  	-0.5034  	-0.1900  	1.14600  	0.35421  	0.37105  	1.40988  	0.88257  	0.85442  	0.01943  	-0.2670  	0.41172  	-0.2386  	0.55023  	0.86174  	0.21563  	-0.4219  	-0.1842  	0.14477  	0.86957  	-0.1760  	0.07888  	0.10973  	0.77252  	-1.0640  	-0.4071  	-0.0600  	0.16538  	-0.0500  	-0.4398  	0.04415  	0.26937  	0.17579  	0.13973  	0.08242  	-0.1280  	0.07019  	0.10018  	0.08909  	0.02313  	0.18104  	0.00454  	0.04073  	-0.0773  	0.20908  	0.06801  	-0.0073  	0.02012  	0.02001  	-0.0806  	0.00991  	-0.0305  	0.05653  	-0.0468  	0.02633  	0.02203  	-0.0066  	-0.0004  	0.04849  	0.01764  	-0.0110  	0.21899  	0.17035  	-0.1203  	0.00453  	0.00751  	1.29566  	1.27433  	123.652  	115.631  	
-1.2013  	-0.0248  	0.03791  	-0.7648  	-0.6547  	-0.4128  	1.08977  	0.20563  	0.36939  	1.53404  	1.25488  	0.94139  	-0.2014  	-0.7809  	0.04589  	-0.1423  	0.50442  	1.00100  	0.26298  	-0.2377  	-0.1756  	-0.0003  	0.92103  	-0.3484  	-0.1658  	0.18920  	0.50294  	-0.8507  	-0.4637  	-0.1683  	0.20244  	-0.0094  	-0.4230  	0.07072  	0.12002  	0.17553  	0.15115  	0.17577  	-0.1722  	-0.0276  	0.17881  	-0.0014  	0.05892  	0.23054  	0.04574  	0.04428  	-0.0646  	0.16076  	0.05185  	-0.0092  	-0.0149  	0.02385  	-0.0662  	0.00797  	-0.0074  	0.00988  	-0.0185  	0.03485  	-0.0086  	-0.0123  	0.00741  	0.03951  	0.03984  	0.01172  	0.21899  	0.17035  	-0.1203  	0.00453  	0.00751  	1.29566  	1.27433  	123.652  	115.631  	
-1.1581  	0.06844  	0.13272  	-1.0530  	-0.7788  	-0.3846  	1.17076  	0.13155  	0.35535  	1.58919  	1.33859  	0.90302  	-0.2329  	-0.8856  	-0.3294  	-0.2104  	0.55636  	1.04659  	0.23514  	-0.2545  	-0.3717  	0.03248  	0.92394  	-0.4116  	-0.0422  	0.19156  	0.46281  	-0.7167  	-0.2891  	-0.1729  	0.17642  	-0.0480  	-0.3912  	0.07928  	-0.0708  	0.31682  	0.07175  	0.14719  	-0.0953  	0.01346  	0.27711  	-0.0121  	0.06941  	0.23506  	0.03593  	0.03361  	-0.0655  	0.19414  	0.08318  	-0.0082  	0.00588  	0.02190  	-0.0642  	0.00802  	0.00269  	0.01789  	-0.0240  	0.04620  	0.01038  	-0.0014  	0.00218  	0.01810  	0.04883  	-8.0227  	0.21899  	0.17035  	-0.1203  	0.00453  	0.00751  	1.29566  	1.27433  	123.652  	115.631  	
-1.2643  	0.04188  	0.06770  	-0.9850  	-0.8089  	-0.4841  	1.17015  	0.08245  	0.33895  	1.61465  	1.28816  	0.91135  	-0.1707  	-0.8382  	-0.3034  	-0.2418  	0.54885  	1.02431  	0.22782  	-0.2080  	-0.4193  	0.07135  	0.90136  	-0.4148  	-0.0098  	0.18349  	0.43935  	-0.7275  	-0.2583  	-0.1672  	0.17145  	-0.0576  	-0.4048  	0.08626  	-0.1109  	0.29082  	0.01640  	0.14435  	-0.0762  	0.01109  	0.25364  	0.00570  	0.08501  	0.24028  	0.03669  	0.02969  	-0.0756  	0.20489  	0.08343  	-0.0066  	0.01230  	0.01684  	-0.0660  	0.00960  	-0.0024  	0.02124  	-0.0230  	0.04062  	0.00318  	-0.0079  	0.00742  	0.02072  	0.05179  	0.00354  	0.21899  	0.17035  	-0.1203  	0.00453  	0.00751  	1.29566  	1.27433  	123.652  	115.631  	
-1.1006  	0.08490  	0.08475  	-0.8343  	-0.6934  	-0.4244  	1.09085  	0.22216  	0.34703  	1.47087  	1.30631  	0.94339  	-0.1678  	-0.7855  	-0.1326  	-0.1803  	0.55201  	0.97360  	0.22714  	-0.2468  	-0.2487  	0.00316  	0.95401  	-0.3595  	-0.0943  	0.18839  	0.51081  	-0.7691  	-0.3936  	-0.1706  	0.15040  	-0.0334  	-0.4375  	0.07412  	-0.0073  	0.22176  	0.11373  	0.13393  	-0.1050  	-0.0337  	0.23447  	-0.0148  	0.03073  	0.22242  	0.03594  	0.03112  	-0.0718  	0.19156  	0.07065  	-0.0048  	0.00721  	0.01742  	-0.0621  	0.01121  	-0.0080  	0.01906  	-0.0214  	0.03916  	0.00511  	-0.0081  	0.00106  	0.02398  	0.04289  	0.00772  	0.21899  	0.17035  	-0.1203  	0.00453  	0.00751  	1.29566  	1.27433  	123.652  	115.631  	
-0.9764  	0.12549  	0.15615  	-0.7049  	-0.6647  	-0.2771  	1.09506  	0.26623  	0.39344  	1.50923  	1.16527  	1.04580  	-0.1168  	-0.6632  	-0.0924  	-0.1614  	0.51937  	1.07391  	0.24629  	-0.1857  	-0.3332  	0.03938  	0.95191  	-0.3588  	-0.0934  	0.17003  	0.41677  	-0.6593  	-0.2732  	-0.1710  	0.14808  	-0.0559  	-0.4117  	0.07558  	-0.0555  	0.23233  	-0.0091  	0.11646  	-0.0670  	0.02371  	0.22782  	-0.0205  	0.07869  	0.22763  	0.03018  	0.03385  	-0.0669  	0.21120  	0.08373  	-0.0077  	0.01989  	0.01325  	-0.0695  	0.00547  	-0.0081  	0.01526  	-0.0142  	0.03941  	0.00969  	-0.0078  	-0.0033  	0.01433  	0.04021  	0.00200  	0.21899  	0.17035  	-0.1203  	0.00453  	0.00751  	1.29566  	1.27433  	123.652  	115.631  	
-0.6601  	0.20804  	0.27930  	-0.1404  	-0.3873  	0.02090  	1.11588  	0.36051  	0.44718  	1.34746  	0.89241  	1.18716  	-0.0280  	-0.4625  	0.16015  	0.02352  	0.48576  	1.07007  	0.21901  	-0.1504  	-0.4116  	0.06862  	0.78479  	-0.3575  	-0.0803  	0.16246  	0.34089  	-0.5830  	-0.1901  	-0.1070  	0.13205  	-0.0412  	-0.3936  	0.09640  	0.01268  	0.20861  	-0.0764  	0.09834  	-0.0269  	0.07373  	0.19971  	-0.0201  	0.08956  	0.24000  	0.01822  	0.03400  	-0.0678  	0.23303  	0.08956  	-0.0082  	0.02737  	0.00804  	-0.0617  	0.00610  	-0.0026  	0.01927  	-0.0090  	0.04422  	0.00570  	-0.0119  	-0.0040  	0.00277  	0.03867  	0.00814  	0.21899  	0.17035  	-0.1203  	0.00453  	0.00751  	1.29566  	1.27433  	123.652  	115.631  	
-0.5991  	0.20270  	0.17794  	0.05640  	-0.2172  	-0.0382  	1.14644  	0.30098  	0.40421  	1.42049  	0.84003  	1.13800  	0.01048  	-0.4355  	0.28173  	-0.0084  	0.47114  	1.03790  	0.20558  	-0.1032  	-0.4593  	0.07028  	0.64232  	-0.4022  	0.07826  	0.14366  	0.38546  	-0.4447  	-0.1308  	-0.0177  	0.10194  	-0.0340  	-0.4163  	0.10059  	0.07467  	0.23883  	-0.1048  	0.07489  	-0.0109  	0.06284  	0.16138  	0.01076  	0.05378  	0.19711  	0.01955  	0.03989  	-0.0790  	0.21259  	0.10232  	-0.0107  	0.02292  	0.01067  	-0.0548  	0.00161  	-0.0028  	0.02869  	-0.0080  	0.03923  	0.01249  	-0.0102  	-0.0098  	0.00819  	0.03236  	0.00948  	0.21899  	0.17035  	-0.1203  	0.00453  	0.00751  	1.29566  	1.27433  	123.652  	115.631  	
-0.5777  	0.20232  	0.15253  	0.12461  	-0.1535  	-0.0864  	1.17187  	0.32794  	0.39592  	1.38221  	0.79166  	1.15617  	0.03115  	-0.2811  	0.47400  	-0.0754  	0.46834  	0.96453  	0.21195  	-0.1563  	-0.4695  	0.12023  	0.68578  	-0.3695  	0.11191  	0.14676  	0.49377  	-0.4798  	-0.1583  	-0.0093  	0.07511  	-0.0455  	-0.3842  	0.10485  	0.13479  	0.22230  	-0.0534  	0.06184  	-0.0470  	0.04266  	0.10248  	0.02151  	0.01225  	0.20338  	0.02746  	0.03848  	-0.0694  	0.22703  	0.09445  	-0.0160  	0.02597  	0.01376  	-0.0599  	-0.0061  	-0.0122  	0.03500  	-0.0066  	0.03682  	0.01871  	-0.0179  	9.31322  	0.00730  	0.01946  	-0.0045  	0.21899  	0.17035  	-0.1203  	0.00453  	0.00751  	1.29566  	1.27433  	123.652  	115.631  	
-0.3460  	0.32701  	0.34052  	0.12518  	-0.2516  	0.17710  	1.16922  	0.36097  	0.39767  	1.37145  	0.49513  	1.00823  	0.14166  	-0.0874  	0.74230  	-0.1962  	0.51012  	0.89816  	0.17530  	-0.3345  	-0.3801  	0.19052  	0.83404  	-0.3388  	0.09481  	0.10217  	0.64651  	-0.6893  	-0.1795  	-0.0052  	0.08462  	-0.0425  	-0.4154  	0.10886  	0.08286  	0.17599  	-0.0203  	0.09900  	-0.0200  	0.05686  	0.09434  	0.00171  	0.06709  	0.24671  	0.02947  	0.02938  	-0.0795  	0.24127  	0.11988  	-0.0304  	0.01535  	0.01773  	-0.0613  	-0.0051  	-0.0053  	0.04299  	-0.0155  	0.02731  	0.00856  	-0.0107  	0.00168  	0.01673  	0.03255  	0.00273  	0.21899  	0.17035  	-0.1203  	0.00453  	0.00751  	1.29566  	1.27433  	123.652  	115.631  	
-0.3299  	0.28637  	0.35384  	0.02373  	-0.3420  	-0.0675  	1.18526  	0.44765  	0.45352  	1.36941  	0.61817  	0.84202  	0.10913  	-0.0787  	0.60147  	-0.2628  	0.47726  	0.85539  	0.21971  	-0.4281  	-0.3228  	0.26290  	0.89264  	-0.3386  	0.17354  	0.10677  	0.72421  	-0.9408  	-0.2728  	-0.0145  	0.17002  	-0.0253  	-0.4299  	0.09012  	0.13871  	0.17641  	0.03752  	0.13020  	-0.0969  	0.03841  	0.11749  	-0.0269  	0.08553  	0.26690  	0.02589  	0.01198  	-0.0681  	0.25262  	0.12436  	-0.0164  	0.00898  	0.01206  	-0.0590  	0.01401  	-0.0014  	0.03240  	-0.0242  	0.03794  	-0.0011  	0.00217  	-0.0044  	0.02671  	0.03367  	0.01024  	0.21899  	0.17035  	-0.1203  	0.00453  	0.00751  	1.29566  	1.27433  	123.652  	115.631  	
-0.8357  	0.16470  	0.08949  	-0.2257  	-0.3988  	-0.3206  	1.17186  	0.35855  	0.33631  	1.43503  	1.04404  	1.05792  	0.00014  	-0.3181  	0.36453  	-0.2024  	0.53518  	0.92979  	0.26107  	-0.2535  	-0.2425  	0.13282  	0.80867  	-0.2516  	-0.0174  	0.12587  	0.64108  	-0.8777  	-0.3663  	-0.1070  	0.12093  	-0.0217  	-0.4078  	0.04949  	0.19767  	0.20394  	0.08602  	0.12394  	-0.1398  	0.07751  	0.10532  	0.05713  	0.02597  	0.21683  	0.01124  	0.02390  	-0.0594  	0.22641  	0.07567  	-0.0118  	0.00713  	0.03428  	-0.0723  	0.00263  	-0.0055  	0.02546  	-0.0206  	0.03269  	0.00156  	-0.0084  	-0.0010  	0.02583  	0.00481  	-0.0172  	0.21899  	0.17035  	-0.1203  	0.00453  	0.00751  	1.29566  	1.27433  	123.652  	115.631  	
-1.2343  	0.02644  	0.06961  	-0.7135  	-0.5796  	-0.4535  	1.11270  	0.21177  	0.35856  	1.51137  	1.22370  	0.96496  	-0.2058  	-0.7730  	0.09369  	-0.1065  	0.55114  	1.04245  	0.28006  	-0.2631  	-0.2461  	-0.0019  	0.89802  	-0.3105  	-0.1596  	0.18022  	0.49117  	-0.8462  	-0.4456  	-0.1819  	0.20626  	-0.0012  	-0.3934  	0.07078  	0.13694  	0.16190  	0.15557  	0.18705  	-0.1542  	-0.0653  	0.20173  	-0.0083  	0.04701  	0.22635  	0.04369  	0.05040  	-0.0758  	0.16186  	0.05034  	-0.0173  	-0.0041  	0.02194  	-0.0714  	0.00248  	-0.0020  	0.01481  	-0.0182  	0.04013  	-0.0047  	-0.0068  	0.01170  	0.03565  	0.04875  	0.01240  	0.21899  	0.17035  	-0.1203  	0.00453  	0.00751  	1.29566  	1.27433  	123.652  	115.631  	
-0.9723  	0.06007  	0.21308  	-0.9639  	-0.8557  	-0.2174  	1.10077  	0.15408  	0.33922  	1.43766  	1.29876  	0.80462  	-0.2197  	-0.9305  	-0.2975  	-0.0789  	0.59999  	1.01628  	0.28155  	-0.3244  	-0.2630  	0.02332  	0.96244  	-0.3703  	0.01242  	0.17549  	0.55630  	-0.7963  	-0.4227  	-0.1506  	0.17592  	-0.0146  	-0.4356  	0.05907  	-0.0352  	0.28952  	0.14028  	0.16243  	-0.1526  	-0.0477  	0.27964  	-0.0139  	0.06591  	0.23435  	0.05079  	0.02997  	-0.0802  	0.16926  	0.04995  	0.02328  	0.02082  	0.02583  	-0.0694  	0.00555  	-0.0043  	0.03183  	-0.0157  	0.04240  	0.00449  	-0.0018  	-0.0075  	0.01858  	0.05166  	0.00762  	0.21899  	0.17035  	-0.1203  	0.00453  	0.00751  	1.29566  	1.27433  	123.652  	115.631  	
-0.6976  	0.18038  	0.39188  	-0.5352  	-0.6527  	-0.0373  	1.04883  	0.34291  	0.40624  	1.41923  	1.16813  	0.98108  	-0.1454  	-0.7740  	-0.0790  	0.07412  	0.52686  	0.97736  	0.32136  	-0.2587  	-0.2138  	0.02694  	0.88092  	-0.3519  	-0.1656  	0.17277  	0.55461  	-0.8467  	-0.4269  	-0.2174  	0.11056  	0.02462  	-0.4203  	0.03949  	0.10871  	0.24776  	0.14821  	0.19789  	-0.1613  	0.00739  	0.25435  	-0.0348  	0.06201  	0.25535  	0.02389  	0.05407  	-0.0744  	0.21379  	0.07173  	-0.0124  	0.01288  	0.02035  	-0.0479  	-0.0010  	-0.0094  	0.01899  	-0.0246  	0.02893  	0.00257  	-0.0033  	0.00294  	-0.0025  	0.03900  	0.00327  	0.21899  	0.17035  	-0.1203  	0.00453  	0.00751  	1.29566  	1.27433  	123.652  	115.631  	
-0.3812  	0.23242  	0.60144  	-0.2921  	-0.5384  	-0.0629  	1.13497  	0.32360  	0.43646  	1.48982  	0.98111  	0.98543  	-0.0719  	-0.5392  	0.20853  	-0.0121  	0.49169  	0.92136  	0.24747  	-0.2928  	-0.1980  	0.07453  	0.89248  	-0.2578  	-0.1045  	0.14896  	0.64131  	-0.9081  	-0.4724  	-0.1458  	0.11737  	0.08321  	-0.3891  	0.06967  	0.16299  	0.18721  	0.21528  	0.18787  	-0.1675  	-0.0063  	0.20393  	-0.0042  	0.06976  	0.23782  	0.01467  	0.03618  	-0.0691  	0.22704  	0.09767  	-0.0253  	0.02209  	0.02552  	-0.0528  	0.00579  	-0.0167  	0.03693  	-0.0313  	0.03791  	0.00615  	-0.0009  	0.00854  	0.01302  	0.03352  	-0.0028  	0.21899  	0.17035  	-0.1203  	0.00453  	0.00751  	1.29566  	1.27433  	123.652  	115.631  	
-0.2843  	0.30930  	0.49708  	-0.2254  	-0.5168  	0.02030  	1.19702  	0.31947  	0.43192  	1.55181  	0.78392  	0.86186  	0.04219  	-0.2586  	0.40645  	-0.2246  	0.53332  	0.84272  	0.25373  	-0.4008  	-0.2663  	0.17407  	0.95428  	-0.2818  	0.10276  	0.12927  	0.72606  	-0.9840  	-0.4197  	-0.0402  	0.12761  	0.00242  	-0.4374  	0.07396  	0.15724  	0.19163  	0.18072  	0.16375  	-0.1274  	-0.0060  	0.15455  	-0.0043  	0.08550  	0.27247  	0.01511  	0.03409  	-0.0938  	0.25310  	0.10749  	0.00012  	0.01864  	0.02141  	-0.0527  	0.00830  	-0.0024  	0.03983  	-0.0252  	0.03256  	0.00550  	-0.0051  	-1.5109  	0.02539  	0.04815  	0.00168  	0.21899  	0.17035  	-0.1203  	0.00453  	0.00751  	1.29566  	1.27433  	123.652  	115.631  	
-0.6107  	0.22321  	0.24501  	-0.2372  	-0.4281  	-0.1035  	1.13159  	0.32414  	0.37981  	1.39150  	0.89331  	0.95888  	-0.0380  	-0.4049  	0.36508  	-0.1871  	0.56988  	0.85510  	0.22508  	-0.3580  	-0.1783  	0.14071  	0.95584  	-0.2197  	0.07518  	0.13687  	0.70764  	-0.8995  	-0.3957  	-0.0717  	0.10124  	0.01985  	-0.4565  	0.06219  	0.15498  	0.17320  	0.14501  	0.14555  	-0.1260  	0.00909  	0.13917  	0.00493  	0.05299  	0.23318  	0.01573  	0.03757  	-0.0806  	0.21521  	0.09283  	-0.0003  	0.01058  	0.01374  	-0.0683  	0.00468  	-0.0024  	0.02481  	-0.0159  	0.03492  	0.01162  	-0.0092  	0.00467  	0.01845  	0.03962  	0.00359  	0.21899  	0.17035  	-0.1203  	0.00453  	0.00751  	1.29566  	1.27433  	123.652  	115.631  	
-0.8156  	0.14506  	0.30364  	-0.5567  	-0.6361  	-0.0637  	1.06272  	0.22788  	0.38901  	1.37687  	1.03014  	0.95622  	-0.1747  	-0.7265  	0.05724  	-0.0740  	0.55361  	0.96019  	0.27153  	-0.2722  	-0.2329  	0.07970  	1.00154  	-0.3476  	-0.0298  	0.16320  	0.56152  	-0.8129  	-0.3880  	-0.1637  	0.10880  	0.00040  	-0.4334  	0.06443  	0.02463  	0.22642  	0.14971  	0.16880  	-0.1419  	-0.0258  	0.21125  	-0.0166  	0.06650  	0.26196  	0.02584  	0.02991  	-0.0610  	0.20260  	0.07355  	-0.0061  	0.01274  	0.01758  	-0.0623  	0.00643  	-0.0021  	0.02347  	-0.0161  	0.04163  	0.01249  	-0.0153  	-0.0043  	0.01384  	0.04449  	0.00559  	0.21899  	0.17035  	-0.1203  	0.00453  	0.00751  	1.29566  	1.27433  	123.652  	115.631  	
-0.6633  	0.15296  	0.34424  	-0.5565  	-0.6456  	-0.0850  	1.07933  	0.21158  	0.37790  	1.53708  	1.15648  	0.99423  	-0.2025  	-0.8474  	-0.1994  	0.11075  	0.51445  	1.01609  	0.28015  	-0.2258  	-0.2950  	0.05340  	0.91150  	-0.3698  	-0.0007  	0.14339  	0.50576  	-0.7367  	-0.3537  	-0.1544  	0.10410  	0.00829  	-0.4516  	0.06283  	0.03208  	0.30293  	0.13666  	0.16600  	-0.1221  	0.00634  	0.21845  	-0.0265  	0.08329  	0.25870  	0.03230  	0.04136  	-0.0658  	0.21299  	0.08036  	-0.0171  	0.02473  	0.01380  	-0.0490  	-0.0004  	0.00022  	0.02364  	-0.0143  	0.04053  	0.00898  	-0.0061  	-0.0031  	-0.0065  	0.04882  	0.01039  	0.21899  	0.17035  	-0.1203  	0.00453  	0.00751  	1.29566  	1.27433  	123.652  	115.631  	
-0.7156  	0.12949  	0.34909  	-0.5543  	-0.6312  	-0.1205  	1.10899  	0.20613  	0.38336  	1.58550  	1.19002  	1.01686  	-0.2000  	-0.8738  	-0.2607  	0.13738  	0.48329  	1.05217  	0.26399  	-0.2139  	-0.3789  	0.06894  	0.81473  	-0.3861  	0.02742  	0.13158  	0.50560  	-0.6688  	-0.2901  	-0.1482  	0.09100  	0.01952  	-0.4523  	0.06741  	0.03873  	0.34884  	0.08145  	0.15784  	-0.1078  	0.02518  	0.23752  	-0.0050  	0.08545  	0.24504  	0.02127  	0.03752  	-0.0785  	0.21354  	0.09278  	-0.0156  	0.02746  	0.01329  	-0.0550  	0.00705  	0.00721  	0.02977  	-0.0124  	0.03832  	0.00923  	-0.0061  	-0.0038  	0.00501  	0.04704  	0.00949  	0.21899  	0.17035  	-0.1203  	0.00453  	0.00751  	1.29566  	1.27433  	123.652  	115.631  	
-0.7472  	0.09432  	0.27606  	-0.5576  	-0.6497  	-0.1131  	1.10938  	0.18186  	0.34539  	1.50496  	1.13402  	0.95454  	-0.1935  	-0.8807  	-0.1379  	0.07091  	0.50290  	0.99949  	0.26364  	-0.2472  	-0.3468  	0.06930  	0.85644  	-0.3809  	0.07288  	0.11497  	0.55131  	-0.6658  	-0.3092  	-0.1202  	0.09719  	0.03527  	-0.4785  	0.06546  	0.02753  	0.34153  	0.10057  	0.16521  	-0.1141  	0.00059  	0.21753  	-0.0170  	0.08251  	0.24797  	0.02126  	0.03104  	-0.0751  	0.20509  	0.09076  	-0.0131  	0.02705  	0.01448  	-0.0507  	0.00633  	0.00394  	0.02957  	-0.0101  	0.04110  	0.00695  	-0.0048  	-0.0034  	-0.0018  	0.05619  	0.01049  	0.21899  	0.17035  	-0.1203  	0.00453  	0.00751  	1.29566  	1.27433  	123.652  	115.631  	
-0.8046  	0.11105  	0.25313  	-0.4875  	-0.6412  	-0.1026  	1.08361  	0.23628  	0.34814  	1.38368  	1.04138  	0.95753  	-0.1996  	-0.7551  	0.03011  	-0.0063  	0.55523  	0.95645  	0.27927  	-0.2921  	-0.2757  	0.05119  	0.90245  	-0.2798  	0.03067  	0.13895  	0.64903  	-0.8131  	-0.4018  	-0.1338  	0.08902  	0.03806  	-0.4712  	0.05912  	0.09142  	0.30327  	0.16733  	0.18938  	-0.1775  	-0.0224  	0.18301  	-0.0056  	0.06225  	0.23822  	0.01741  	0.03354  	-0.0748  	0.20549  	0.08398  	-0.0119  	0.01894  	0.01476  	-0.0482  	0.00855  	0.00393  	0.02217  	-0.0132  	0.04378  	0.01182  	-0.0137  	-0.0087  	0.00584  	0.04654  	0.01301  	0.21899  	0.17035  	-0.1203  	0.00453  	0.00751  	1.29566  	1.27433  	123.652  	115.631  	
-0.6545  	0.17897  	0.34671  	-0.5032  	-0.6786  	-0.0902  	1.16149  	0.22025  	0.41456  	1.45365  	1.07083  	0.99025  	-0.1558  	-0.6910  	0.04236  	0.02119  	0.50107  	0.99465  	0.26952  	-0.2422  	-0.3004  	0.10313  	0.91772  	-0.4143  	-0.0163  	0.14066  	0.49248  	-0.8034  	-0.3911  	-0.1873  	0.12946  	0.02014  	-0.4124  	0.07414  	0.05407  	0.22147  	0.16249  	0.18612  	-0.1267  	0.00836  	0.23097  	-0.0225  	0.10137  	0.24187  	0.03306  	0.03037  	-0.0667  	0.22364  	0.09312  	-0.0129  	0.00727  	0.01540  	-0.0597  	0.01412  	0.00366  	0.03230  	-0.0231  	0.03328  	0.00679  	-0.0045  	0.00234  	0.01927  	0.04276  	0.00939  	0.21899  	0.17035  	-0.1203  	0.00453  	0.00751  	1.29566  	1.27433  	123.652  	115.631  	
-0.7922  	0.18007  	0.29056  	-0.7751  	-0.7672  	-0.2765  	1.18703  	0.25791  	0.38362  	1.57291  	1.05894  	0.87634  	-0.1336  	-0.5769  	-0.0800  	-0.1052  	0.54005  	1.02329  	0.26748  	-0.2700  	-0.3358  	0.04319  	0.85442  	-0.3960  	0.07758  	0.11585  	0.56464  	-0.8088  	-0.3800  	-0.1789  	0.14698  	-0.0387  	-0.4308  	0.02853  	0.04963  	0.30067  	0.10469  	0.15559  	-0.1229  	-0.0114  	0.26406  	-0.0100  	0.10718  	0.23275  	0.05051  	0.02563  	-0.0779  	0.21802  	0.09978  	-0.0005  	0.01598  	0.00659  	-0.0645  	0.00985  	0.01142  	0.02118  	-0.0093  	0.03993  	-0.0007  	-0.0098  	-0.0117  	0.02422  	0.05443  	0.01289  	0.21899  	0.17035  	-0.1203  	0.00453  	0.00751  	1.29566  	1.27433  	123.652  	115.631  	
-1.1956  	0.07832  	0.20412  	-0.7880  	-0.7194  	-0.3819  	1.07794  	0.18471  	0.35281  	1.49471  	1.32749  	0.88911  	-0.1565  	-0.6619  	-0.1198  	-0.2164  	0.60065  	0.91715  	0.23802  	-0.2855  	-0.1638  	-0.0490  	0.92118  	-0.2587  	-0.0214  	0.18426  	0.60012  	-0.9286  	-0.4285  	-0.1266  	0.17211  	-0.0336  	-0.4070  	0.06199  	0.06619  	0.20192  	0.18145  	0.15519  	-0.1471  	-0.0161  	0.21257  	-0.0094  	0.03194  	0.21739  	0.04073  	0.03901  	-0.0684  	0.18349  	0.06168  	-0.0018  	0.00181  	0.01071  	-0.0693  	0.01193  	-0.0195  	0.03404  	-0.0160  	0.04041  	0.00740  	-0.0064  	0.01162  	0.01064  	0.03835  	-0.0001  	0.21899  	0.17035  	-0.1203  	0.00453  	0.00751  	1.29566  	1.27433  	123.652  	115.631  	
-1.1939  	0.06444  	0.15774  	-0.9440  	-0.8073  	-0.5005  	1.07512  	0.22982  	0.32805  	1.62759  	1.35649  	0.89588  	-0.2093  	-0.7328  	-0.0999  	-0.2559  	0.56402  	0.96462  	0.27469  	-0.2803  	-0.2438  	0.08434  	0.98096  	-0.3537  	-0.0929  	0.20072  	0.51084  	-0.8336  	-0.4083  	-0.1756  	0.17609  	-0.0262  	-0.4345  	0.06008  	-0.0580  	0.25197  	0.15507  	0.15691  	-0.1246  	-0.0547  	0.25853  	-0.0188  	0.03977  	0.22040  	0.03687  	0.04270  	-0.0667  	0.17134  	0.07706  	-0.0037  	-0.0111  	0.01598  	-0.0572  	0.00791  	-0.0079  	0.01041  	-0.0335  	0.03947  	0.01181  	-0.0065  	0.00273  	0.02931  	0.03698  	-0.0019  	0.21899  	0.17035  	-0.1203  	0.00453  	0.00751  	1.29566  	1.27433  	123.652  	115.631  	
-0.9372  	0.05805  	0.17928  	-0.7983  	-0.7924  	-0.2322  	1.08175  	0.22770  	0.37550  	1.46367  	1.18225  	0.90972  	-0.1875  	-0.8706  	-0.2685  	-0.0772  	0.57751  	1.03277  	0.28661  	-0.2832  	-0.3085  	0.02692  	0.96772  	-0.4050  	-0.0325  	0.17920  	0.48410  	-0.7159  	-0.3281  	-0.1525  	0.14800  	-0.0233  	-0.4424  	0.06041  	-0.0792  	0.27647  	0.06027  	0.15173  	-0.1121  	-0.0075  	0.26593  	-0.0233  	0.07954  	0.24523  	0.02740  	0.02627  	-0.0681  	0.19404  	0.07101  	0.00370  	0.02014  	0.02072  	-0.0711  	0.00563  	0.00076  	0.02376  	-0.0107  	0.03494  	0.00413  	-0.0113  	-0.0040  	0.01885  	0.04816  	0.01289  	0.21899  	0.17035  	-0.1203  	0.00453  	0.00751  	1.29566  	1.27433  	123.652  	115.631  	
-0.7501  	0.16845  	0.36190  	-0.4881  	-0.6212  	-0.1792  	1.07284  	0.28017  	0.35465  	1.46687  	1.08561  	1.02655  	-0.1247  	-0.9136  	-0.1165  	0.01275  	0.63263  	0.88065  	0.33534  	-0.4386  	-0.3345  	-0.1738  	0.62930  	-0.4014  	-0.1132  	0.27758  	0.40246  	-0.7326  	-0.1791  	-0.1855  	0.23676  	-0.0684  	-0.5319  	-0.0904  	-0.1179  	0.26138  	-0.0616  	0.14276  	-0.1852  	-0.0400  	0.33338  	0.09430  	-0.0054  	0.34306  	-0.0322  	0.05483  	-0.0874  	0.23796  	0.07627  	-0.0332  	0.03442  	0.02054  	-0.0544  	0.01529  	0.01157  	0.01748  	-0.0180  	0.02501  	0.00931  	0.00295  	-0.0007  	0.00534  	0.02939  	0.01660  	0.21899  	0.17035  	-0.1203  	0.00453  	0.00751  	1.29566  	1.27433  	123.652  	115.631  	
-0.8261  	0.19273  	0.38372  	-0.5434  	-0.6397  	-0.2395  	1.03194  	0.28879  	0.32898  	1.50418  	1.12539  	0.98783  	-0.1348  	-0.9601  	-0.0969  	-0.0434  	0.71086  	0.75638  	0.41468  	-0.6782  	-0.2424  	-0.3733  	0.38949  	-0.3930  	-0.0899  	0.32019  	0.48320  	-0.8148  	-0.1329  	-0.1684  	0.30936  	-0.0526  	-0.6430  	-0.2398  	-0.1605  	0.28102  	-0.1010  	0.14531  	-0.3087  	-0.1266  	0.38104  	0.20360  	-0.1211  	0.40198  	-0.0809  	0.07202  	-0.1218  	0.24205  	0.06355  	-0.0375  	0.03360  	0.02045  	-0.0498  	0.03971  	0.02070  	0.02341  	-0.0163  	0.01867  	0.01465  	0.01599  	0.00825  	-0.0017  	0.01859  	0.01086  	0.21899  	0.17035  	-0.1203  	0.00453  	0.00751  	1.29566  	1.27433  	123.652  	115.631  	
-0.9397  	0.13271  	0.29150  	-0.6501  	-0.7075  	-0.3201  	1.04603  	0.27808  	0.30559  	1.42598  	1.11983  	0.95757  	-0.1094  	-0.9819  	-0.0503  	-0.1986  	0.73778  	0.71683  	0.40937  	-0.7134  	-0.2384  	-0.4135  	0.40230  	-0.3793  	-0.1178  	0.36696  	0.49982  	-0.8400  	-0.1225  	-0.1808  	0.35328  	-0.0975  	-0.6579  	-0.2482  	-0.1637  	0.26382  	-0.1010  	0.14591  	-0.3568  	-0.1711  	0.39890  	0.23889  	-0.1638  	0.41567  	-0.0881  	0.06655  	-0.1185  	0.22708  	0.05706  	-0.0352  	0.03503  	0.02558  	-0.0529  	0.04422  	0.01253  	0.01989  	-0.0196  	0.01786  	0.01859  	0.00504  	0.00320  	0.00870  	0.01071  	0.00334  	0.21899  	0.17035  	-0.1203  	0.00453  	0.00751  	1.29566  	1.27433  	123.652  	115.631  	
-1.0039  	0.14592  	0.21690  	-0.6456  	-0.6746  	-0.3593  	0.99835  	0.36444  	0.32344  	1.37187  	1.18790  	1.01306  	-0.1362  	-0.8291  	0.15625  	-0.2463  	0.73189  	0.66744  	0.37947  	-0.7780  	-0.1109  	-0.3795  	0.54027  	-0.3388  	-0.1985  	0.34975  	0.58039  	-0.9771  	-0.2341  	-0.1929  	0.35007  	-0.0702  	-0.6305  	-0.2373  	-0.0822  	0.16490  	-0.0318  	0.15794  	-0.3577  	-0.1704  	0.35033  	0.21455  	-0.1544  	0.39147  	-0.0740  	0.07202  	-0.1166  	0.21906  	0.04681  	-0.0319  	0.02183  	0.02647  	-0.0545  	0.04304  	0.00566  	0.01810  	-0.0237  	0.01999  	0.01322  	0.00315  	0.00746  	0.01389  	0.01282  	0.01042  	0.21899  	0.17035  	-0.1203  	0.00453  	0.00751  	1.29566  	1.27433  	123.652  	115.631  	
-0.6224  	0.24204  	0.50258  	-0.5810  	-0.7200  	-0.0937  	1.03400  	0.47302  	0.42541  	1.42056  	1.14564  	1.06138  	-0.0443  	-0.6150  	0.08273  	-0.0382  	0.66964  	0.77795  	0.35238  	-0.5652  	-0.0696  	-0.2045  	0.74408  	-0.3537  	-0.2108  	0.26883  	0.53280  	-1.0132  	-0.4059  	-0.2120  	0.26021  	-0.0453  	-0.4818  	-0.1021  	0.01491  	0.10656  	0.13124  	0.20683  	-0.2766  	-0.1154  	0.30913  	0.09088  	-0.0283  	0.32226  	-0.0353  	0.05261  	-0.0900  	0.23382  	0.06461  	-0.0255  	0.00387  	0.01975  	-0.0670  	0.02225  	0.00063  	0.02837  	-0.0392  	0.01573  	0.00355  	-0.0001  	0.00855  	0.01866  	0.03497  	0.00638  	0.21899  	0.17035  	-0.1203  	0.00453  	0.00751  	1.29566  	1.27433  	123.652  	115.631  	
-0.3704  	0.28208  	0.58789  	-0.5544  	-0.7732  	0.00790  	1.10411  	0.44488  	0.48065  	1.37365  	1.20750  	1.12589  	-0.0976  	-0.5393  	0.07044  	0.07114  	0.52564  	0.92532  	0.26906  	-0.2626  	-0.0089  	0.08907  	1.04470  	-0.3498  	-0.1102  	0.14740  	0.51349  	-0.9416  	-0.5638  	-0.1969  	0.13824  	0.02392  	-0.3870  	0.06917  	0.08195  	0.10491  	0.28140  	0.24156  	-0.1703  	-0.0893  	0.21343  	-0.0209  	0.13815  	0.24498  	0.01393  	0.04174  	-0.0678  	0.22141  	0.09688  	-0.0037  	0.00143  	0.01725  	-0.0524  	0.01529  	-0.0037  	0.03334  	-0.0319  	0.03310  	0.00374  	-0.0081  	-0.0008  	0.02291  	0.04769  	-0.0001  	0.21899  	0.17035  	-0.1203  	0.00453  	0.00751  	1.29566  	1.27433  	123.652  	115.631  	
-0.5938  	0.18839  	0.43390  	-0.4652  	-0.6511  	0.01658  	1.00718  	0.33050  	0.40676  	1.41023  	1.19596  	0.97686  	-0.1833  	-0.6811  	-0.0374  	0.05332  	0.55678  	0.90015  	0.28566  	-0.3483  	-0.0377  	0.08245  	0.97451  	-0.2340  	-0.0591  	0.09325  	0.66024  	-1.0142  	-0.5822  	-0.1638  	0.09026  	0.07008  	-0.4417  	0.05475  	0.15817  	0.19051  	0.28216  	0.23559  	-0.2140  	-0.0389  	0.19281  	-0.0299  	0.08251  	0.25146  	0.01504  	0.03233  	-0.0851  	0.20747  	0.09501  	-0.0126  	0.01162  	0.01376  	-0.0530  	0.01359  	-0.0074  	0.03297  	-0.0244  	0.04018  	0.01323  	-0.0039  	-0.0065  	0.01172  	0.04911  	-0.0035  	0.21899  	0.17035  	-0.1203  	0.00453  	0.00751  	1.29566  	1.27433  	123.652  	115.631  	
-0.7029  	0.14708  	0.26366  	-0.6567  	-0.7175  	-0.0910  	1.06403  	0.20428  	0.36895  	1.44220  	1.16917  	0.93880  	-0.2066  	-0.8553  	-0.1534  	0.00079  	0.54599  	0.99826  	0.28007  	-0.2921  	-0.2332  	0.04540  	0.97439  	-0.3644  	-0.0558  	0.14094  	0.56691  	-0.8043  	-0.3860  	-0.1647  	0.12958  	0.02150  	-0.4572  	0.06373  	0.04736  	0.27400  	0.17247  	0.18289  	-0.1455  	-0.0265  	0.23436  	-0.0228  	0.08077  	0.25488  	0.02817  	0.04237  	-0.0634  	0.20432  	0.07597  	-0.0124  	0.01203  	0.01724  	-0.0535  	0.00963  	-0.0002  	0.02579  	-0.0198  	0.04474  	0.01072  	-0.0114  	-0.0085  	0.00939  	0.04473  	0.00340  	0.21899  	0.17035  	-0.1203  	0.00453  	0.00751  	1.29566  	1.27433  	123.652  	115.631  	
-0.7248  	0.14063  	0.35335  	-0.6236  	-0.7065  	-0.1261  	1.09234  	0.21840  	0.38816  	1.55053  	1.24942  	0.96139  	-0.2339  	-0.9097  	-0.2533  	0.13120  	0.50427  	1.01612  	0.27689  	-0.2424  	-0.3061  	0.05714  	0.90074  	-0.3586  	0.00697  	0.13615  	0.53256  	-0.7546  	-0.3694  	-0.1729  	0.09827  	0.03506  	-0.4550  	0.06696  	0.04578  	0.32080  	0.15080  	0.18569  	-0.1321  	-0.0061  	0.23537  	-0.0164  	0.09358  	0.24798  	0.02348  	0.03571  	-0.0751  	0.20485  	0.09098  	-0.0135  	0.01872  	0.01233  	-0.0533  	0.01271  	0.00674  	0.02846  	-0.0172  	0.03813  	0.00716  	-0.0079  	-0.0052  	0.00440  	0.04353  	0.00793  	0.21899  	0.17035  	-0.1203  	0.00453  	0.00751  	1.29566  	1.27433  	123.652  	115.631  	
-0.7553  	0.11135  	0.32195  	-0.6347  	-0.6868  	-0.1255  	1.10251  	0.16662  	0.37328  	1.57967  	1.22265  	1.01848  	-0.2075  	-0.9180  	-0.2994  	0.14385  	0.49135  	1.06466  	0.27297  	-0.2189  	-0.4309  	0.04450  	0.82301  	-0.4145  	-0.0082  	0.14074  	0.46261  	-0.6452  	-0.2734  	-0.1578  	0.10029  	0.02359  	-0.4439  	0.07678  	0.01274  	0.35040  	0.06290  	0.17284  	-0.1007  	0.02955  	0.26570  	-0.0154  	0.09287  	0.24322  	0.01480  	0.03873  	-0.0773  	0.20885  	0.09272  	-0.0083  	0.02624  	0.01804  	-0.0567  	0.00919  	0.00566  	0.03086  	-0.0201  	0.03863  	0.00797  	-0.0034  	0.00026  	0.00657  	0.04402  	0.00526  	0.21899  	0.17035  	-0.1203  	0.00453  	0.00751  	1.29566  	1.27433  	123.652  	115.631  	
-0.8884  	0.10958  	0.23515  	-0.6946  	-0.7609  	-0.1987  	1.09553  	0.13750  	0.34097  	1.54932  	1.18586  	0.94879  	-0.2384  	-0.9101  	-0.2395  	0.03413  	0.51573  	1.03262  	0.27531  	-0.2378  	-0.3937  	0.02823  	0.89490  	-0.4123  	-0.0022  	0.17609  	0.44887  	-0.6341  	-0.2780  	-0.1709  	0.12015  	0.01679  	-0.4627  	0.07058  	-0.0295  	0.33974  	0.06382  	0.15756  	-0.1212  	0.01979  	0.25131  	-0.0291  	0.10177  	0.26111  	0.03017  	0.03212  	-0.0744  	0.19486  	0.08218  	-0.0064  	0.01893  	0.01490  	-0.0550  	0.00816  	0.00306  	0.02389  	-0.0166  	0.04467  	0.01709  	-0.0014  	-0.0031  	0.00932  	0.04376  	0.01502  	0.21899  	0.17035  	-0.1203  	0.00453  	0.00751  	1.29566  	1.27433  	123.652  	115.631  	
-1.1068  	0.10131  	0.12639  	-0.8477  	-0.7846  	-0.3585  	1.10165  	0.14288  	0.33669  	1.55904  	1.18693  	0.95313  	-0.2385  	-0.8952  	-0.2535  	-0.0758  	0.55076  	1.02373  	0.26270  	-0.2547  	-0.3714  	0.01245  	0.99810  	-0.3954  	-0.0408  	0.17576  	0.46647  	-0.7000  	-0.3419  	-0.1641  	0.13620  	-0.0073  	-0.4789  	0.07171  	-0.0313  	0.32082  	0.06529  	0.14245  	-0.1460  	-0.0242  	0.25381  	-0.0235  	0.07629  	0.25372  	0.03886  	0.03333  	-0.0729  	0.17887  	0.06868  	0.00385  	0.01746  	0.01027  	-0.0530  	0.01194  	0.00696  	0.02510  	-0.0107  	0.04739  	0.01964  	-0.0071  	-0.0071  	0.02384  	0.05206  	0.00890  	0.21899  	0.17035  	-0.1203  	0.00453  	0.00751  	1.29566  	1.27433  	123.652  	115.631  	
-1.2150  	0.06392  	0.09473  	-0.8903  	-0.7744  	-0.4439  	1.07877  	0.13334  	0.32144  	1.60651  	1.22933  	0.92410  	-0.2118  	-0.8273  	-0.2128  	-0.1650  	0.51581  	1.03087  	0.24853  	-0.2700  	-0.3635  	0.02747  	0.97153  	-0.4376  	-0.0736  	0.17912  	0.41885  	-0.7164  	-0.3106  	-0.1664  	0.15994  	-0.0260  	-0.4423  	0.08298  	-0.0628  	0.30148  	0.03426  	0.15622  	-0.1003  	-0.0215  	0.26042  	-0.0213  	0.07768  	0.24002  	0.02472  	0.02936  	-0.0730  	0.19287  	0.06678  	-0.0104  	0.01129  	0.01889  	-0.0567  	0.00567  	-0.0049  	0.01756  	-0.0145  	0.04598  	0.00765  	-0.0080  	0.00321  	0.01564  	0.04687  	0.01034  	0.21899  	0.17035  	-0.1203  	0.00453  	0.00751  	1.29566  	1.27433  	123.652  	115.631  	
-1.2234  	0.08451  	0.12825  	-0.9838  	-0.8216  	-0.5045  	1.10672  	0.13541  	0.31449  	1.66488  	1.31118  	0.87572  	-0.2011  	-0.8498  	-0.3308  	-0.1731  	0.50106  	1.02773  	0.24321  	-0.2655  	-0.3534  	0.06287  	0.98158  	-0.4616  	-0.1051  	0.20631  	0.41854  	-0.7296  	-0.3179  	-0.1862  	0.17938  	-0.0361  	-0.4290  	0.07022  	-0.1198  	0.30687  	0.05504  	0.15757  	-0.1063  	-0.0499  	0.29370  	-0.0254  	0.08412  	0.23997  	0.02767  	0.02705  	-0.0647  	0.20626  	0.06916  	-0.0065  	-0.0039  	0.01985  	-0.0581  	0.00952  	-0.0039  	0.00898  	-0.0206  	0.04434  	0.01321  	-0.0048  	0.00040  	0.02287  	0.04139  	0.00741  	0.21899  	0.17035  	-0.1203  	0.00453  	0.00751  	1.29566  	1.27433  	123.652  	115.631  	
-1.2082  	0.09322  	0.20516  	-1.0734  	-0.8723  	-0.4922  	1.12585  	0.13609  	0.33987  	1.62928  	1.24198  	0.83184  	-0.2204  	-0.8791  	-0.4106  	-0.1686  	0.53302  	0.99222  	0.26682  	-0.2723  	-0.3823  	0.07771  	1.03772  	-0.4361  	-0.0580  	0.21105  	0.47353  	-0.7567  	-0.3202  	-0.1807  	0.17833  	-0.0438  	-0.4451  	0.07630  	-0.1253  	0.28478  	0.07137  	0.14542  	-0.1026  	-0.0510  	0.30668  	-0.0282  	0.09057  	0.27342  	0.03843  	0.02971  	-0.0705  	0.21697  	0.07221  	-0.0058  	-0.0004  	0.02024  	-0.0615  	0.00843  	-0.0096  	0.01401  	-0.0165  	0.04704  	0.01066  	-0.0090  	-0.0008  	0.01804  	0.04860  	0.00905  	0.21899  	0.17035  	-0.1203  	0.00453  	0.00751  	1.29566  	1.27433  	123.652  	115.631  	
-1.0328  	0.12294  	0.23329  	-0.8810  	-0.7929  	-0.3106  	1.07741  	0.18169  	0.37758  	1.52807  	1.14687  	0.94795  	-0.2435  	-0.8559  	-0.2463  	-0.1133  	0.57559  	0.99671  	0.26420  	-0.3158  	-0.3308  	0.07361  	1.03201  	-0.3838  	-0.0444  	0.19661  	0.51192  	-0.7658  	-0.3371  	-0.1638  	0.16156  	-0.0246  	-0.4469  	0.05361  	-0.0961  	0.24334  	0.11783  	0.14859  	-0.1292  	-0.0144  	0.29871  	-0.0421  	0.09093  	0.27726  	0.03293  	0.03374  	-0.0699  	0.19393  	0.07029  	-0.0076  	0.00494  	0.01207  	-0.0604  	0.00051  	-0.0069  	0.01887  	-0.0181  	0.04411  	0.00940  	-0.0141  	-0.0024  	0.02756  	0.05523  	0.01281  	0.21899  	0.17035  	-0.1203  	0.00453  	0.00751  	1.29566  	1.27433  	123.652  	115.631  	
-0.8503  	0.13451  	0.24797  	-0.6741  	-0.7087  	-0.1775  	1.06985  	0.23091  	0.38356  	1.53077  	1.12316  	1.03523  	-0.1824  	-0.8091  	-0.2059  	-0.0557  	0.54242  	1.02333  	0.25198  	-0.2297  	-0.3452  	0.04211  	0.96143  	-0.4159  	-0.0748  	0.18542  	0.43951  	-0.6821  	-0.2734  	-0.1814  	0.15918  	-0.0127  	-0.4331  	0.06826  	-0.0475  	0.28098  	0.07601  	0.15053  	-0.1027  	-0.0067  	0.28931  	-0.0486  	0.10533  	0.26474  	0.02331  	0.02901  	-0.0683  	0.21107  	0.08587  	-0.0246  	0.00417  	0.01125  	-0.0539  	0.00616  	0.00279  	0.01312  	-0.0136  	0.03667  	0.00815  	-0.0160  	0.00078  	0.01043  	0.05531  	0.01763  	0.21899  	0.17035  	-0.1203  	0.00453  	0.00751  	1.29566  	1.27433  	123.652  	115.631  	
-0.7916  	0.14579  	0.34584  	-0.6348  	-0.6797  	-0.2011  	1.08359  	0.21382  	0.38148  	1.61528  	1.21906  	1.05260  	-0.2110  	-0.8461  	-0.2621  	0.08793  	0.49516  	1.05088  	0.25555  	-0.1667  	-0.4042  	0.03674  	0.83194  	-0.4288  	-0.0421  	0.15887  	0.42898  	-0.6678  	-0.2930  	-0.1775  	0.12405  	0.01038  	-0.4386  	0.06907  	0.00512  	0.32188  	0.06760  	0.15180  	-0.1084  	0.00551  	0.26835  	-0.0318  	0.10044  	0.25138  	0.02347  	0.03144  	-0.0674  	0.21411  	0.09402  	-0.0157  	0.01912  	0.01006  	-0.0541  	0.00554  	0.00805  	0.02294  	-0.0122  	0.03644  	0.00403  	-0.0121  	-0.0039  	0.01348  	0.04908  	0.01015  	0.21899  	0.17035  	-0.1203  	0.00453  	0.00751  	1.29566  	1.27433  	123.652  	115.631  	
-0.7372  	0.13942  	0.35502  	-0.6046  	-0.6805  	-0.1301  	1.11834  	0.20382  	0.37987  	1.54282  	1.17097  	0.97458  	-0.1952  	-0.8362  	-0.2333  	0.11223  	0.49521  	1.04490  	0.26065  	-0.2205  	-0.3853  	0.05195  	0.83300  	-0.4148  	-0.0087  	0.14605  	0.48634  	-0.6829  	-0.2980  	-0.1497  	0.11494  	0.01365  	-0.4455  	0.07519  	0.02869  	0.33542  	0.07029  	0.15600  	-0.1078  	0.01396  	0.24138  	-0.0115  	0.08845  	0.24198  	0.02341  	0.03381  	-0.0726  	0.20586  	0.09436  	-0.0093  	0.02346  	0.01260  	-0.0533  	0.00987  	0.00664  	0.02576  	-0.0149  	0.03969  	0.00852  	-0.0105  	-0.0058  	0.01016  	0.05365  	0.01032  	0.21899  	0.17035  	-0.1203  	0.00453  	0.00751  	1.29566  	1.27433  	123.652  	115.631  	
-0.8140  	0.15052  	0.27603  	-0.6348  	-0.7111  	-0.1858  	1.10181  	0.16530  	0.34324  	1.48566  	1.07847  	0.92067  	-0.2353  	-0.9035  	-0.2032  	0.03639  	0.53867  	1.03180  	0.26635  	-0.2394  	-0.3640  	0.04373  	0.87274  	-0.4258  	0.02831  	0.14940  	0.51053  	-0.6837  	-0.2971  	-0.1454  	0.11109  	0.02118  	-0.4804  	0.06765  	-0.0195  	0.34376  	0.08911  	0.15572  	-0.1016  	0.02418  	0.22725  	-0.0298  	0.08133  	0.26836  	0.02667  	0.03235  	-0.0720  	0.20594  	0.08392  	-0.0088  	0.01803  	0.01258  	-0.0515  	0.00807  	0.00199  	0.02490  	-0.0170  	0.04184  	0.00798  	-0.0067  	-0.0028  	0.00619  	0.05159  	0.01161  	0.21899  	0.17035  	-0.1203  	0.00453  	0.00751  	1.29566  	1.27433  	123.652  	115.631  	
-1.0027  	0.07266  	0.15196  	-0.5947  	-0.6711  	-0.2736  	1.08929  	0.17880  	0.33129  	1.44203  	1.07223  	0.94537  	-0.2177  	-0.8528  	-0.0675  	-0.0760  	0.56986  	1.00935  	0.28743  	-0.2696  	-0.3334  	0.04759  	0.88293  	-0.3376  	0.05946  	0.15072  	0.60865  	-0.7229  	-0.3238  	-0.1253  	0.10878  	0.03423  	-0.4777  	0.06187  	-0.0158  	0.31657  	0.11801  	0.15772  	-0.1367  	-0.0056  	0.21019  	-0.0137  	0.05340  	0.24571  	0.02984  	0.03082  	-0.0768  	0.18828  	0.07733  	-0.0091  	0.01756  	0.01791  	-0.0538  	0.01203  	0.00077  	0.02276  	-0.0116  	0.04466  	0.01458  	-0.0074  	-0.0049  	0.00521  	0.04713  	0.00670  	0.21899  	0.17035  	-0.1203  	0.00453  	0.00751  	1.29566  	1.27433  	123.652  	115.631  	
-0.6120  	0.21628  	0.36492  	-0.4115  	-0.5340  	-0.0300  	1.07597  	0.34327  	0.41844  	1.41594  	0.95415  	1.05585  	-0.0827  	-0.4977  	0.26835  	-0.0934  	0.55340  	0.91648  	0.24064  	-0.3304  	-0.1820  	0.07492  	0.96444  	-0.2635  	-0.1037  	0.16233  	0.61983  	-0.9151  	-0.4728  	-0.1464  	0.13954  	0.01191  	-0.4035  	0.06939  	0.11353  	0.13942  	0.16961  	0.17183  	-0.1557  	-0.0276  	0.18542  	-0.0213  	0.08579  	0.24119  	0.02557  	0.03276  	-0.0619  	0.20183  	0.08839  	-0.0069  	0.01407  	0.01640  	-0.0597  	0.00722  	-0.0113  	0.02728  	-0.0219  	0.03442  	0.00940  	-0.0085  	0.00468  	0.01798  	0.03999  	0.00347  	0.21899  	0.17035  	-0.1203  	0.00453  	0.00751  	1.29566  	1.27433  	123.652  	115.631  	
-0.4504  	0.30624  	0.51291  	-0.4001  	-0.6332  	0.05423  	1.11063  	0.44243  	0.47813  	1.42324  	1.02647  	1.06439  	-0.0510  	-0.3924  	0.27703  	-0.0157  	0.56316  	0.90122  	0.26479  	-0.3235  	-0.0866  	0.11765  	1.01326  	-0.2983  	-0.1136  	0.14417  	0.59457  	-0.9591  	-0.5387  	-0.1649  	0.15524  	0.01708  	-0.3904  	0.06225  	0.12176  	0.11845  	0.21892  	0.20162  	-0.1567  	-0.0519  	0.17933  	-0.0312  	0.08698  	0.25244  	0.01376  	0.03787  	-0.0738  	0.21420  	0.08632  	0.00078  	0.00499  	0.01948  	-0.0563  	0.01209  	-0.0079  	0.03549  	-0.0276  	0.03413  	0.00247  	-0.0119  	0.00522  	0.02320  	0.04075  	0.00371  	0.21899  	0.17035  	-0.1203  	0.00453  	0.00751  	1.29566  	1.27433  	123.652  	115.631  	
-0.3989  	0.30958  	0.49832  	-0.3678  	-0.6383  	0.06297  	1.14383  	0.44856  	0.49063  	1.36237  	1.05473  	1.01538  	-0.0725  	-0.4254  	0.31738  	0.00050  	0.54033  	0.90562  	0.25116  	-0.3286  	-0.0494  	0.13177  	0.98104  	-0.3296  	-0.0880  	0.14461  	0.57828  	-0.9753  	-0.4834  	-0.1667  	0.13468  	0.01869  	-0.3788  	0.06765  	0.12010  	0.12145  	0.22577  	0.21752  	-0.1667  	-0.0534  	0.22186  	-0.0283  	0.09640  	0.24313  	0.00987  	0.03593  	-0.0701  	0.22105  	0.08871  	-0.0066  	-0.0025  	0.01716  	-0.0564  	0.01559  	-0.0038  	0.03730  	-0.0254  	0.03844  	0.00403  	-0.0068  	0.00349  	0.02958  	0.04299  	0.00425  	0.21899  	0.17035  	-0.1203  	0.00453  	0.00751  	1.29566  	1.27433  	123.652  	115.631  	
-0.3793  	0.30992  	0.50645  	-0.3630  	-0.6564  	0.06338  	1.12210  	0.44943  	0.48662  	1.34175  	1.10376  	1.00663  	-0.1032  	-0.4384  	0.31749  	0.01843  	0.54932  	0.88778  	0.23109  	-0.3446  	0.00361  	0.10339  	1.00662  	-0.3025  	-0.0950  	0.13128  	0.62823  	-1.0256  	-0.5528  	-0.1694  	0.12571  	0.03703  	-0.3917  	0.06553  	0.15968  	0.09022  	0.29468  	0.23817  	-0.1998  	-0.0746  	0.19913  	-0.0285  	0.08166  	0.24722  	0.01329  	0.03763  	-0.0704  	0.20822  	0.08565  	-0.0071  	-0.0062  	0.01682  	-0.0556  	0.01415  	-0.0044  	0.04041  	-0.0262  	0.03877  	0.00413  	-0.0082  	0.00523  	0.02766  	0.04391  	0.00521  	0.21899  	0.17035  	-0.1203  	0.00453  	0.00751  	1.29566  	1.27433  	123.652  	115.631  	
-0.3847  	0.29406  	0.49119  	-0.3608  	-0.6892  	0.05056  	1.12245  	0.45022  	0.49537  	1.29464  	1.15988  	0.98520  	-0.0940  	-0.4479  	0.29791  	0.02740  	0.54860  	0.88635  	0.23928  	-0.3707  	0.04323  	0.09885  	1.00252  	-0.2793  	-0.0975  	0.12262  	0.65025  	-1.0538  	-0.6228  	-0.1859  	0.11579  	0.05074  	-0.3930  	0.06602  	0.20132  	0.07464  	0.33159  	0.24729  	-0.2141  	-0.0838  	0.18138  	-0.0272  	0.07837  	0.23983  	0.01886  	0.03606  	-0.0740  	0.20128  	0.08394  	-0.0046  	-0.0034  	0.01753  	-0.0544  	0.01648  	-0.0026  	0.03893  	-0.0276  	0.03829  	0.00381  	-0.0080  	0.00542  	0.02522  	0.03927  	0.00475  	0.21899  	0.17035  	-0.1203  	0.00453  	0.00751  	1.29566  	1.27433  	123.652  	115.631  	
-0.3381  	0.31551  	0.54291  	-0.3672  	-0.6882  	0.10139  	1.12866  	0.49210  	0.51707  	1.29499  	1.17775  	1.04082  	-0.0920  	-0.3962  	0.30191  	0.06312  	0.56642  	0.86662  	0.24098  	-0.3970  	0.06068  	0.10338  	1.06469  	-0.2529  	-0.1265  	0.13312  	0.67244  	-1.0709  	-0.6475  	-0.1786  	0.11779  	0.04878  	-0.3875  	0.06408  	0.19919  	0.05619  	0.35066  	0.25952  	-0.2136  	-0.0994  	0.16431  	-0.0248  	0.08603  	0.24121  	0.01444  	0.03652  	-0.0755  	0.21546  	0.08848  	-0.0078  	-0.0042  	0.02141  	-0.0527  	0.01693  	-0.0050  	0.04012  	-0.0323  	0.03946  	0.00325  	-0.0043  	0.00533  	0.02375  	0.04228  	0.00664  	0.21899  	0.17035  	-0.1203  	0.00453  	0.00751  	1.29566  	1.27433  	123.652  	115.631  	
-0.3381  	0.31551  	0.54291  	-0.3672  	-0.6882  	0.10139  	1.12866  	0.49210  	0.51707  	1.29499  	1.17775  	1.04082  	-0.0920  	-0.3962  	0.30191  	0.06312  	0.56642  	0.86662  	0.24098  	-0.3970  	0.06068  	0.10338  	1.06469  	-0.2529  	-0.1265  	0.13312  	0.67244  	-1.0709  	-0.6475  	-0.1786  	0.11779  	0.04878  	-0.3875  	0.06408  	0.19919  	0.05619  	0.35066  	0.25952  	-0.2136  	-0.0994  	0.16431  	-0.0248  	0.08603  	0.24121  	0.01444  	0.03652  	-0.0755  	0.21546  	0.08848  	-0.0078  	-0.0042  	0.02141  	-0.0527  	0.01693  	-0.0050  	0.04012  	-0.0323  	0.03946  	0.00325  	-0.0043  	0.00533  	0.02375  	0.04228  	0.00664  	0.21899  	0.17035  	-0.1203  	0.00453  	0.00751  	1.29566  	1.27433  	123.652  	115.631  	
-0.5327  	0.26405  	0.44820  	-0.4906  	-0.6427  	-0.0233  	1.11775  	0.33071  	0.42518  	1.40045  	1.20051  	1.0333  	-0.1568  	-0.5695  	0.05679  	0.04236  	0.50161  	0.98346  	0.22966  	-0.2996  	-0.1336  	0.03001  	0.96164  	-0.3375  	-0.1139  	0.14393  	0.52478  	-0.8322  	-0.4811  	-0.1889  	0.11990  	0.02456  	-0.3930  	0.06663  	0.14580  	0.17442  	0.19377  	0.19515  	-0.1810  	-0.0413  	0.19460  	-0.0055  	0.06702  	0.23008  	0.01375  	0.03493  	-0.0670  	0.21550  	0.07923  	-0.0085  	0.01397  	0.02061  	-0.0553  	0.00693  	-0.0038  	0.03149  	-0.0203  	0.03931  	0.00657  	-0.0085  	0.00412  	0.01215  	0.04546  	0.00759  	0.21899  	0.17035  	-0.1203  	0.00453  	0.00751  	1.29566  	1.27433  	123.652  	115.631  	
-0.5879  	0.20227  	0.39584  	-0.5215  	-0.6668  	-0.0672  	1.11953  	0.28550  	0.39454  	1.47541  	1.19988  	0.97350  	-0.1793  	-0.6586  	-0.0169  	0.03927  	0.49949  	1.03430  	0.22595  	-0.2590  	-0.2483  	0.02447  	0.94587  	-0.3666  	-0.0967  	0.14727  	0.47257  	-0.7481  	-0.3890  	-0.1734  	0.11438  	0.01334  	-0.4101  	0.07004  	0.10898  	0.22702  	0.12776  	0.18013  	-0.1634  	-0.0335  	0.20997  	-0.0118  	0.07581  	0.23660  	0.01364  	0.03511  	-0.0679  	0.21062  	0.08326  	-0.0169  	0.01968  	0.01938  	-0.0551  	0.00353  	-0.0010  	0.02158  	-0.0163  	0.04246  	0.00770  	-0.0138  	-0.0032  	0.00865  	0.05269  	0.00928  	0.21899  	0.17035  	-0.1203  	0.00453  	0.00751  	1.29566  	1.27433  	123.652  	115.631  	
-0.6651  	0.15287  	0.38547  	-0.5522  	-0.6752  	-0.1270  	1.10552  	0.24650  	0.38842  	1.53008  	1.22520  	0.99496  	-0.1978  	-0.7606  	-0.1495  	0.10725  	0.48870  	1.04818  	0.24270  	-0.2029  	-0.3115  	0.02246  	0.85758  	-0.3886  	-0.0508  	0.13862  	0.46674  	-0.7075  	-0.3531  	-0.1742  	0.10294  	0.02562  	-0.4139  	0.06914  	0.07826  	0.28155  	0.10327  	0.16844  	-0.1512  	-0.0240  	0.23744  	-0.0125  	0.09028  	0.23884  	0.02109  	0.03066  	-0.0697  	0.21067  	0.09134  	-0.0200  	0.02186  	0.01386  	-0.0529  	0.00704  	0.00204  	0.02126  	-0.0085  	0.04242  	0.00815  	-0.0134  	-0.0042  	0.01128  	0.05920  	0.01512  	0.21899  	0.17035  	-0.1203  	0.00453  	0.00751  	1.29566  	1.27433  	123.652  	115.631  	
-0.7727  	0.12405  	0.33177  	-0.7035  	-0.7584  	-0.2352  	1.08969  	0.18190  	0.34360  	1.60055  	1.18833  	0.96806  	-0.2231  	-0.8555  	-0.2954  	0.07540  	0.50139  	1.06845  	0.24995  	-0.2345  	-0.4478  	0.00705  	0.86543  	-0.4509  	-0.0378  	0.16610  	0.40947  	-0.6344  	-0.2536  	-0.1461  	0.11864  	0.02940  	-0.4324  	0.07369  	-0.0100  	0.33150  	0.04722  	0.15124  	-0.1153  	0.01154  	0.28530  	-0.0220  	0.11240  	0.25125  	0.01665  	0.02418  	-0.0724  	0.20308  	0.09235  	-0.0208  	0.01448  	0.00939  	-0.0548  	0.01149  	0.00559  	0.01737  	-0.0124  	0.03705  	0.00862  	-0.0123  	-0.0024  	0.01306  	0.05603  	0.01435  	0.21899  	0.17035  	-0.1203  	0.00453  	0.00751  	1.29566  	1.27433  	123.652  	115.631  	
-1.1526  	0.08096  	0.12561  	-0.7602  	-0.7375  	-0.3795  	1.10394  	0.15022  	0.35749  	1.61957  	1.17900  	0.91449  	-0.1982  	-0.8014  	-0.2951  	-0.0167  	0.52017  	0.98869  	0.26721  	-0.2467  	-0.3854  	0.07311  	0.89033  	-0.3599  	0.05813  	0.16210  	0.50177  	-0.6976  	-0.2874  	-0.1263  	0.11534  	-0.0100  	-0.4604  	0.05152  	-0.0014  	0.36960  	0.05651  	0.13677  	-0.1260  	-0.0124  	0.23764  	0.00839  	0.08060  	0.22076  	0.03042  	0.03704  	-0.0678  	0.19054  	0.08200  	-0.0042  	0.01588  	0.01452  	-0.0546  	0.01564  	0.00265  	0.01862  	-0.0160  	0.04211  	0.01531  	-0.0045  	-0.0086  	0.01542  	0.05393  	0.01262  	0.21899  	0.17035  	-0.1203  	0.00453  	0.00751  	1.29566  	1.27433  	123.652  	115.631  	
-1.2035  	0.09242  	0.19694  	-1.0231  	-0.9558  	-0.4149  	1.01726  	0.20511  	0.28555  	1.52596  	1.25162  	0.86327  	-0.2522  	-0.7413  	-0.1588  	-0.2324  	0.62524  	0.95657  	0.28054  	-0.3733  	-0.1931  	0.01484  	1.01803  	-0.3366  	0.05046  	0.19264  	0.58670  	-0.9143  	-0.4442  	-0.1222  	0.18644  	0.00062  	-0.4579  	0.03251  	-0.0083  	0.28519  	0.17831  	0.15611  	-0.1592  	-0.1007  	0.22992  	0.00047  	0.06612  	0.22262  	0.04141  	0.03288  	-0.0643  	0.19162  	0.06079  	0.00351  	-0.0034  	0.01972  	-0.0576  	0.01472  	-0.0116  	0.01359  	-0.0142  	0.04431  	0.01108  	-0.0004  	-0.0063  	0.01423  	0.03195  	-0.0021  	0.21899  	0.17035  	-0.1203  	0.00453  	0.00751  	1.29566  	1.27433  	123.652  	115.631  	
-0.7260  	0.15568  	0.25470  	-0.5978  	-0.5998  	-0.1531  	1.01288  	0.33701  	0.38295  	1.45938  	1.09824  	1.02437  	-0.1303  	-0.6535  	0.13997  	-0.1249  	0.53047  	0.92366  	0.27200  	-0.3382  	-0.1235  	0.05946  	0.97110  	-0.2567  	-0.1398  	0.17432  	0.69864  	-0.9909  	-0.5657  	-0.1572  	0.14735  	0.04789  	-0.4309  	0.03352  	0.13605  	0.13842  	0.19026  	0.17328  	-0.2016  	0.01287  	0.18044  	-0.0151  	0.05771  	0.23715  	0.02772  	0.03988  	-0.0594  	0.19666  	0.07521  	-0.0077  	-0.0049  	0.01094  	-0.0638  	0.00578  	-0.0190  	0.01715  	-0.0301  	0.03067  	0.00289  	-0.0087  	-0.0018  	0.01024  	0.03550  	-0.0010  	0.21899  	0.17035  	-0.1203  	0.00453  	0.00751  	1.29566  	1.27433  	123.652  	115.631  	
-0.3925  	0.28778  	0.51672  	-0.3213  	-0.5452  	0.09774  	1.12271  	0.42426  	0.44095  	1.43360  	0.82176  	0.98426  	0.01208  	-0.3499  	0.36513  	-0.0885  	0.53889  	0.90802  	0.26092  	-0.3945  	-0.1628  	0.13153  	1.03627  	-0.3125  	-0.0393  	0.14354  	0.66785  	-0.9660  	-0.4624  	-0.1193  	0.13602  	0.02384  	-0.4048  	0.07196  	0.13461  	0.13511  	0.17008  	0.17866  	-0.1282  	-0.0126  	0.17158  	-0.0221  	0.10906  	0.26588  	0.00909  	0.03633  	-0.0771  	0.24441  	0.09625  	-0.0100  	0.01059  	0.02452  	-0.0576  	0.00653  	-0.0043  	0.03485  	-0.0309  	0.03323  	-0.0009  	-0.0135  	0.00524  	0.02285  	0.03893  	0.00220  	0.21899  	0.17035  	-0.1203  	0.00453  	0.00751  	1.29566  	1.27433  	123.652  	115.631  	
-0.5699  	0.22244  	0.40698  	-0.4146  	-0.5870  	-0.0461  	1.12277  	0.31646  	0.40397  	1.48959  	1.00823  	0.97300  	-0.0915  	-0.5607  	0.10096  	-0.0721  	0.52308  	0.94754  	0.26641  	-0.2875  	-0.2251  	0.09772  	0.94111  	-0.3738  	0.04030  	0.10218  	0.57448  	-0.8805  	-0.3686  	-0.1288  	0.11776  	0.00681  	-0.4317  	0.07396  	0.05492  	0.20491  	0.15610  	0.20352  	-0.1422  	-0.0037  	0.24628  	-0.0275  	0.10761  	0.24734  	0.01662  	0.03190  	-0.0734  	0.22892  	0.07975  	-0.0163  	0.01290  	0.01321  	-0.0560  	0.00391  	-0.0045  	0.03027  	-0.0149  	0.03890  	0.01090  	-0.0071  	-0.0005  	0.00723  	0.04913  	0.00537  	0.21899  	0.17035  	-0.1203  	0.00453  	0.00751  	1.29566  	1.27433  	123.652  	115.631  	
-0.8654  	0.12832  	0.22608  	-0.6765  	-0.7208  	-0.1482  	1.07696  	0.19652  	0.35845  	1.43702  	1.11531  	0.94216  	-0.2051  	-0.8422  	-0.1223  	-0.0644  	0.53635  	1.00361  	0.27038  	-0.2981  	-0.3090  	0.07038  	0.94919  	-0.3954  	0.02215  	0.15048  	0.55937  	-0.7758  	-0.2902  	-0.1527  	0.12171  	0.01405  	-0.4597  	0.07153  	-0.0457  	0.29505  	0.10927  	0.19159  	-0.1191  	-0.0040  	0.25769  	-0.0294  	0.09883  	0.26307  	0.01911  	0.03453  	-0.0732  	0.20211  	0.07274  	-0.0181  	0.00912  	0.01833  	-0.0474  	0.01352  	0.00077  	0.01749  	-0.0178  	0.04134  	0.01796  	-0.0085  	-0.0015  	0.01637  	0.04303  	0.01025  	0.21899  	0.17035  	-0.1203  	0.00453  	0.00751  	1.29566  	1.27433  	123.652  	115.631  	
-0.8935  	0.08896  	0.21813  	-0.6739  	-0.7178  	-0.1540  	1.07897  	0.14868  	0.34845  	1.43348  	1.08364  	0.91854  	-0.2104  	-0.9057  	-0.1695  	-0.0618  	0.52897  	1.03460  	0.25904  	-0.2148  	-0.3773  	0.03488  	0.93436  	-0.4157  	0.02057  	0.16934  	0.47852  	-0.6382  	-0.2841  	-0.1454  	0.13754  	0.00047  	-0.4786  	0.07500  	-0.0527  	0.30750  	0.07068  	0.14690  	-0.0917  	0.00655  	0.25476  	-0.0113  	0.08450  	0.26525  	0.02580  	0.02950  	-0.0732  	0.19722  	0.07538  	-0.0081  	0.01764  	0.02068  	-0.0566  	0.00125  	0.00204  	0.02223  	-0.0146  	0.04498  	0.01012  	-0.0164  	-0.0037  	0.00827  	0.05311  	0.01230  	0.21899  	0.17035  	-0.1203  	0.00453  	0.00751  	1.29566  	1.27433  	123.652  	115.631  	
-0.8701  	0.09584  	0.18822  	-0.5742  	-0.5829  	-0.1946  	1.06863  	0.22720  	0.34108  	1.45827  	1.12441  	1.04399  	-0.1810  	-0.7767  	0.00162  	0.01189  	0.52416  	1.02348  	0.26967  	-0.2251  	-0.2658  	0.04573  	0.87799  	-0.2938  	-0.0621  	0.16115  	0.54531  	-0.7357  	-0.3730  	-0.1766  	0.10636  	0.01128  	-0.4462  	0.06486  	0.06370  	0.25008  	0.12647  	0.17305  	-0.1622  	0.02451  	0.20467  	-0.0004  	0.04790  	0.24309  	0.01938  	0.03301  	-0.0706  	0.21288  	0.07034  	-0.0048  	0.01113  	0.01863  	-0.0588  	0.00525  	-0.0082  	0.01939  	-0.0182  	0.04214  	0.00939  	-0.0131  	-0.0054  	0.00901  	0.04583  	0.00636  	0.21899  	0.17035  	-0.1203  	0.00453  	0.00751  	1.29566  	1.27433  	123.652  	115.631  	
-0.4377  	0.22627  	0.36678  	-0.1995  	-0.4304  	0.00331  	1.12924  	0.34257  	0.39804  	1.41733  	0.80391  	1.00569  	-0.0010  	-0.4195  	0.41608  	-0.0767  	0.53872  	0.87774  	0.25724  	-0.3253  	-0.2116  	0.14886  	0.92946  	-0.2550  	-0.0308  	0.13920  	0.67304  	-0.8937  	-0.4517  	-0.1178  	0.11334  	0.02143  	-0.4280  	0.05783  	0.15314  	0.16593  	0.17181  	0.13309  	-0.1615  	0.02817  	0.13892  	-4.4785  	0.06782  	0.26165  	0.02207  	0.03401  	-0.0767  	0.22354  	0.10270  	-0.0124  	0.00198  	0.01512  	-0.0654  	0.00633  	-0.0043  	0.03523  	-0.0165  	0.03452  	0.00708  	-0.0049  	-0.0032  	0.02246  	0.02912  	-0.0003  	0.21899  	0.17035  	-0.1203  	0.00453  	0.00751  	1.29566  	1.27433  	123.652  	115.631  	
-0.1718  	0.29287  	0.59244  	-0.1255  	-0.4589  	0.13875  	1.22356  	0.36668  	0.44709  	1.53881  	0.57296  	0.86863  	0.14255  	-0.1241  	0.59524  	-0.2521  	0.54080  	0.86342  	0.20871  	-0.4591  	-0.3263  	0.25547  	1.01444  	-0.3524  	0.09703  	0.09973  	0.70504  	-0.9749  	-0.2886  	-0.0400  	0.14234  	-0.0038  	-0.4280  	0.08355  	0.04459  	0.17579  	0.08344  	0.14088  	-0.0644  	0.02967  	0.17881  	-0.0094  	0.11364  	0.27884  	0.00752  	0.02704  	-0.0985  	0.26858  	0.11864  	-0.0205  	0.01602  	0.01776  	-0.0541  	0.00202  	0.00384  	0.04634  	-0.0282  	0.03284  	0.00054  	-0.0043  	0.00722  	0.02391  	0.04280  	0.00179  	0.21899  	0.17035  	-0.1203  	0.00453  	0.00751  	1.29566  	1.27433  	123.652  	115.631  	
-0.3648  	0.28170  	0.41069  	-0.2833  	-0.5245  	-0.0497  	1.19852  	0.30354  	0.38334  	1.49193  	0.68709  	0.76112  	0.05345  	-0.3108  	0.47957  	-0.2996  	0.57912  	0.84308  	0.24309  	-0.4577  	-0.2507  	0.22442  	0.99855  	-0.2619  	0.17712  	0.10862  	0.83696  	-1.0279  	-0.3614  	-0.0487  	0.11868  	0.01231  	-0.4739  	0.05819  	0.10937  	0.18301  	0.15225  	0.16387  	-0.1086  	0.03393  	0.14526  	0.00248  	0.09550  	0.26435  	0.01451  	0.02931  	-0.0925  	0.23586  	0.10742  	-0.0162  	0.00133  	0.02033  	-0.0610  	0.01579  	-0.0043  	0.02598  	-0.0310  	0.02905  	0.00335  	-0.0021  	0.00231  	0.02084  	0.04967  	0.00111  	0.21899  	0.17035  	-0.1203  	0.00453  	0.00751  	1.29566  	1.27433  	123.652  	115.631  	
-0.6138  	0.15092  	0.29154  	-0.4954  	-0.5802  	-0.0628  	1.09885  	0.31699  	0.36106  	1.35690  	1.04697  	0.94418  	-0.1251  	-0.6789  	0.09328  	-0.1194  	0.54388  	0.89535  	0.28244  	-0.3450  	-0.1472  	0.10349  	0.96819  	-0.3353  	-0.0512  	0.14989  	0.66189  	-0.9468  	-0.4619  	-0.1676  	0.10715  	0.04871  	-0.4462  	0.04288  	0.12087  	0.17377  	0.22872  	0.20613  	-0.1992  	-0.0217  	0.21823  	-0.0130  	0.08622  	0.26608  	0.02900  	0.02753  	-0.0652  	0.20449  	0.08935  	-0.0092  	-0.0053  	0.01595  	-0.0620  	0.01085  	-0.0071  	0.01464  	-0.0179  	0.03917  	0.00452  	-0.0110  	-0.0072  	0.01141  	0.04604  	-0.0032  	0.21899  	0.17035  	-0.1203  	0.00453  	0.00751  	1.29566  	1.27433  	123.652  	115.631  	
-0.6955  	0.14405  	0.33920  	-0.6504  	-0.6871  	-0.0830  	1.06527  	0.21428  	0.37542  	1.41144  	1.14823  	0.93980  	-0.1856  	-0.8336  	-0.1289  	0.03888  	0.54308  	0.95037  	0.30616  	-0.3155  	-0.2528  	0.06555  	0.96640  	-0.3389  	-0.0157  	0.14183  	0.58420  	-0.8527  	-0.4050  	-0.1751  	0.09771  	0.02828  	-0.4593  	0.04816  	0.05018  	0.28438  	0.20215  	0.18282  	-0.1617  	-0.0194  	0.22164  	-0.0010  	0.07803  	0.23981  	0.02094  	0.03947  	-0.0664  	0.20431  	0.08218  	-0.0136  	0.00287  	0.01587  	-0.0597  	0.01714  	-0.0026  	0.02012  	-0.0187  	0.04361  	0.01621  	-0.0191  	-0.0101  	0.01514  	0.04178  	0.00048  	0.21899  	0.17035  	-0.1203  	0.00453  	0.00751  	1.29566  	1.27433  	123.652  	115.631  	
-0.6985  	0.14277  	0.36401  	-0.5812  	-0.6780  	-0.0819  	1.10455  	0.21029  	0.37248  	1.53087  	1.20314  	0.94634  	-0.2235  	-0.8769  	-0.2214  	0.15006  	0.50487  	1.00800  	0.28636  	-0.2464  	-0.2865  	0.07501  	0.86899  	-0.3649  	0.06683  	0.12985  	0.55593  	-0.7507  	-0.3452  	-0.1581  	0.08826  	0.01786  	-0.4729  	0.05966  	0.04201  	0.33551  	0.13879  	0.17690  	-0.1268  	-0.0037  	0.22181  	0.00304  	0.08807  	0.24487  	0.02552  	0.03755  	-0.0740  	0.21096  	0.08523  	-0.0115  	0.02853  	0.01516  	-0.0573  	0.00789  	0.00916  	0.02910  	-0.0108  	0.03809  	0.00685  	-0.0098  	-0.0055  	-0.0016  	0.04799  	0.01067  	0.21899  	0.17035  	-0.1203  	0.00453  	0.00751  	1.29566  	1.27433  	123.652  	115.631  	
-0.7874  	0.09647  	0.23499  	-0.6018  	-0.7141  	-0.1359  	1.10159  	0.17967  	0.34687  	1.46945  	1.15920  	0.92372  	-0.2072  	-0.8669  	-0.1152  	0.00127  	0.53530  	1.00414  	0.25808  	-0.2848  	-0.3073  	0.07431  	0.90444  	-0.3787  	0.03087  	0.12977  	0.54228  	-0.7326  	-0.3104  	-0.1401  	0.11257  	0.02951  	-0.4773  	0.06595  	0.01685  	0.32288  	0.11923  	0.16911  	-0.1319  	-0.0112  	0.22513  	-0.0246  	0.08447  	0.24971  	0.01950  	0.02775  	-0.0697  	0.19610  	0.08335  	-0.0108  	0.02369  	0.01401  	-0.0521  	0.00815  	0.00475  	0.02774  	-0.0117  	0.04605  	0.00768  	-0.0041  	-0.0020  	0.00162  	0.05642  	0.01234  	0.21899  	0.17035  	-0.1203  	0.00453  	0.00751  	1.29566  	1.27433  	123.652  	115.631  	
-0.8094  	0.13003  	0.27413  	-0.5927  	-0.7217  	-0.1855  	1.05754  	0.22610  	0.34163  	1.38424  	1.16029  	0.93080  	-0.1870  	-0.8735  	0.01729  	-0.1487  	0.64633  	0.80251  	0.32135  	-0.5535  	-0.1877  	-0.1505  	0.69243  	-0.3897  	-0.0832  	0.25080  	0.52222  	-0.8890  	-0.3071  	-0.1827  	0.23515  	-0.0242  	-0.5589  	-0.0915  	-0.0081  	0.24679  	0.08842  	0.17802  	-0.2714  	-0.1186  	0.31718  	0.10299  	-0.0462  	0.32074  	-0.0315  	0.05095  	-0.0873  	0.21140  	0.06369  	-0.0219  	0.02289  	0.02456  	-0.0590  	0.02765  	0.00911  	0.03067  	-0.0211  	0.03203  	0.01073  	0.00038  	0.00169  	0.00811  	0.02991  	0.00531  	0.21899  	0.17035  	-0.1203  	0.00453  	0.00751  	1.29566  	1.27433  	123.652  	115.631  	
-0.7306  	0.14804  	0.36369  	-0.5185  	-0.6636  	-0.1892  	1.07625  	0.28947  	0.33307  	1.43024  	1.16132  	0.99421  	-0.1172  	-0.8979  	0.04095  	-0.0988  	0.69229  	0.72583  	0.38167  	-0.6797  	-0.2085  	-0.3665  	0.40816  	-0.3851  	-0.1460  	0.32104  	0.47390  	-0.8499  	-0.1883  	-0.1930  	0.31537  	-0.0655  	-0.6400  	-0.2223  	-0.0704  	0.25017  	-0.0489  	0.15979  	-0.3516  	-0.1572  	0.36977  	0.22792  	-0.1400  	0.37618  	-0.0772  	0.06205  	-0.1144  	0.22685  	0.05573  	-0.0388  	0.03167  	0.02564  	-0.0515  	0.03380  	0.01846  	0.02842  	-0.0157  	0.02113  	0.00940  	0.00757  	0.00627  	0.00198  	0.01383  	0.00992  	0.21899  	0.17035  	-0.1203  	0.00453  	0.00751  	1.29566  	1.27433  	123.652  	115.631  	
-0.7042  	0.18440  	0.46524  	-0.6799  	-0.7359  	-0.2984  	1.06100  	0.29829  	0.32366  	1.51760  	1.17958  	0.98106  	-0.1173  	-0.9442  	-0.0938  	-0.0582  	0.68293  	0.71771  	0.37744  	-0.7065  	-0.3059  	-0.4137  	0.32467  	-0.4635  	-0.1768  	0.36131  	0.35781  	-0.8307  	-0.0732  	-0.2013  	0.35452  	-0.0866  	-0.6339  	-0.2537  	-0.1561  	0.29343  	-0.1164  	0.13609  	-0.3343  	-0.1415  	0.44872  	0.23443  	-0.1448  	0.40207  	-0.0975  	0.06860  	-0.1217  	0.23918  	0.06530  	-0.0382  	0.03353  	0.01663  	-0.0532  	0.03709  	0.01737  	0.02299  	-0.0152  	0.01497  	0.00250  	0.00415  	0.00708  	0.00108  	0.01321  	0.01381  	0.21899  	0.17035  	-0.1203  	0.00453  	0.00751  	1.29566  	1.27433  	123.652  	115.631  	
-1.0680  	0.12323  	0.26823  	-0.7247  	-0.7148  	-0.4480  	1.06677  	0.22720  	0.28776  	1.55844  	1.18186  	0.95534  	-0.0702  	-0.9070  	-0.1507  	-0.1347  	0.71102  	0.68102  	0.38201  	-0.6852  	-0.2516  	-0.4070  	0.41069  	-0.3890  	-0.0736  	0.33568  	0.48458  	-0.8649  	-0.1218  	-0.1688  	0.35959  	-0.0998  	-0.6432  	-0.2355  	-0.0909  	0.33535  	-0.1484  	0.14023  	-0.3384  	-0.1387  	0.41275  	0.22406  	-0.1410  	0.39233  	-0.0684  	0.06408  	-0.1203  	0.22798  	0.06143  	-0.0331  	0.02800  	0.01988  	-0.0542  	0.03829  	0.01998  	0.01613  	-0.0158  	0.02319  	0.00287  	0.00709  	0.00648  	0.00391  	0.04877  	0.01319  	0.21899  	0.17035  	-0.1203  	0.00453  	0.00751  	1.29566  	1.27433  	123.652  	115.631  	
-1.3230  	-0.0342  	0.10031  	-1.0213  	-0.8175  	-0.5752  	0.97284  	0.16688  	0.29931  	1.57470  	1.41147  	0.91163  	-0.1299  	-0.8801  	-0.0829  	-0.3308  	0.70184  	0.74325  	0.33573  	-0.5831  	-0.1192  	-0.2743  	0.80083  	-0.2961  	-0.1407  	0.30825  	0.51567  	-0.9348  	-0.3191  	-0.1566  	0.33200  	-0.0675  	-0.5243  	-0.1112  	-0.0646  	0.16111  	0.07556  	0.14929  	-0.2971  	-0.1561  	0.30289  	0.09998  	-0.0627  	0.31745  	-0.0055  	0.05750  	-0.0855  	0.18423  	0.05659  	-0.0148  	-0.0145  	0.01090  	-0.0596  	0.01876  	-0.0006  	0.01430  	-0.0293  	0.03001  	0.00180  	-0.0031  	0.01093  	0.01600  	0.02612  	-0.0076  	0.21899  	0.17035  	-0.1203  	0.00453  	0.00751  	1.29566  	1.27433  	123.652  	115.631  	
-1.1899  	0.05254  	0.18065  	-1.0557  	-0.9114  	-0.5098  	1.09750  	0.20401  	0.33452  	1.64689  	1.35175  	0.91178  	-0.1659  	-0.7099  	-0.1933  	-0.2720  	0.59822  	0.96312  	0.25238  	-0.3120  	-0.2485  	0.07472  	1.03508  	-0.3559  	-0.0717  	0.19569  	0.49027  	-0.9065  	-0.3693  	-0.1927  	0.18811  	-0.0639  	-0.4298  	0.05340  	-0.0959  	0.23503  	0.11639  	0.17255  	-0.0930  	-0.0228  	0.25687  	-0.0007  	0.06464  	0.23147  	0.02227  	0.03804  	-0.0641  	0.20670  	0.08331  	-0.0215  	-0.0086  	0.01536  	-0.0686  	0.00535  	-0.0054  	0.00961  	-0.0262  	0.04349  	0.00495  	-0.0175  	0.00435  	0.02600  	0.05019  	0.00440  	0.21899  	0.17035  	-0.1203  	0.00453  	0.00751  	1.29566  	1.27433  	123.652  	115.631  	
-1.0557  	0.11431  	0.23396  	-0.9406  	-0.8534  	-0.3558  	1.10009  	0.21047  	0.37354  	1.55958  	1.20639  	0.92739  	-0.1879  	-0.8025  	-0.2347  	-0.1619  	0.56810  	1.02475  	0.28156  	-0.2588  	-0.2813  	0.06671  	1.02011  	-0.3945  	-0.0588  	0.18022  	0.49528  	-0.7714  	-0.2960  	-0.1676  	0.17705  	-0.0348  	-0.4464  	0.06216  	-0.1120  	0.23348  	0.07026  	0.15320  	-0.0881  	0.00434  	0.29113  	-0.0468  	0.09559  	0.25749  	0.03697  	0.02325  	-0.0729  	0.20700  	0.08591  	-0.0169  	0.00410  	0.01806  	-0.0656  	0.00920  	-0.0046  	0.01555  	-0.0235  	0.03602  	0.00700  	-0.0070  	0.00262  	0.01825  	0.05287  	0.00584  	0.21899  	0.17035  	-0.1203  	0.00453  	0.00751  	1.29566  	1.27433  	123.652  	115.631  	
-0.9005  	0.13771  	0.25315  	-0.6727  	-0.7147  	-0.1807  	1.05212  	0.24411  	0.39817  	1.46192  	1.12112  	1.00872  	-0.2137  	-0.8196  	-0.1082  	-0.0863  	0.56109  	1.00873  	0.28870  	-0.2484  	-0.3057  	0.05267  	0.97931  	-0.3870  	-0.0623  	0.17776  	0.49968  	-0.7234  	-0.2824  	-0.1667  	0.13295  	-0.0075  	-0.4219  	0.07332  	-0.0541  	0.24611  	0.07726  	0.15914  	-0.1103  	-0.0160  	0.28124  	-0.0423  	0.10184  	0.26228  	0.02574  	0.03420  	-0.0627  	0.20618  	0.07873  	-0.0139  	0.00363  	0.01673  	-0.0599  	0.00789  	-0.0076  	0.01432  	-0.0156  	0.04254  	0.00883  	-0.0130  	0.00134  	0.01674  	0.04653  	0.00378  	0.21899  	0.17035  	-0.1203  	0.00453  	0.00751  	1.29566  	1.27433  	123.652  	115.631  	
-0.7361  	0.13770  	0.30307  	-0.5514  	-0.6235  	-0.1373  	1.09906  	0.21964  	0.35703  	1.48521  	1.08888  	0.96762  	-0.1879  	-0.8171  	-0.1236  	0.03382  	0.51668  	1.01270  	0.25309  	-0.2055  	-0.3531  	0.04486  	0.90200  	-0.4177  	-0.0108  	0.15663  	0.48668  	-0.6770  	-0.3007  	-0.1578  	0.12101  	-0.0097  	-0.4492  	0.06204  	-0.0176  	0.31036  	0.10244  	0.14702  	-0.1038  	0.00083  	0.24295  	-0.0432  	0.10203  	0.25980  	0.02900  	0.03659  	-0.0647  	0.21831  	0.08387  	-0.0189  	0.01472  	0.01300  	-0.0526  	0.00393  	0.00400  	0.02200  	-0.0144  	0.03994  	0.00571  	-0.0086  	-0.0055  	0.00314  	0.05157  	0.01175  	0.21899  	0.17035  	-0.1203  	0.00453  	0.00751  	1.29566  	1.27433  	123.652  	115.631  	
-0.6467  	0.15724  	0.39733  	-0.5166  	-0.6180  	-0.1259  	1.14112  	0.20989  	0.38439  	1.54033  	1.08746  	1.00484  	-0.1693  	-0.8042  	-0.1716  	0.10987  	0.47864  	1.06720  	0.25532  	-0.1510  	-0.4197  	0.05273  	0.77787  	-0.4443  	0.01965  	0.13234  	0.45615  	-0.6390  	-0.2654  	-0.1484  	0.10001  	0.00958  	-0.4569  	0.08567  	0.01148  	0.35036  	0.05601  	0.15569  	-0.0921  	0.03209  	0.24429  	-0.0263  	0.09249  	0.24733  	0.02683  	0.03274  	-0.0743  	0.22716  	0.09505  	-0.0158  	0.02942  	0.01389  	-0.0538  	0.00309  	0.00827  	0.03006  	-0.0116  	0.04016  	0.00707  	-0.0058  	-0.0029  	0.00187  	0.05000  	0.00739  	0.21899  	0.17035  	-0.1203  	0.00453  	0.00751  	1.29566  	1.27433  	123.652  	115.631  	
-0.8267  	0.10617  	0.22362  	-0.5824  	-0.6711  	-0.2311  	1.12566  	0.17885  	0.34584  	1.51684  	1.09369  	0.93470  	-0.2073  	-0.8372  	-0.2369  	0.03799  	0.49057  	1.03869  	0.25000  	-0.1697  	-0.3952  	0.03893  	0.80138  	-0.4027  	0.05300  	0.14269  	0.46142  	-0.6194  	-0.2369  	-0.1234  	0.10508  	0.01721  	-0.4671  	0.06977  	-0.0232  	0.37662  	0.04410  	0.14191  	-0.0880  	0.03332  	0.23211  	-0.0346  	0.08704  	0.25290  	0.02896  	0.03262  	-0.0811  	0.20851  	0.08411  	-0.0156  	0.02569  	0.02011  	-0.0553  	0.00372  	0.00303  	0.02104  	-0.0129  	0.04294  	0.00804  	-0.0038  	-0.0072  	0.00324  	0.04938  	0.00779  	0.21899  	0.17035  	-0.1203  	0.00453  	0.00751  	1.29566  	1.27433  	123.652  	115.631  	
-0.8388  	0.09309  	0.16233  	-0.4742  	-0.5841  	-0.2045  	1.07245  	0.30336  	0.36596  	1.37391  	1.15851  	1.06284  	-0.1729  	-0.5994  	0.21292  	-0.1351  	0.53268  	0.89761  	0.25408  	-0.2273  	-0.2010  	0.02799  	0.88779  	-0.2866  	-0.0625  	0.13423  	0.58324  	-0.8066  	-0.4600  	-0.1591  	0.11764  	0.00900  	-0.4271  	0.07789  	0.15379  	0.20506  	0.16968  	0.17178  	-0.1424  	-0.0248  	0.13978  	-0.0167  	0.01671  	0.24092  	0.03848  	0.04285  	-0.0812  	0.19372  	0.06116  	-0.0085  	0.00679  	0.01912  	-0.0598  	-0.0002  	-0.0057  	0.01751  	-0.0178  	0.05010  	0.01437  	-0.0090  	-0.0027  	-0.0011  	0.05596  	0.01357  	0.21899  	0.17035  	-0.1203  	0.00453  	0.00751  	1.29566  	1.27433  	123.652  	115.631  	
-0.3973  	0.28887  	0.43260  	-0.3437  	-0.5850  	0.01846  	1.12871  	0.38028  	0.41838  	1.44675  	0.80690  	0.98082  	0.05058  	-0.3158  	0.52985  	-0.1845  	0.55423  	0.86260  	0.24168  	-0.4149  	-0.1264  	0.17401  	1.00961  	-0.2755  	-0.0494  	0.14941  	0.66225  	-1.0059  	-0.4611  	-0.1298  	0.12601  	-0.0286  	-0.4164  	0.04701  	0.15929  	0.12396  	0.19454  	0.15156  	-0.1345  	0.01446  	0.12881  	-0.0108  	0.06723  	0.26202  	0.01319  	0.03641  	-0.0757  	0.22308  	0.08935  	-0.0023  	0.00538  	0.01978  	-0.0602  	0.01016  	-0.0029  	0.03426  	-0.0463  	0.03312  	0.00886  	0.00231  	0.00597  	0.02536  	0.03173  	0.00546  	0.21899  	0.17035  	-0.1203  	0.00453  	0.00751  	1.29566  	1.27433  	123.652  	115.631  	
-0.2596  	0.22394  	0.45828  	-0.0773  	-0.4975  	-0.0090  	1.21579  	0.36365  	0.42491  	1.42410  	0.70638  	0.87433  	0.06836  	-0.3801  	0.54822  	-0.2041  	0.57720  	0.82870  	0.24762  	-0.3933  	-0.1962  	0.23762  	1.02758  	-0.3545  	0.01664  	0.13223  	0.69490  	-1.0065  	-0.3806  	-0.0958  	0.11786  	0.00457  	-0.4371  	0.08537  	0.14555  	0.17132  	0.17849  	0.18996  	-0.1463  	-0.0190  	0.15202  	-0.0152  	0.10431  	0.27198  	0.02035  	0.03152  	-0.0947  	0.24519  	0.10330  	-0.0076  	0.00814  	0.01615  	-0.0612  	0.00186  	0.00503  	0.04489  	-0.0327  	0.03760  	-0.0056  	-0.0081  	-0.0012  	0.01495  	0.03708  	-0.0012  	0.21899  	0.17035  	-0.1203  	0.00453  	0.00751  	1.29566  	1.27433  	123.652  	115.631  	
-0.5006  	0.13784  	0.37508  	-0.3229  	-0.5930  	0.01284  	1.04795  	0.30706  	0.36589  	1.38852  	1.12663  	0.93708  	-0.1341  	-0.8076  	0.03521  	0.10522  	0.55430  	0.87300  	0.28530  	-0.2930  	-0.1870  	0.07579  	0.82170  	-0.2801  	0.02553  	0.11447  	0.66017  	-0.9479  	-0.5064  	-0.1253  	0.06979  	0.03775  	-0.4879  	0.03391  	0.12711  	0.24665  	0.22190  	0.18875  	-0.1663  	0.00454  	0.18964  	-0.0221  	0.08171  	0.26641  	0.02610  	0.03305  	-0.0796  	0.21057  	0.08553  	-0.0238  	0.00329  	0.01513  	-0.0563  	0.00839  	-0.0170  	0.03158  	-0.0091  	0.03679  	-0.0073  	-0.0106  	-0.0087  	0.02564  	0.04649  	-0.0005  	0.21899  	0.17035  	-0.1203  	0.00453  	0.00751  	1.29566  	1.27433  	123.652  	115.631  	
-0.6466  	0.11538  	0.41387  	-0.4732  	-0.5942  	-0.1063  	1.12949  	0.19768  	0.36418  	1.50076  	1.06785  	0.95032  	-0.2075  	-0.8792  	-0.2278  	0.18286  	0.51500  	1.01291  	0.29584  	-0.2587  	-0.3550  	0.06121  	0.79887  	-0.3133  	0.11932  	0.12537  	0.66628  	-0.7604  	-0.3551  	-0.1106  	0.07967  	0.06466  	-0.4994  	0.05231  	0.04515  	0.36688  	0.11755  	0.17666  	-0.1183  	0.00955  	0.18363  	0.00117  	0.07196  	0.26348  	0.03411  	0.02813  	-0.0790  	0.21182  	0.10435  	-0.0230  	0.01755  	0.01915  	-0.0516  	0.01317  	0.00947  	0.02090  	-0.0110  	0.03833  	0.01137  	-0.0039  	-0.0086  	-0.0065  	0.05395  	0.00468  	0.21899  	0.17035  	-0.1203  	0.00453  	0.00751  	1.29566  	1.27433  	123.652  	115.631  	
-0.8983  	0.06639  	0.15075  	-0.6140  	-0.6456  	-0.2690  	1.13285  	0.20658  	0.32615  	1.44515  	1.09838  	0.90950  	-0.1892  	-0.8525  	-0.2176  	0.01090  	0.52191  	1.03006  	0.27302  	-0.2305  	-0.3907  	0.05424  	0.80793  	-0.3160  	0.08969  	0.14208  	0.57090  	-0.6763  	-0.3316  	-0.1190  	0.08331  	0.02383  	-0.4901  	0.06452  	0.04173  	0.39140  	0.10717  	0.16362  	-0.1015  	0.00607  	0.20595  	-0.0225  	0.06398  	0.25004  	0.02631  	0.01789  	-0.0775  	0.20497  	0.09068  	-0.0133  	0.01800  	0.02017  	-0.0606  	0.00092  	0.00095  	0.02134  	-0.0096  	0.04392  	0.00937  	-0.0087  	-0.0127  	0.00192  	0.04626  	0.00568  	0.21899  	0.17035  	-0.1203  	0.00453  	0.00751  	1.29566  	1.27433  	123.652  	115.631  	
-0.7225  	0.13593  	0.20078  	-0.4819  	-0.5231  	-0.2151  	1.08705  	0.26379  	0.35526  	1.38874  	1.10536  	1.03404  	-0.1706  	-0.6037  	0.26471  	-0.1591  	0.54514  	0.90814  	0.24758  	-0.2341  	-0.1435  	0.02137  	0.86446  	-0.2482  	-0.0503  	0.13567  	0.64360  	-0.8318  	-0.5134  	-0.1566  	0.12789  	0.01214  	-0.4313  	0.06988  	0.21703  	0.16734  	0.22971  	0.15502  	-0.1763  	0.00722  	0.15537  	-0.0081  	0.01584  	0.24924  	0.04362  	0.03195  	-0.0643  	0.18422  	0.06332  	0.00384  	0.02151  	0.01509  	-0.0640  	-0.0092  	-0.0035  	0.02495  	-0.0093  	0.03881  	-0.0024  	0.00043  	0.00256  	0.00132  	0.04660  	0.01111  	0.21899  	0.17035  	-0.1203  	0.00453  	0.00751  	1.29566  	1.27433  	123.652  	115.631  	
-0.3225  	0.27209  	0.53123  	-0.2766  	-0.5358  	0.10969  	1.14830  	0.40329  	0.46152  	1.43463  	0.72427  	0.97993  	0.07554  	-0.2326  	0.48693  	-0.1788  	0.55565  	0.87535  	0.21128  	-0.4103  	-0.2186  	0.17665  	0.97550  	-0.2457  	-0.0303  	0.15236  	0.66624  	-0.9878  	-0.4811  	-0.1297  	0.15322  	-0.0005  	-0.4059  	0.06397  	0.12607  	0.12756  	0.16888  	0.16114  	-0.1066  	0.01216  	0.14610  	-0.0170  	0.09123  	0.25639  	0.00746  	0.03558  	-0.0803  	0.24138  	0.10062  	-0.0041  	0.01399  	0.01399  	-0.0618  	0.00268  	-0.0053  	0.03924  	-0.0342  	0.02768  	0.00879  	-0.0078  	0.00136  	0.03316  	0.02903  	0.00833  	0.21899  	0.17035  	-0.1203  	0.00453  	0.00751  	1.29566  	1.27433  	123.652  	115.631  	
-0.4090  	0.25530  	0.43509  	-0.2904  	-0.5207  	-0.0013  	1.25307  	0.39685  	0.41161  	1.44671  	0.75592  	0.76677  	0.06559  	-0.1128  	0.45710  	-0.2770  	0.52311  	0.83557  	0.19700  	-0.4370  	-0.2345  	0.19480  	0.92681  	-0.2942  	0.13090  	0.12310  	0.77253  	-1.0042  	-0.3984  	-0.0824  	0.14856  	-0.0085  	-0.4186  	0.05334  	0.18004  	0.16177  	0.13540  	0.14084  	-0.1294  	0.01486  	0.14679  	-0.0035  	0.06993  	0.26033  	0.02259  	0.02138  	-0.0823  	0.23749  	0.11638  	-0.0051  	0.02494  	0.01277  	-0.0721  	0.00846  	-0.0041  	0.03736  	-0.0265  	0.03775  	0.00428  	-0.0110  	0.00328  	0.03395  	0.05230  	0.00292  	0.21899  	0.17035  	-0.1203  	0.00453  	0.00751  	1.29566  	1.27433  	123.652  	115.631  	
-1.0107  	0.07861  	0.07075  	-0.6701  	-0.6212  	-0.3494  	1.11996  	0.19988  	0.36665  	1.50350  	1.24294  	0.96478  	-0.1566  	-0.6273  	0.04507  	-0.1890  	0.52008  	0.96527  	0.22713  	-0.2256  	-0.1617  	-0.0184  	0.91380  	-0.2978  	-0.1078  	0.18110  	0.56832  	-0.8948  	-0.4817  	-0.1481  	0.18317  	-0.0091  	-0.4060  	0.08195  	0.10027  	0.18009  	0.15855  	0.16940  	-0.1549  	-0.0163  	0.19468  	0.00671  	0.02981  	0.22713  	0.04382  	0.04301  	-0.0616  	0.18568  	0.07066  	0.00532  	0.00425  	0.01467  	-0.0736  	0.00799  	-0.0205  	0.01290  	-0.0133  	0.04107  	0.00329  	-0.0134  	0.00219  	0.01000  	0.04745  	-0.0059  	0.21899  	0.17035  	-0.1203  	0.00453  	0.00751  	1.29566  	1.27433  	123.652  	115.631  	
-1.2734  	0.00476  	0.08833  	-0.9890  	-0.7990  	-0.4715  	1.07467  	0.25257  	0.38079  	1.54373  	1.44119  	0.94172  	-0.2303  	-0.7917  	-0.2089  	-0.2150  	0.54370  	0.99281  	0.26091  	-0.2367  	-0.2489  	0.03606  	0.99597  	-0.3403  	-0.1247  	0.17915  	0.48544  	-0.7949  	-0.3878  	-0.2131  	0.17705  	-0.0256  	-0.4060  	0.06921  	-0.0030  	0.17095  	0.13497  	0.17016  	-0.1214  	-0.0519  	0.21832  	-0.0192  	0.04826  	0.23893  	0.02808  	0.03996  	-0.0625  	0.18520  	0.07138  	-0.0034  	0.01016  	0.01192  	-0.0600  	0.00880  	-0.0056  	0.01576  	-0.0242  	0.04614  	0.00820  	-0.0042  	0.00416  	0.02103  	0.04570  	0.00715  	0.21899  	0.17035  	-0.1203  	0.00453  	0.00751  	1.29566  	1.27433  	123.652  	115.631  	
-1.1164  	0.04463  	0.14718  	-0.9651  	-0.8727  	-0.4180  	1.10262  	0.20671  	0.35424  	1.59135  	1.32675  	0.90736  	-0.1480  	-0.7861  	-0.2355  	-0.2074  	0.57589  	1.03181  	0.22990  	-0.2246  	-0.3295  	0.04127  	1.01490  	-0.3773  	-0.0385  	0.18210  	0.43853  	-0.7821  	-0.3096  	-0.2058  	0.18499  	-0.0503  	-0.4120  	0.06366  	-0.0705  	0.23892  	0.06268  	0.14885  	-0.0700  	-0.0193  	0.25436  	-0.0125  	0.06187  	0.23766  	0.03211  	0.03342  	-0.0666  	0.20364  	0.08368  	-0.0170  	0.00934  	0.01816  	-0.0658  	0.00544  	0.00109  	0.01934  	-0.0209  	0.03939  	0.01146  	-0.0107  	0.00455  	0.01710  	0.04972  	0.00906  	0.21899  	0.17035  	-0.1203  	0.00453  	0.00751  	1.29566  	1.27433  	123.652  	115.631  	
-0.8699  	0.19345  	0.23444  	-0.6984  	-0.7082  	-0.2156  	1.12096  	0.27519  	0.39532  	1.46557  	1.06144  	1.00145  	-0.0931  	-0.6138  	0.03494  	-0.1709  	0.55528  	1.02675  	0.23942  	-0.2278  	-0.2441  	0.10230  	0.99062  	-0.3661  	-0.0756  	0.17821  	0.50108  	-0.8030  	-0.3650  	-0.1718  	0.15931  	-0.0429  	-0.3873  	0.07859  	-0.0469  	0.17237  	0.09770  	0.13660  	-0.0992  	0.00701  	0.26452  	-0.0309  	0.08469  	0.25592  	0.02474  	0.04349  	-0.0700  	0.21208  	0.05817  	-0.0055  	0.00452  	0.01124  	-0.0636  	0.00628  	-0.0167  	0.02877  	-0.0253  	0.03365  	0.00737  	-0.0155  	0.00966  	0.02175  	0.02617  	0.00501  	0.21899  	0.17035  	-0.1203  	0.00453  	0.00751  	1.29566  	1.27433  	123.652  	115.631  	
-0.4528  	0.29439  	0.46148  	-0.3956  	-0.6137  	0.01883  	1.11128  	0.41767  	0.46728  	1.41224  	0.95671  	1.02504  	-0.0319  	-0.4332  	0.25597  	-0.0358  	0.54609  	0.97475  	0.25386  	-0.3008  	-0.1587  	0.10753  	0.99792  	-0.4016  	-0.1120  	0.14369  	0.47834  	-0.8529  	-0.4173  	-0.1573  	0.16011  	-0.0117  	-0.3887  	0.07234  	0.01856  	0.12368  	0.18631  	0.18712  	-0.1425  	-0.0249  	0.23677  	-0.0556  	0.12293  	0.25799  	0.01897  	0.03699  	-0.0644  	0.22281  	0.08655  	-0.0081  	0.00065  	0.00989  	-0.0560  	0.00445  	-0.0058  	0.03488  	-0.0239  	0.03631  	0.00278  	-0.0107  	0.00175  	0.03180  	0.03735  	0.00744  	0.21899  	0.17035  	-0.1203  	0.00453  	0.00751  	1.29566  	1.27433  	123.652  	115.631  	
-0.3304  	0.31938  	0.56411  	-0.3775  	-0.6871  	0.09217  	1.12151  	0.48133  	0.49279  	1.35413  	1.11662  	1.01713  	-0.0822  	-0.4193  	0.30131  	0.04383  	0.54673  	0.90748  	0.26159  	-0.3531  	0.01350  	0.12950  	1.03728  	-0.3111  	-0.0880  	0.13815  	0.60942  	-1.0316  	-0.5572  	-0.1690  	0.12158  	0.03470  	-0.3837  	0.06292  	0.13035  	0.09000  	0.31293  	0.24922  	-0.1807  	-0.0907  	0.19195  	-0.0305  	0.11887  	0.24606  	0.01395  	0.03473  	-0.0715  	0.22376  	0.09171  	-0.0071  	-0.0103  	0.01509  	-0.0526  	0.01560  	-0.0010  	0.03892  	-0.0263  	0.03775  	-0.0009  	-0.0034  	-0.0001  	0.02214  	0.04000  	0.00738  	0.21899  	0.17035  	-0.1203  	0.00453  	0.00751  	1.29566  	1.27433  	123.652  	115.631  	
-0.3363  	0.32486  	0.56152  	-0.3581  	-0.7054  	0.11031  	1.12800  	0.50732  	0.51193  	1.28595  	1.17004  	1.02862  	-0.1014  	-0.4019  	0.32124  	0.06829  	0.55526  	0.87095  	0.25926  	-0.3856  	0.08897  	0.11482  	1.05772  	-0.2680  	-0.1122  	0.12738  	0.66773  	-1.0825  	-0.6356  	-0.1836  	0.11038  	0.05378  	-0.3844  	0.06557  	0.18638  	0.06141  	0.36203  	0.26519  	-0.2099  	-0.0987  	0.17280  	-0.0289  	0.09062  	0.24650  	0.01674  	0.03541  	-0.0741  	0.22054  	0.09066  	-0.0053  	-0.0084  	0.01770  	-0.0511  	0.01943  	-0.0051  	0.04075  	-0.0307  	0.03791  	0.00149  	-0.0021  	0.00536  	0.02174  	0.04150  	0.00586  	0.21899  	0.17035  	-0.1203  	0.00453  	0.00751  	1.29566  	1.27433  	123.652  	115.631  	
-0.3380  	0.31613  	0.54337  	-0.3676  	-0.6892  	0.10119  	1.12841  	0.49248  	0.51761  	1.29461  	1.17812  	1.04139  	-0.0918  	-0.3955  	0.30178  	0.06362  	0.56584  	0.86655  	0.24130  	-0.3975  	0.06179  	0.10415  	1.06453  	-0.2532  	-0.1268  	0.13326  	0.67200  	-1.0717  	-0.6480  	-0.1789  	0.11823  	0.04878  	-0.3870  	0.06425  	0.19899  	0.05594  	0.35135  	0.25948  	-0.2137  	-0.0994  	0.16508  	-0.0249  	0.08617  	0.24122  	0.01456  	0.03646  	-0.0754  	0.21541  	0.08850  	-0.0076  	-0.0044  	0.02131  	-0.0526  	0.01709  	-0.0050  	0.04015  	-0.0325  	0.03955  	0.00332  	-0.0041  	0.00534  	0.02385  	0.04229  	0.00659  	0.21899  	0.17035  	-0.1203  	0.00453  	0.00751  	1.29566  	1.27433  	123.652  	115.631  	
-0.3381  	0.31551  	0.54291  	-0.3672  	-0.6882  	0.10139  	1.12866  	0.49210  	0.51707  	1.29499  	1.17775  	1.04082  	-0.0920  	-0.3962  	0.30191  	0.06312  	0.56642  	0.86662  	0.24098  	-0.3970  	0.06068  	0.10338  	1.06469  	-0.2529  	-0.1265  	0.13312  	0.67244  	-1.0709  	-0.6475  	-0.1786  	0.11779  	0.04878  	-0.3875  	0.06408  	0.19919  	0.05619  	0.35066  	0.25952  	-0.2136  	-0.0994  	0.16431  	-0.0248  	0.08603  	0.24121  	0.01444  	0.03652  	-0.0755  	0.21546  	0.08848  	-0.0078  	-0.0042  	0.02141  	-0.0527  	0.01693  	-0.0050  	0.04012  	-0.0323  	0.03946  	0.00325  	-0.0043  	0.00533  	0.02375  	0.04228  	0.00664  	0.21899  	0.17035  	-0.1203  	0.00453  	0.00751  	1.29566  	1.27433  	123.652  	115.631  	
-0.2834  	0.29878  	0.60105  	-0.2878  	-0.5881  	0.16209  	1.14053  	0.44678  	0.49487  	1.37530  	0.97615  	0.95857  	0.02615  	-0.3382  	0.20207  	0.02783  	0.54635  	0.90828  	0.24755  	-0.3725  	-0.1428  	0.12114  	0.95792  	-0.3291  	0.00401  	0.10904  	0.64287  	-0.9295  	-0.4813  	-0.1176  	0.11879  	0.01803  	-0.4002  	0.06490  	0.10585  	0.13165  	0.22085  	0.18417  	-0.1372  	-0.0422  	0.17352  	-0.0226  	0.11774  	0.25774  	0.01691  	0.03533  	-0.0911  	0.24058  	0.10497  	-0.0132  	0.00983  	0.01427  	-0.0574  	0.00566  	-0.0022  	0.04619  	-0.0290  	0.03227  	0.00636  	-0.0055  	0.00596  	0.01874  	0.04519  	0.00613  	0.21899  	0.17035  	-0.1203  	0.00453  	0.00751  	1.29566  	1.27433  	123.652  	115.631  	
-0.2775  	0.30293  	0.47758  	-0.3291  	-0.5025  	-0.0146  	1.24373  	0.33518  	0.45176  	1.54467  	0.78862  	0.79059  	0.05495  	-0.2120  	0.38972  	-0.2043  	0.52279  	0.91548  	0.23364  	-0.3656  	-0.2516  	0.19286  	0.87592  	-0.3148  	0.18057  	0.08020  	0.73817  	-0.9514  	-0.3050  	-0.0385  	0.10177  	-0.0040  	-0.4475  	0.06716  	0.12092  	0.21096  	0.12666  	0.14442  	-0.1056  	0.05013  	0.15432  	-0.0049  	0.08162  	0.26107  	0.01651  	0.03514  	-0.0962  	0.24964  	0.10973  	-0.0236  	0.01902  	0.01476  	-0.0589  	-0.0006  	-0.0032  	0.04262  	-0.0326  	0.03025  	0.01193  	0.00261  	0.00149  	0.01794  	0.03531  	0.00096  	0.21899  	0.17035  	-0.1203  	0.00453  	0.00751  	1.29566  	1.27433  	123.652  	115.631  	
-0.5047  	0.21889  	0.25098  	-0.2013  	-0.4990  	-0.0908  	1.14739  	0.31783  	0.42492  	1.40917  	0.89125  	0.97599  	-0.0210  	-0.3676  	0.40174  	-0.1328  	0.55627  	0.85461  	0.23000  	-0.2972  	-0.1981  	0.21553  	0.94856  	-0.2588  	0.05998  	0.14021  	0.77555  	-0.8917  	-0.4186  	-0.0423  	0.11992  	0.01022  	-0.4224  	0.08525  	0.16027  	0.18141  	0.14811  	0.12419  	-0.1513  	0.01526  	0.10113  	0.00446  	0.03690  	0.24863  	0.02634  	0.03883  	-0.0766  	0.23561  	0.08565  	-0.0037  	0.01283  	0.01700  	-0.0576  	-5.6117  	-0.0168  	0.03648  	-0.0282  	0.03315  	0.01605  	-0.0114  	0.00170  	0.00836  	0.00813  	-0.0039  	0.21899  	0.17035  	-0.1203  	0.00453  	0.00751  	1.29566  	1.27433  	123.652  	115.631  	
-0.4490  	0.23240  	0.30647  	-0.2181  	-0.5184  	0.02170  	1.14067  	0.33453  	0.37748  	1.39297  	0.74322  	0.97338  	0.04353  	-0.3538  	0.47313  	-0.1323  	0.54304  	0.88089  	0.26016  	-0.4115  	-0.2249  	0.15042  	1.00434  	-0.3184  	-0.0225  	0.14571  	0.70528  	-0.9682  	-0.3656  	-0.0853  	0.11551  	0.01107  	-0.4260  	0.05750  	0.13784  	0.15973  	0.11788  	0.16050  	-0.1290  	0.01956  	0.15493  	-0.0006  	0.08354  	0.28055  	0.02436  	0.03285  	-0.0844  	0.23018  	0.09863  	-0.0173  	0.01704  	0.02144  	-0.0620  	-0.0011  	0.00493  	0.04185  	-0.0373  	0.02659  	0.00390  	-0.0100  	0.00928  	0.02718  	0.03454  	0.00238  	0.21899  	0.17035  	-0.1203  	0.00453  	0.00751  	1.29566  	1.27433  	123.652  	115.631  	
-0.4647  	0.20273  	0.43922  	-0.2083  	-0.4756  	0.01581  	1.17509  	0.29962  	0.41765  	1.39098  	0.87956  	0.94311  	-0.0967  	-0.5654  	0.25962  	0.00625  	0.54880  	0.97579  	0.24426  	-0.2665  	-0.2711  	0.10072  	0.86300  	-0.3042  	0.03227  	0.11768  	0.58614  	-0.8205  	-0.3456  	-0.1103  	0.07865  	0.03093  	-0.4460  	0.07580  	0.11400  	0.22708  	0.14711  	0.16665  	-0.1265  	0.01059  	0.16957  	-0.0010  	0.07634  	0.25027  	0.02012  	0.03538  	-0.0972  	0.21852  	0.10231  	-0.0086  	0.01433  	0.01619  	-0.0580  	0.01080  	0.00151  	0.04397  	-0.0165  	0.03352  	0.00922  	-0.0053  	-0.0034  	0.01521  	0.04051  	0.00571  	0.21899  	0.17035  	-0.1203  	0.00453  	0.00751  	1.29566  	1.27433  	123.652  	115.631  	
-0.5246  	0.14819  	0.39460  	-0.3669  	-0.5607  	-0.0198  	1.15622  	0.19884  	0.36116  	1.48506  	0.99783  	0.96573  	-0.1197  	-0.7372  	-0.1096  	0.07158  	0.46968  	1.02112  	0.27347  	-0.1893  	-0.3733  	0.08619  	0.77407  	-0.3565  	0.10071  	0.09822  	0.58879  	-0.6893  	-0.2931  	-0.0922  	0.08550  	0.03676  	-0.4652  	0.06899  	0.05978  	0.34285  	0.09444  	0.16127  	-0.1009  	0.02069  	0.23127  	-0.0174  	0.09271  	0.25818  	0.03122  	0.02336  	-0.0811  	0.22647  	0.10198  	-0.0257  	0.02289  	0.01432  	-0.0580  	-0.0002  	0.00191  	0.02638  	-0.0103  	0.04114  	0.00948  	-0.0083  	-0.0083  	-0.0069  	0.05474  	0.00450  	0.21899  	0.17035  	-0.1203  	0.00453  	0.00751  	1.29566  	1.27433  	123.652  	115.631  	
-0.6898  	0.14909  	0.28104  	-0.3386  	-0.5411  	-0.0512  	1.14400  	0.16749  	0.33164  	1.43896  	0.94557  	0.96766  	-0.1989  	-0.7412  	-0.1019  	0.01168  	0.50581  	0.98029  	0.25645  	-0.2063  	-0.4086  	0.11162  	0.78554  	-0.3143  	0.14198  	0.12908  	0.60356  	-0.6406  	-0.2506  	-0.0476  	0.06111  	0.04017  	-0.4744  	0.07554  	0.04154  	0.36248  	0.06421  	0.14873  	-0.0805  	0.03930  	0.18417  	-0.0178  	0.07212  	0.25627  	0.03431  	0.03547  	-0.0931  	0.21249  	0.09322  	-0.0243  	0.03523  	0.01491  	-0.0568  	-0.0040  	-0.0005  	0.02895  	-0.0091  	0.04731  	0.01094  	-0.0053  	-0.0084  	-0.0052  	0.05304  	0.00710  	0.21899  	0.17035  	-0.1203  	0.00453  	0.00751  	1.29566  	1.27433  	123.652  	115.631  	
-0.5590  	0.18506  	0.24410  	-0.1494  	-0.4606  	-0.0716  	1.14544  	0.28094  	0.38270  	1.37025  	0.88717  	1.07197  	-0.0781  	-0.4458  	0.28472  	-0.0905  	0.53030  	0.90002  	0.22399  	-0.3023  	-0.3122  	0.16123  	0.91313  	-0.3109  	0.03413  	0.12788  	0.63350  	-0.7442  	-0.3209  	-0.0717  	0.07260  	0.01145  	-0.4371  	0.08162  	0.09840  	0.20675  	0.06481  	0.15647  	-0.1136  	0.03109  	0.15131  	-0.0097  	0.08493  	0.26848  	0.02564  	0.02662  	-0.0665  	0.21236  	0.09649  	-0.0334  	0.01832  	0.01802  	-0.0609  	0.00290  	-0.0093  	0.02979  	-0.0189  	0.03483  	0.02302  	-0.0111  	-0.0148  	0.01079  	0.03484  	0.00169  	0.21899  	0.17035  	-0.1203  	0.00453  	0.00751  	1.29566  	1.27433  	123.652  	115.631  	
-0.3207  	0.27718  	0.42677  	-0.1227  	-0.4224  	0.02426  	1.16050  	0.39371  	0.42315  	1.39059  	0.73877  	0.94071  	0.08714  	-0.2299  	0.47166  	-0.1763  	0.53521  	0.90012  	0.24372  	-0.4202  	-0.3086  	0.20549  	0.94116  	-0.2974  	0.06867  	0.11632  	0.72289  	-0.9495  	-0.3547  	-0.0489  	0.13706  	-0.0009  	-0.4101  	0.07665  	0.14306  	0.17755  	0.09271  	0.14863  	-0.1232  	0.03066  	0.14586  	-0.0159  	0.08366  	0.26971  	0.01399  	0.02988  	-0.0693  	0.24510  	0.10510  	-0.0142  	0.00862  	0.01768  	-0.0545  	0.01192  	-0.0061  	0.03504  	-0.0325  	0.03670  	0.00358  	0.00125  	0.00192  	0.02102  	0.03532  	-0.0037  	0.21899  	0.17035  	-0.1203  	0.00453  	0.00751  	1.29566  	1.27433  	123.652  	115.631  	
-0.6193  	0.23123  	0.29938  	-0.3451  	-0.5240  	-0.1264  	1.11899  	0.33434  	0.37790  	1.43319  	0.95892  	0.94478  	-0.0823  	-0.5364  	0.31472  	-0.1373  	0.57253  	0.85892  	0.29333  	-0.4374  	-0.1284  	0.13864  	1.03056  	-0.2479  	-0.0513  	0.16482  	0.69398  	-1.0432  	-0.4851  	-0.1766  	0.12487  	0.01563  	-0.4463  	0.06073  	0.13388  	0.15973  	0.21351  	0.19067  	-0.2015  	-0.0105  	0.15824  	0.00138  	0.08570  	0.24096  	0.01982  	0.03604  	-0.0693  	0.21714  	0.08740  	-0.0147  	-0.0125  	0.02487  	-0.0675  	0.00786  	0.00243  	0.02056  	-0.0204  	0.03341  	0.00755  	-0.0107  	0.00513  	0.01947  	0.04032  	0.00088  	0.21899  	0.17035  	-0.1203  	0.00453  	0.00751  	1.29566  	1.27433  	123.652  	115.631  	
-0.7221  	0.13747  	0.33595  	-0.6977  	-0.7108  	-0.0901  	1.07881  	0.16650  	0.38590  	1.40599  	1.14188  	0.93494  	-0.2149  	-0.8760  	-0.1059  	0.00889  	0.58229  	0.96615  	0.30559  	-0.3101  	-0.2138  	0.05935  	1.03392  	-0.3290  	-0.0523  	0.16475  	0.57453  	-0.8319  	-0.4168  	-0.1931  	0.11051  	0.00848  	-0.4378  	0.05809  	0.03722  	0.26994  	0.18188  	0.18403  	-0.1508  	-0.0029  	0.24698  	-0.0178  	0.06976  	0.26187  	0.03391  	0.04653  	-0.0610  	0.20872  	0.08050  	-0.0003  	0.01291  	0.02470  	-0.0534  	0.00752  	-0.0013  	0.02094  	-0.0241  	0.04350  	0.00778  	-0.0124  	0.00685  	-0.0027  	0.04545  	0.00861  	0.21899  	0.17035  	-0.1203  	0.00453  	0.00751  	1.29566  	1.27433  	123.652  	115.631  	
-0.6870  	0.14251  	0.39018  	-0.6215  	-0.7148  	-0.1573  	1.11873  	0.21874  	0.38254  	1.54535  	1.16739  	1.00582  	-0.2067  	-0.8761  	-0.2161  	0.12131  	0.50533  	1.05301  	0.28163  	-0.1952  	-0.4204  	0.03190  	0.85177  	-0.4287  	-0.0211  	0.14722  	0.45823  	-0.6867  	-0.3063  	-0.1697  	0.10863  	0.02356  	-0.4399  	0.07573  	0.01733  	0.33014  	0.07770  	0.17501  	-0.1010  	0.00644  	0.26970  	-0.0189  	0.10321  	0.25091  	0.01714  	0.03066  	-0.0718  	0.21798  	0.09403  	-0.0024  	0.02022  	0.01305  	-0.0544  	0.01267  	0.00791  	0.02872  	-0.0161  	0.03335  	-0.0013  	-0.0096  	5.99324  	0.01227  	0.04907  	0.00809  	0.21899  	0.17035  	-0.1203  	0.00453  	0.00751  	1.29566  	1.27433  	123.652  	115.631  	
-0.8254  	0.14329  	0.34289  	-0.7467  	-0.7969  	-0.2439  	1.12492  	0.18013  	0.34735  	1.58109  	1.12367  	0.89642  	-0.2192  	-0.8662  	-0.2790  	0.04615  	0.48626  	1.04505  	0.24587  	-0.2264  	-0.4145  	0.03611  	0.88439  	-0.4546  	-0.0253  	0.17160  	0.45071  	-0.6662  	-0.2634  	-0.1646  	0.13789  	0.03144  	-0.4481  	0.08085  	-0.0336  	0.33860  	0.05344  	0.15609  	-0.1021  	0.00344  	0.27134  	-0.0316  	0.11673  	0.26599  	0.03332  	0.02188  	-0.0732  	0.19992  	0.09538  	-0.0159  	0.01548  	0.00693  	-0.0534  	0.00900  	0.00995  	0.01800  	-0.0158  	0.03657  	0.00304  	-0.0128  	-0.0053  	0.01366  	0.05741  	0.01450  	0.21899  	0.17035  	-0.1203  	0.00453  	0.00751  	1.29566  	1.27433  	123.652  	115.631  	
-1.2188  	0.08456  	0.11072  	-0.8493  	-0.7238  	-0.4517  	1.13684  	0.11507  	0.30468  	1.59393  	1.25505  	0.96535  	-0.2289  	-0.7964  	-0.3111  	-0.0948  	0.54524  	1.00231  	0.25525  	-0.2083  	-0.3813  	0.05413  	0.92667  	-0.3569  	0.01828  	0.17691  	0.46753  	-0.6886  	-0.3084  	-0.1451  	0.14779  	-0.0341  	-0.4429  	0.07837  	-0.0319  	0.34762  	0.03930  	0.11985  	-0.1221  	-0.0286  	0.25162  	0.00715  	0.04159  	0.23265  	0.03282  	0.02542  	-0.0774  	0.19272  	0.07437  	-0.0006  	0.01996  	0.02247  	-0.0582  	0.00376  	-0.0028  	0.02966  	-0.0205  	0.03258  	0.01262  	-0.0038  	0.00586  	0.03230  	0.04648  	0.00441  	0.21899  	0.17035  	-0.1203  	0.00453  	0.00751  	1.29566  	1.27433  	123.652  	115.631  	
-1.2911  	0.01351  	0.03984  	-0.9381  	-0.7348  	-0.4360  	1.07038  	0.17572  	0.35666  	1.53876  	1.31798  	0.92259  	-0.1953  	-0.7252  	-0.1600  	-0.2556  	0.57307  	0.94820  	0.25404  	-0.2837  	-0.2239  	-0.0014  	0.99213  	-0.3069  	-0.0643  	0.19008  	0.51925  	-0.8019  	-0.3521  	-0.1512  	0.16368  	-0.0386  	-0.4259  	0.07667  	0.02273  	0.20817  	0.12391  	0.13316  	-0.1305  	-0.0569  	0.21251  	-0.0073  	0.02928  	0.22683  	0.04270  	0.03642  	-0.0727  	0.17952  	0.07409  	-0.0080  	0.00289  	0.01026  	-0.0579  	0.01044  	-0.0083  	0.02827  	-0.0243  	0.04155  	0.00908  	-0.0091  	0.00724  	0.02204  	0.03627  	-0.0016  	0.21899  	0.17035  	-0.1203  	0.00453  	0.00751  	1.29566  	1.27433  	123.652  	115.631  	
-0.9963  	0.14229  	0.15153  	-0.7765  	-0.7648  	-0.3674  	1.06523  	0.39721  	0.40364  	1.48963  	1.31593  	1.00416  	-0.1559  	-0.6495  	-0.1300  	-0.1963  	0.53677  	0.97764  	0.25734  	-0.1915  	-0.1752  	0.05520  	0.96606  	-0.3312  	-0.1105  	0.16590  	0.46948  	-0.8003  	-0.3582  	-0.1838  	0.14712  	-0.0534  	-0.4312  	0.05906  	0.00619  	0.19815  	0.09729  	0.13643  	-0.0765  	-0.0236  	0.21282  	-0.0044  	0.03767  	0.21457  	0.01389  	0.04716  	-0.0654  	0.18477  	0.09019  	-0.0182  	0.01464  	0.01401  	-0.0647  	0.00232  	-0.0114  	0.02614  	-0.0273  	0.04041  	0.01412  	-0.0068  	0.00160  	0.01424  	0.03117  	-0.0072  	0.21899  	0.17035  	-0.1203  	0.00453  	0.00751  	1.29566  	1.27433  	123.652  	115.631  	
-0.9939  	0.16004  	0.17140  	-0.7874  	-0.7839  	-0.2685  	1.08564  	0.30632  	0.39003  	1.52648  	1.14066  	0.95091  	-0.0759  	-0.6300  	-0.0690  	-0.2176  	0.53148  	1.02045  	0.23666  	-0.2133  	-0.2539  	0.07804  	0.97107  	-0.3693  	-0.0497  	0.16885  	0.48068  	-0.7369  	-0.2802  	-0.1751  	0.16869  	-0.0546  	-0.4197  	0.06373  	-0.0506  	0.21605  	0.03378  	0.11028  	-0.0675  	0.01417  	0.22809  	-0.0218  	0.06627  	0.24181  	0.02732  	0.03553  	-0.0759  	0.20132  	0.08735  	-0.0159  	0.02556  	0.01133  	-0.0640  	0.00533  	-0.0064  	0.02705  	-0.0093  	0.03809  	0.01214  	-0.0135  	0.00095  	0.01740  	0.03235  	0.00550  	0.21899  	0.17035  	-0.1203  	0.00453  	0.00751  	1.29566  	1.27433  	123.652  	115.631  	
-0.7119  	0.20720  	0.29753  	-0.3663  	-0.5943  	-0.0627  	1.11111  	0.34467  	0.42016  	1.35113  	0.86228  	1.03918  	-0.0468  	-0.5461  	0.23440  	-0.1221  	0.55152  	1.01563  	0.24209  	-0.2538  	-0.2844  	0.11084  	0.96543  	-0.4158  	-0.0104  	0.16900  	0.49295  	-0.7068  	-0.2580  	-0.1380  	0.13938  	-0.0324  	-0.4192  	0.08200  	-0.0174  	0.18056  	0.03852  	0.14857  	-0.0679  	0.01861  	0.24388  	-0.0599  	0.09809  	0.25131  	0.01415  	0.02394  	-0.0692  	0.24262  	0.09453  	-0.0193  	0.02547  	0.01832  	-0.0561  	0.00203  	0.00159  	0.03679  	-0.0190  	0.03278  	0.01697  	-0.0055  	0.00209  	0.01340  	0.03070  	0.00689  	0.21899  	0.17035  	-0.1203  	0.00453  	0.00751  	1.29566  	1.27433  	123.652  	115.631  	
-0.5519  	0.23496  	0.39295  	-0.3404  	-0.5812  	0.01766  	1.09808  	0.34725  	0.42767  	1.37253  	0.90982  	1.02003  	-0.0457  	-0.5528  	0.22364  	-0.0569  	0.54971  	0.97435  	0.24031  	-0.2326  	-0.2095  	0.09134  	0.93470  	-0.3930  	-0.0287  	0.14755  	0.48868  	-0.7857  	-0.3521  	-0.1528  	0.14105  	-0.0112  	-0.4001  	0.07840  	0.03529  	0.16297  	0.11198  	0.18089  	-0.0774  	-0.0036  	0.23247  	-0.0478  	0.10966  	0.26283  	0.02408  	0.03243  	-0.0735  	0.22963  	0.08404  	-0.0177  	0.01895  	0.01569  	-0.0544  	0.00188  	-0.0017  	0.03724  	-0.0152  	0.03639  	0.00996  	-0.0140  	-0.0004  	0.01380  	0.03401  	0.01003  	0.21899  	0.17035  	-0.1203  	0.00453  	0.00751  	1.29566  	1.27433  	123.652  	115.631  	
-0.4324  	0.30134  	0.47830  	-0.3481  	-0.6012  	0.07771  	1.11312  	0.44700  	0.46988  	1.35987  	0.99401  	0.98982  	-0.0908  	-0.4517  	0.34207  	-0.0247  	0.55254  	0.90156  	0.24904  	-0.3570  	-0.0621  	0.12772  	1.01636  	-0.2742  	-0.0716  	0.13029  	0.64838  	-0.9874  	-0.4862  	-0.1737  	0.11685  	0.03207  	-0.4049  	0.06270  	0.12613  	0.11398  	0.26075  	0.22527  	-0.1671  	-0.0242  	0.20870  	-0.0335  	0.08496  	0.26288  	0.00965  	0.03597  	-0.0743  	0.21434  	0.08584  	-0.0048  	0.00309  	0.01573  	-0.0542  	0.01100  	-0.0018  	0.03983  	-0.0227  	0.03658  	0.01081  	-0.0040  	0.00533  	0.02898  	0.04002  	0.00326  	0.21899  	0.17035  	-0.1203  	0.00453  	0.00751  	1.29566  	1.27433  	123.652  	115.631  	
-0.4038  	0.30638  	0.52711  	-0.3229  	-0.6573  	0.02455  	1.07147  	0.51187  	0.45753  	1.30736  	1.08905  	0.99420  	-0.0451  	-0.5049  	0.42347  	-0.0578  	0.65010  	0.73235  	0.30992  	-0.6163  	0.09126  	-0.1170  	0.76383  	-0.2728  	-0.1372  	0.22960  	0.64938  	-1.1377  	-0.4811  	-0.1986  	0.23630  	-0.0126  	-0.4908  	-0.1011  	0.09656  	0.05981  	0.21709  	0.24282  	-0.3138  	-0.1508  	0.26226  	0.10503  	-0.0482  	0.33199  	-0.0433  	0.05798  	-0.0982  	0.22323  	0.06817  	-0.0128  	0.00673  	0.02151  	-0.0527  	0.03153  	0.00307  	0.03925  	-0.0270  	0.02758  	0.00993  	0.00240  	0.00926  	0.02450  	0.02504  	0.00459  	0.21899  	0.17035  	-0.1203  	0.00453  	0.00751  	1.29566  	1.27433  	123.652  	115.631  	
-0.3644  	0.33900  	0.59843  	-0.3082  	-0.6830  	0.04592  	1.05624  	0.60341  	0.47464  	1.22422  	1.16203  	1.03329  	-0.0057  	-0.5037  	0.46942  	-0.0697  	0.73152  	0.57021  	0.38738  	-0.8679  	0.21555  	-0.2989  	0.58922  	-0.2537  	-0.2200  	0.30895  	0.67370  	-1.2626  	-0.4923  	-0.2148  	0.32908  	-0.0359  	-0.5646  	-0.2341  	0.08600  	0.00385  	0.19974  	0.25279  	-0.4338  	-0.2437  	0.29834  	0.21165  	-0.1352  	0.38721  	-0.0867  	0.07411  	-0.1193  	0.24398  	0.05825  	-0.0255  	0.00267  	0.02604  	-0.0528  	0.04534  	0.00707  	0.03882  	-0.0333  	0.01789  	0.00313  	0.00973  	0.01458  	0.01777  	0.01085  	0.00497  	0.21899  	0.17035  	-0.1203  	0.00453  	0.00751  	1.29566  	1.27433  	123.652  	115.631  	
-0.3448  	0.35454  	0.62164  	-0.3329  	-0.6867  	0.03097  	1.05688  	0.60796  	0.47369  	1.22812  	1.20547  	1.06745  	0.00273  	-0.5004  	0.43005  	-0.0688  	0.74688  	0.53578  	0.39262  	-0.9315  	0.21697  	-0.3520  	0.55020  	-0.2513  	-0.2594  	0.33610  	0.66261  	-1.2635  	-0.4845  	-0.2251  	0.35700  	-0.0522  	-0.5793  	-0.2680  	0.07192  	-0.0036  	0.17729  	0.25186  	-0.4538  	-0.2680  	0.32169  	0.23904  	-0.1501  	0.39778  	-0.1034  	0.07656  	-0.1226  	0.25400  	0.05608  	-0.0278  	0.00683  	0.03044  	-0.0510  	0.05024  	0.00700  	0.03801  	-0.0364  	0.01661  	0.00440  	0.01255  	0.01443  	0.01743  	0.00824  	0.00635  	0.21899  	0.17035  	-0.1203  	0.00453  	0.00751  	1.29566  	1.27433  	123.652  	115.631  	
-0.3330  	0.34408  	0.61621  	-0.3284  	-0.6737  	0.05120  	1.06633  	0.60066  	0.47941  	1.24726  	1.20705  	1.07275  	-0.0037  	-0.4904  	0.41081  	-0.0465  	0.73484  	0.56465  	0.37189  	-0.8756  	0.19107  	-0.3093  	0.60593  	-0.2482  	-0.2509  	0.31652  	0.66650  	-1.2403  	-0.5018  	-0.2155  	0.33004  	-0.0399  	-0.5589  	-0.2332  	0.08159  	0.00475  	0.19236  	0.25611  	-0.4245  	-0.2518  	0.30074  	0.21356  	-0.1267  	0.38430  	-0.0925  	0.07349  	-0.1188  	0.24964  	0.06025  	-0.0294  	0.00699  	0.03023  	-0.0504  	0.04724  	0.00628  	0.03756  	-0.0369  	0.01892  	0.00439  	0.01150  	0.01381  	0.01794  	0.01283  	0.00759  	0.21899  	0.17035  	-0.1203  	0.00453  	0.00751  	1.29566  	1.27433  	123.652  	115.631  	
-0.3353  	0.33138  	0.58363  	-0.3456  	-0.6801  	0.07351  	1.09403  	0.55241  	0.49615  	1.26848  	1.19403  	1.05856  	-0.0429  	-0.4485  	0.36241  	0.00218  	0.65999  	0.69886  	0.31371  	-0.6629  	0.13312  	-0.1259  	0.80982  	-0.2503  	-0.1956  	0.23501  	0.66914  	-1.1650  	-0.5666  	-0.1991  	0.23571  	-0.0005  	-0.4827  	-0.1011  	0.13386  	0.02761  	0.26271  	0.25762  	-0.3308  	-0.1841  	0.24010  	0.10762  	-0.0322  	0.32070  	-0.0450  	0.05706  	-0.0996  	0.23445  	0.07279  	-0.0198  	0.00200  	0.02631  	-0.0514  	0.03377  	0.00127  	0.03869  	-0.0349  	0.02805  	0.00388  	0.00445  	0.01004  	0.02052  	0.02592  	0.00717  	0.21899  	0.17035  	-0.1203  	0.00453  	0.00751  	1.29566  	1.27433  	123.652  	115.631  	
-0.3381  	0.31551  	0.54291  	-0.3672  	-0.6882  	0.10139  	1.12866  	0.49210  	0.51707  	1.29499  	1.17775  	1.04082  	-0.0920  	-0.3962  	0.30191  	0.06312  	0.56642  	0.86662  	0.24098  	-0.3970  	0.06068  	0.10338  	1.06469  	-0.2529  	-0.1265  	0.13312  	0.67244  	-1.0709  	-0.6475  	-0.1786  	0.11779  	0.04878  	-0.3875  	0.06408  	0.19919  	0.05619  	0.35066  	0.25952  	-0.2136  	-0.0994  	0.16431  	-0.0248  	0.08603  	0.24121  	0.01444  	0.03652  	-0.0755  	0.21546  	0.08848  	-0.0078  	-0.0042  	0.02141  	-0.0527  	0.01693  	-0.0050  	0.04012  	-0.0323  	0.03946  	0.00325  	-0.0043  	0.00533  	0.02375  	0.04228  	0.00664  	0.21899  	0.17035  	-0.1203  	0.00453  	0.00751  	1.29566  	1.27433  	123.652  	115.631  	
-0.3381  	0.31551  	0.54291  	-0.3672  	-0.6882  	0.10139  	1.12866  	0.49210  	0.51707  	1.29499  	1.17775  	1.04082  	-0.0920  	-0.3962  	0.30191  	0.06312  	0.56642  	0.86662  	0.24098  	-0.3970  	0.06068  	0.10338  	1.06469  	-0.2529  	-0.1265  	0.13312  	0.67244  	-1.0709  	-0.6475  	-0.1786  	0.11779  	0.04878  	-0.3875  	0.06408  	0.19919  	0.05619  	0.35066  	0.25952  	-0.2136  	-0.0994  	0.16431  	-0.0248  	0.08603  	0.24121  	0.01444  	0.03652  	-0.0755  	0.21546  	0.08848  	-0.0078  	-0.0042  	0.02141  	-0.0527  	0.01693  	-0.0050  	0.04012  	-0.0323  	0.03946  	0.00325  	-0.0043  	0.00533  	0.02375  	0.04228  	0.00664  	0.21899  	0.17035  	-0.1203  	0.00453  	0.00751  	1.29566  	1.27433  	123.652  	115.631  	
